point_id,prov,tier,shrub_type,conf,p_shrub,ndvi_amp,dem,stratum,src,lon,lat,note
SH-四川-FCS10-0021,四川,T1_目视确认,待判,低,,0.262,4085.0,FCS10,FCS10灌丛层,98.50790658362055,29.407967793163948,判读：是/低；细碎绿斑点状丛簇；振幅中等
SH-四川-FCS10-0023,四川,T1_目视确认,常绿,中,,0.136,4609.0,FCS10,FCS10灌丛层,98.80048787165828,29.56122038063474,判读：是/中；深绿密被团簇，无冠层形
SH-四川-FCS10-0004,四川,T1_目视确认,待判,中,,0.163,4435.0,FCS10,FCS10灌丛层,99.3718163923583,30.68483313801144,判读：是/中；深绿团簇无树冠；振幅中等
SH-四川-FCS10-0042,四川,T1_目视确认,常绿,低,,-0.04,2924.0,FCS10,FCS10灌丛层,101.08086122039568,29.69300323281508,判读：是/低；深绿密被夹亮斑，无树冠
SH-四川-FCS10-0001,四川,T1_目视确认,落叶,中,,0.573,3600.0,FCS10,FCS10灌丛层,102.3564689238454,33.27782020562244,判读：是/中；深绿细碎团簇，无树冠树影
SH-四川-FCS10-0057,四川,T1_目视确认,待判,中,,0.281,2170.0,FCS10,FCS10灌丛层,102.6044039422624,27.69434155717755,判读：是/中；深绿丛簇间裸土；振幅中等
SH-四川-FCS10-0020,四川,T1_目视确认,落叶,中,,0.519,3865.0,FCS10,FCS10灌丛层,103.75577464191838,32.7250868113037,判读：是/中；橄榄色团簇夹裸斑，无树冠
SH-四川-FCS10-0026,四川,T1_目视确认,落叶,低,,0.597,1955.0,FCS10,FCS10灌丛层,104.54683108111404,33.92343940031914,判读：是/低；深绿细碎纹理，无树冠形
SH-四川-FCS10-0058,四川,T1_目视确认,待判,低,,0.295,740.0,FCS10,FCS10灌丛层,107.11583313063905,33.29569667977642,判读：是/低；绿被细碎团簇；振幅中等
SH-四川-L3-0230,四川,T1_目视确认,常绿,中,,-0.118,4042.0,L3,GEE多源,97.91729286672512,29.5778222157812,判读：是/中；深绿丛簇密布，间草
SH-四川-L3-0136,四川,T1_目视确认,常绿,低,,-0.023,4143.0,L3,GEE多源,100.27828701469416,29.68385198200336,判读：是/低；深绿细碎丛簇，无树冠
SH-四川-L3-0169,四川,T1_目视确认,落叶,低,,0.39,1722.0,L3,GEE多源,105.07877508582666,27.22286646615211,判读：是/低；绿被细碎团簇，间裸斑
SH-四川-L4-0140,四川,T1_目视确认,落叶,低,,0.317,296.0,L4,GEE多源,105.08558639085844,28.7331500378893,判读：是/低；深绿密被细碎，无树冠
SH-四川-L4-0147,四川,T1_目视确认,待判,低,,0.21,727.0,L4,GEE多源,108.965823334684,28.328135828718125,判读：是/低；绿被团簇夹裸斑；振幅中等
SH-四川-OSM-0059,四川,T1_目视确认,落叶,低,,0.38,3759.0,OSM,OSM,102.8662166,31.0051543,判读：是/低；河床滩地深绿植被团
SH-四川-OSM-0105,四川,T1_目视确认,待判,低,,0.212,3018.0,OSM,OSM,103.0381188,27.9323452,"判读：是/低；沟谷深绿密被,团簇可辨"
SH-四川-OSM-0024,四川,T1_目视确认,落叶,低,,0.347,383.0,OSM,OSM,105.5075744,28.6952846,"判读：是/低；致密深绿细碎纹理,无树冠"
SH-四川-OSM-0058,四川,T1_目视确认,落叶,低,,0.546,368.0,OSM,OSM,105.5181303,28.6977632,判读：是/低；致密均质绿被细碎纹理
SH-宁夏-FCS10-0035,宁夏,T1_目视确认,常绿,低,,0.111,1199.0,FCS10,FCS10灌丛层,104.11231597818542,39.99641004708075,判读：是/低；沙丘间深绿植被+盐霜
SH-宁夏-FCS10-0031,宁夏,T1_目视确认,常绿,中,,0.013,1261.0,FCS10,FCS10灌丛层,105.26997488483023,39.00736491926516,判读：是/中；深绿细碎灌点高覆盖
SH-宁夏-FCS10-0047,宁夏,T1_目视确认,常绿,中,,-0.009,1471.0,FCS10,FCS10灌丛层,105.53919997548088,37.90037099464468,判读：是/中；密集深绿灌点(荒漠灌丛)
SH-宁夏-FCS10-0023,宁夏,T1_目视确认,常绿,低,,0.008,1378.0,FCS10,FCS10灌丛层,107.14359107291834,38.544103727244725,判读：是/低；裸沙间深绿灌点成片
SH-宁夏-FCS10-0013,宁夏,T1_目视确认,常绿,中,,0.05,1485.0,FCS10,FCS10灌丛层,107.1952442017552,38.24209012872374,判读：是/中；沙地深绿灌点密布
SH-宁夏-FCS10-0049,宁夏,T1_目视确认,落叶,低,,0.59,1253.0,FCS10,FCS10灌丛层,107.55106688579497,35.16634842742691,"判读：是/低；深绿团簇密被,无树冠"
SH-宁夏-L3-0077,宁夏,T1_目视确认,常绿,低,,0.065,2244.0,L3,GEE多源,105.87037879856383,38.74107237388521,判读：是/低；细碎点状深绿丛簇（近裸）
SH-宁夏-L3-0120,宁夏,T1_目视确认,待判,低,,0.194,1603.0,L3,GEE多源,107.16224099575037,36.34319825475234,判读：是/低；沟坡暗绿灌丛斑块
SH-宁夏-L3-0113,宁夏,T1_目视确认,常绿,中,,0.109,1355.0,L3,GEE多源,107.64432607745808,38.49642540221324,判读：是/中；沙地深绿丛簇密布
SH-宁夏-L3-0116,宁夏,T1_目视确认,待判,低,,0.157,1554.0,L3,GEE多源,107.74448947651382,37.097379842830286,判读：是/低；绿/裸斑驳丛簇，振幅中等
SH-宁夏-L3-0101,宁夏,T1_目视确认,常绿,中,,0.099,1392.0,L3,GEE多源,107.75017717190596,38.49751384386393,判读：是/中；暗绿丛簇，含少量裸土
SH-宁夏-L3-0099,宁夏,T1_目视确认,常绿,中,,0.068,1392.0,L3,GEE多源,107.79730582605669,39.10847822076894,判读：是/中；深绿丛簇+裸土斑
SH-宁夏-L3-0055,宁夏,T1_目视确认,常绿,中,,0.084,1376.0,L3,GEE多源,107.82195920614784,38.661572157534266,判读：是/中；沙地密布深绿丛簇
SH-福建-FCS10-0042,福建,T1_目视确认,待判,低,,0.172,452.0,FCS10,FCS10灌丛层,115.58227502040872,25.04287416457037,判读：是/低；淡绿细斑 灌草难分
SH-福建-FCS10-0023,福建,T1_目视确认,常绿,中,,0.062,199.0,FCS10,FCS10灌丛层,115.83128801716664,24.16791507783796,判读：是/中；暗绿丛簇斑块（低矮密被）
SH-福建-FCS10-0046,福建,T1_目视确认,常绿,低,,0.024,429.0,FCS10,FCS10灌丛层,116.19492604417822,24.08455141947167,判读：是/低；坡地绿被 弱丛簇
SH-福建-FCS10-0056,福建,T1_目视确认,常绿,低,,0.083,484.0,FCS10,FCS10灌丛层,117.08551581685433,26.53856911262937,判读：是/低；黄绿坡微丛簇
SH-福建-FCS10-0031,福建,T1_目视确认,待判,低,,0.214,866.0,FCS10,FCS10灌丛层,117.87414680478284,26.13845948508254,判读：是/低；绿被斑块+裸斑，振幅中等
SH-福建-FCS10-0041,福建,T1_目视确认,常绿,低,,0.045,141.0,FCS10,FCS10灌丛层,117.9399933151088,26.49500082134957,判读：是/低；低绿丛簇 紧邻土路
SH-福建-FCS10-0029,福建,T1_目视确认,常绿,中,,0.003,482.0,FCS10,FCS10灌丛层,118.21415913982209,24.95537825589713,判读：是/中；低矮绿被丛簇含作业道
SH-福建-FCS10-0035,福建,T1_目视确认,常绿,中,,-0.06,875.0,FCS10,FCS10灌丛层,118.72799548233844,27.748060811167896,判读：是/中；细碎丛簇纹理 无树冠
SH-福建-FCS10-0024,福建,T1_目视确认,常绿,中,,0.047,288.0,FCS10,FCS10灌丛层,118.74398549439576,26.10073024314952,判读：是/中；低矮绿被丛簇含裸斑
SH-福建-FCS10-0017,福建,T1_目视确认,常绿,低,,0.051,925.0,FCS10,FCS10灌丛层,119.29303579604962,27.33582392728545,判读：是/低；亮绿均质低被（灌草难分）
SH-福建-FCS10-0028,福建,T1_目视确认,常绿,低,,-0.021,305.0,FCS10,FCS10灌丛层,119.34657538698316,26.944517789522987,判读：是/低；细密等高纹绿被（灌/园难分）
SH-福建-FCS10-0007,福建,T1_目视确认,常绿,低,,0.008,962.0,FCS10,FCS10灌丛层,119.50045679515284,27.65382753786376,判读：是/低；均质暗绿密被，树冠难辨
SH-福建-L1-0478,福建,T1_目视确认,常绿,低,,-0.046,22.0,L1,GEE多源,117.97260721864951,24.577421685316924,判读：是/低；路侧浓绿带 无树影
SH-福建-L1-0536,福建,T1_目视确认,常绿,低,,0.005,67.0,L1,GEE多源,118.52949509457086,24.71669005076604,判读：是/低；坡地灌丛团块+裸土
SH-福建-L3-0516,福建,T1_目视确认,常绿,低,,-0.004,50.0,L3,GEE多源,115.56169170111389,23.19124404603026,判读：是/低；坡地绿丛簇+土斑
SH-福建-L3-0477,福建,T1_目视确认,常绿,低,,0.093,93.0,L3,GEE多源,117.81434435165512,24.077226425589448,判读：是/低；山腰密灌块+小路
SH-福建-L4-0435,福建,T1_目视确认,落叶,低,,0.415,18.0,L4,GEE多源,119.6111060938737,23.59120600725618,"判读：是/低；均质细碎暗绿团簇,无树冠影"
SH-福建-OSM-0271,福建,T1_目视确认,常绿,低,,0.033,204.0,OSM,OSM,115.5877161,24.3359725,"判读：是/低；细碎团簇绿被,无树冠树影"
SH-福建-OSM-0353,福建,T1_目视确认,常绿,低,,0.044,137.0,OSM,OSM,115.7027265,24.2860783,"判读：是/低；水岸密绿团块,灌树难分"
SH-福建-OSM-0307,福建,T1_目视确认,常绿,低,,0.02,121.0,OSM,OSM,116.6846159,23.3199142,判读：是/低；细碎深绿丛簇杂岩斑
SH-福建-OSM-0326,福建,T1_目视确认,常绿,低,,-0.04,225.0,OSM,OSM,116.969271,27.5854395,"判读：是/低；暗绿密被细碎纹理,无树冠"
SH-福建-OSM-0291,福建,T1_目视确认,常绿,低,,0.111,36.0,OSM,OSM,117.5317648,24.0724508,"判读：是/低；冠层细碎团簇,无树冠影"
SH-福建-OSM-0264,福建,T1_目视确认,常绿,低,,0.107,8.0,OSM,OSM,117.6922986,24.4823094,"判读：是/低；路侧密绿团块,未见树冠"
SH-福建-OSM-0274,福建,T1_目视确认,常绿,低,,0.053,57.0,OSM,OSM,117.9601924,24.3607347,判读：是/低；红褐地表上稀疏绿团块
SH-福建-OSM-0351,福建,T1_目视确认,常绿,低,,0.059,41.0,OSM,OSM,118.1468198,24.4529283,"判读：是/低；均质细密冠层,无树冠影"
SH-福建-OSM-0319,福建,T1_目视确认,落叶,低,,0.458,20.0,OSM,OSM,119.6718474,23.2574756,"判读：是/低；孤立圆绿团块,无树影"
SH-福建-OSM-0279,福建,T1_目视确认,落叶,低,,0.339,939.0,OSM,OSM,120.0302496,28.4637417,"判读：是/低；均质细密暗绿冠层,无树冠"
SH-福建-OSM-0322,福建,T1_目视确认,常绿,低,,0.067,47.0,OSM,OSM,120.4089255,23.2768382,"判读：是/低；细碎绿团簇,框底近云"
SH-福建-OSM-0323,福建,T1_目视确认,常绿,低,,0.051,37.0,OSM,OSM,120.439968,23.393661,判读：是/低；碎斑灌丛团簇纹理
SH-福建-OSM-0314,福建,T1_目视确认,常绿,低,,0.048,392.0,OSM,OSM,120.4982823,23.3107794,判读：是/低；细碎绿团簇夹棕斑
SH-黑龙江-FCS10-0049,黑龙江,T1_目视确认,落叶,低,,0.413,227.0,FCS10,FCS10灌丛层,121.52552894014346,43.40839115922352,"判读：是/低；裸地上深绿丛块,灌树难辨"
SH-黑龙江-FCS10-0037,黑龙江,T1_目视确认,落叶,中,,0.695,592.0,FCS10,FCS10灌丛层,122.0527501803932,53.05809394123541,判读：是/中；草被间深绿灌丛团块
SH-黑龙江-FCS10-0031,黑龙江,T1_目视确认,落叶,中,,0.664,449.0,FCS10,FCS10灌丛层,122.08940144398528,47.52887353595136,判读：是/中；深绿灌丛团块散布草被
SH-黑龙江-FCS10-0015,黑龙江,T1_目视确认,落叶,低,,0.638,408.0,FCS10,FCS10灌丛层,122.3623096273008,47.3315136680303,"判读：是/低；绿被夹褐斑,碎斑团簇"
SH-黑龙江-FCS10-0052,黑龙江,T1_目视确认,落叶,低,,0.773,605.0,FCS10,FCS10灌丛层,122.9229481961198,50.30808136196032,"判读：是/低；草被间深绿团块,团簇纹理"
SH-黑龙江-FCS10-0048,黑龙江,T1_目视确认,落叶,低,,0.534,159.0,FCS10,FCS10灌丛层,123.3566548152927,44.17079134085576,"判读：是/低；暗绿密被细密团簇,未见行植"
SH-黑龙江-FCS10-0001,黑龙江,T1_目视确认,落叶,中,,0.756,762.0,FCS10,FCS10灌丛层,123.8437213623423,51.67019682727075,判读：是/中；深绿团块与草被交错
SH-黑龙江-FCS10-0054,黑龙江,T1_目视确认,落叶,中,,0.716,811.0,FCS10,FCS10灌丛层,123.96229897984608,51.34491686289108,判读：是/中；细密深绿团簇散布绿被
SH-黑龙江-FCS10-0029,黑龙江,T1_目视确认,落叶,低,,0.683,168.0,FCS10,FCS10灌丛层,124.20196949764916,44.64213737043327,"判读：是/低；暗绿密被细碎团簇,无树冠"
SH-黑龙江-FCS10-0000,黑龙江,T1_目视确认,落叶,低,,0.709,269.0,FCS10,FCS10灌丛层,125.07216751337576,49.967889363864266,"判读：是/低；细碎绿团簇散布,灌草交错"
SH-黑龙江-FCS10-0045,黑龙江,T1_目视确认,落叶,低,,0.954,371.0,FCS10,FCS10灌丛层,125.40678995671028,50.05646325087845,"判读：是/低；田边深绿团块,旁裸土"
SH-黑龙江-FCS10-0027,黑龙江,T1_目视确认,落叶,低,,0.687,316.0,FCS10,FCS10灌丛层,127.2965758199125,44.79449164261994,判读：是/低；草被上散布深绿灌丛团块
SH-黑龙江-FCS10-0005,黑龙江,T1_目视确认,落叶,低,,0.624,234.0,FCS10,FCS10灌丛层,129.66570271872092,43.37200939021668,判读：是/低；细碎绿团簇与褐斑交错
SH-黑龙江-OSM-0198,黑龙江,T1_目视确认,落叶,低,,0.619,314.0,OSM,OSM,130.6110642,45.0961095,判读：是/低；细碎团簇纹理，无树影
SH-黑龙江-OSM-0191,黑龙江,T1_目视确认,落叶,低,,0.617,272.0,OSM,OSM,130.7227866,45.2726971,判读：是/低；田块间团块灌丛，无树影
SH-黑龙江-OSM-0162,黑龙江,T1_目视确认,落叶,低,,0.644,275.0,OSM,OSM,130.7714605,45.3558979,判读：是/低；浅绿团簇冠层，无树影
SH-黑龙江-OSM-0153,黑龙江,T1_目视确认,落叶,低,,0.592,257.0,OSM,OSM,131.1341727,45.3282815,判读：是/低；草地散布深绿灌丛团簇
T2-宁夏-0000,宁夏,T2_判别器扩增,常绿,中,0.81,0.06,1512.0,A_灌丛层内,glc_fcs10_2023_shrub,107.24950244491605,38.21361353421715,判别器概率0.81；物候常绿；未目视复核
T2-宁夏-0001,宁夏,T2_判别器扩增,常绿,中,0.783,0.018,1400.0,A_灌丛层内,glc_fcs10_2023_shrub,107.7986425780983,38.51957971998826,判别器概率0.78；物候常绿；未目视复核
T2-宁夏-0002,宁夏,T2_判别器扩增,常绿,中,0.773,0.068,1362.0,A_灌丛层内,glc_fcs10_2023_shrub,107.77196261415996,38.69511052650521,判别器概率0.77；物候常绿；未目视复核
T2-宁夏-0003,宁夏,T2_判别器扩增,常绿,中,0.76,0.034,1409.0,A_灌丛层内,glc_fcs10_2023_shrub,107.8700586431858,38.51032707256183,判别器概率0.76；物候常绿；未目视复核
T2-宁夏-0004,宁夏,T2_判别器扩增,常绿,中,0.76,-0.015,1297.0,A_灌丛层内,glc_fcs10_2023_shrub,105.32081952991142,38.72448543629592,判别器概率0.76；物候常绿；未目视复核
T2-宁夏-0005,宁夏,T2_判别器扩增,常绿,中,0.75,0.01,1254.0,B_全池发现,v2_glc_fcs30d2020_7yr_stable,107.13770710780736,38.764505382203446,判别器概率0.75；物候常绿；未目视复核
T2-宁夏-0006,宁夏,T2_判别器扩增,常绿,中,0.747,0.024,1349.0,B_全池发现,v2_glc_fcs30d2020_7yr_stable,107.64220097136888,38.65482108601245,判别器概率0.75；物候常绿；未目视复核
T2-宁夏-0007,宁夏,T2_判别器扩增,常绿,中,0.747,0.03,1332.0,A_灌丛层内,glc_fcs10_2023_shrub,106.99995045898764,38.65953724125408,判别器概率0.75；物候常绿；未目视复核
T2-宁夏-0008,宁夏,T2_判别器扩增,常绿,中,0.743,-0.026,1387.0,A_灌丛层内,glc_fcs10_2023_shrub,105.1305563527349,37.96424121134557,判别器概率0.74；物候常绿；未目视复核
T2-宁夏-0009,宁夏,T2_判别器扩增,常绿,中,0.74,0.01,1219.0,A_灌丛层内,glc_fcs10_2023_shrub,106.5473792188482,39.59656991411915,判别器概率0.74；物候常绿；未目视复核
T2-宁夏-0010,宁夏,T2_判别器扩增,常绿,中,0.74,-0.004,1248.0,B_全池发现,v2_glc_fcs30d2020_7yr_stable,106.3715340019818,39.46869473342474,判别器概率0.74；物候常绿；未目视复核
T2-宁夏-0011,宁夏,T2_判别器扩增,常绿,中,0.733,0.028,1547.0,A_灌丛层内,glc_fcs10_2023_shrub,107.23692603093836,38.052006614604046,判别器概率0.73；物候常绿；未目视复核
T2-宁夏-0012,宁夏,T2_判别器扩增,常绿,中,0.73,0.007,1290.0,A_灌丛层内,glc_fcs10_2023_shrub,105.3868457032942,38.70409367934641,判别器概率0.73；物候常绿；未目视复核
T2-宁夏-0013,宁夏,T2_判别器扩增,常绿,中,0.73,0.011,1425.0,B_全池发现,v2_glc_fcs30d2020_7yr_stable,107.9092701053376,38.56022848659467,判别器概率0.73；物候常绿；未目视复核
T2-宁夏-0014,宁夏,T2_判别器扩增,常绿,中,0.73,-0.019,1381.0,A_灌丛层内,glc_fcs10_2023_shrub,105.32504161174676,38.30146876900404,判别器概率0.73；物候常绿；未目视复核
T2-宁夏-0015,宁夏,T2_判别器扩增,常绿,中,0.727,-0.011,1348.0,A_灌丛层内,glc_fcs10_2023_shrub,105.31965172004206,38.00008399118194,判别器概率0.73；物候常绿；未目视复核
T2-宁夏-0016,宁夏,T2_判别器扩增,常绿,中,0.723,0.031,1478.0,B_全池发现,v2_glc_fcs30d2020_7yr_stable,107.168159995939,38.22794166299886,判别器概率0.72；物候常绿；未目视复核
T2-宁夏-0017,宁夏,T2_判别器扩增,常绿,中,0.72,0.034,1342.0,A_灌丛层内,glc_fcs10_2023_shrub,107.08439209569484,38.61713675984364,判别器概率0.72；物候常绿；未目视复核
T2-宁夏-0018,宁夏,T2_判别器扩增,常绿,中,0.72,0.026,1228.0,A_灌丛层内,glc_fcs10_2023_shrub,107.00309456248203,38.91906052683621,判别器概率0.72；物候常绿；未目视复核
T2-宁夏-0019,宁夏,T2_判别器扩增,常绿,中,0.717,-0.035,1579.0,A_灌丛层内,glc_fcs10_2023_shrub,104.16495725383484,37.85105348554652,判别器概率0.72；物候常绿；未目视复核
T2-宁夏-0020,宁夏,T2_判别器扩增,常绿,中,0.717,0.041,1328.0,A_灌丛层内,glc_fcs10_2023_shrub,107.21949871442644,38.6995122713974,判别器概率0.72；物候常绿；未目视复核
T2-宁夏-0021,宁夏,T2_判别器扩增,常绿,中,0.717,0.041,1216.0,A_灌丛层内,glc_fcs10_2023_shrub,107.10765846155356,38.83012731370838,判别器概率0.72；物候常绿；未目视复核
T2-宁夏-0022,宁夏,T2_判别器扩增,常绿,中,0.717,-0.003,1344.0,B_全池发现,v2_glc_fcs30d2020_7yr_stable,106.02981486790276,39.35254256718809,判别器概率0.72；物候常绿；未目视复核
T2-宁夏-0023,宁夏,T2_判别器扩增,常绿,中,0.717,0.055,1428.0,A_灌丛层内,glc_fcs10_2023_shrub,106.99995045898764,38.33794036953929,判别器概率0.72；物候常绿；未目视复核
T2-宁夏-0024,宁夏,T2_判别器扩增,常绿,中,0.717,0.029,1328.0,B_全池发现,v2_glc_fcs30d2020_7yr_stable,107.61821595328288,38.70009617633208,判别器概率0.72；物候常绿；未目视复核
T2-宁夏-0025,宁夏,T2_判别器扩增,常绿,中,0.717,-0.004,1422.0,B_全池发现,v2_glc_fcs30d2020_7yr_stable,105.23965674399122,37.78219761901875,判别器概率0.72；物候常绿；未目视复核
T2-宁夏-0026,宁夏,T2_判别器扩增,常绿,中,0.713,0.115,1499.0,A_灌丛层内,glc_fcs10_2023_shrub,105.1568769905596,39.92768892784561,判别器概率0.71；物候常绿；未目视复核
T2-宁夏-0027,宁夏,T2_判别器扩增,常绿,中,0.713,-0.003,1427.0,B_全池发现,v2_glc_fcs30d2020_7yr_stable,104.63949230267096,37.91721440622192,判别器概率0.71；物候常绿；未目视复核
T2-宁夏-0028,宁夏,T2_判别器扩增,常绿,中,0.713,-0.012,1505.0,A_灌丛层内,glc_fcs10_2023_shrub,104.8020424533324,37.829583750256056,判别器概率0.71；物候常绿；未目视复核
T2-宁夏-0029,宁夏,T2_判别器扩增,常绿,中,0.713,0.009,1392.0,B_全池发现,v2_glc_fcs30d2020_7yr_stable,107.949694293123,38.890898342679066,判别器概率0.71；物候常绿；未目视复核
T2-宁夏-0030,宁夏,T2_判别器扩增,常绿,中,0.713,0.03,1270.0,B_全池发现,v2_glc_fcs30d2020_7yr_stable,107.02020746864451,38.84912668196751,判别器概率0.71；物候常绿；未目视复核
T2-宁夏-0031,宁夏,T2_判别器扩增,常绿,中,0.71,-0.003,1525.0,A_灌丛层内,glc_fcs10_2023_shrub,105.47371279126855,38.22690860042212,判别器概率0.71；物候常绿；未目视复核
T2-宁夏-0032,宁夏,T2_判别器扩增,常绿,中,0.707,-0.005,1303.0,B_全池发现,v2_glc_fcs30d2020_7yr_stable,106.00286540937915,39.37086819898413,判别器概率0.71；物候常绿；未目视复核
T2-宁夏-0033,宁夏,T2_判别器扩增,常绿,中,0.703,0.024,1425.0,A_灌丛层内,glc_fcs10_2023_shrub,105.46248385021708,38.30236708428816,判别器概率0.70；物候常绿；未目视复核
T2-宁夏-0034,宁夏,T2_判别器扩增,常绿,中,0.703,0.054,1472.0,B_全池发现,v2_glc_fcs30d2020_7yr_stable,107.17085494179136,38.235487511385465,判别器概率0.70；物候常绿；未目视复核
T2-宁夏-0035,宁夏,T2_判别器扩增,常绿,中,0.703,0.014,1427.0,B_全池发现,v2_glc_fcs30d2020_7yr_stable,107.01805151196264,38.375624695708105,判别器概率0.70；物候常绿；未目视复核
T2-宁夏-0036,宁夏,T2_判别器扩增,常绿,中,0.703,-0.003,1424.0,B_全池发现,v2_glc_fcs30d2020_7yr_stable,105.31349826034584,37.69245592213521,判别器概率0.70；物候常绿；未目视复核
T2-宁夏-0037,宁夏,T2_判别器扩增,常绿,中,0.703,0.015,1469.0,A_灌丛层内,glc_fcs10_2023_shrub,107.13972831719664,38.35249307714203,判别器概率0.70；物候常绿；未目视复核
T2-宁夏-0038,宁夏,T2_判别器扩增,常绿,中,0.7,0.013,1243.0,B_全池发现,v2_glc_fcs30d2020_7yr_stable,106.35994573481668,39.47974401141941,判别器概率0.70；物候常绿；未目视复核
T2-宁夏-0039,宁夏,T2_判别器扩增,常绿,中,0.7,0.004,1276.0,A_灌丛层内,glc_fcs10_2023_shrub,106.7263236234448,38.55901576096111,判别器概率0.70；物候常绿；未目视复核
T2-宁夏-0040,宁夏,T2_判别器扩增,常绿,中,0.7,-0.03,1275.0,A_灌丛层内,glc_fcs10_2023_shrub,105.35118258651464,38.919330021421445,判别器概率0.70；物候常绿；未目视复核
T2-宁夏-0041,宁夏,T2_判别器扩增,常绿,中,0.7,0.069,1401.0,A_灌丛层内,glc_fcs10_2023_shrub,106.85810647562516,38.07617129574686,判别器概率0.70；物候常绿；未目视复核
T2-宁夏-0042,宁夏,T2_判别器扩增,常绿,中,0.7,0.079,1401.0,B_全池发现,v2_glc_fcs30d2020_7yr_stable,107.79419591744193,38.53543498475297,判别器概率0.70；物候常绿；未目视复核
T2-宁夏-0043,宁夏,T2_判别器扩增,常绿,中,0.7,-0.024,1385.0,B_全池发现,v2_glc_fcs30d2020_7yr_stable,105.14263869330632,37.97030483951338,判别器概率0.70；物候常绿；未目视复核
T2-宁夏-0044,宁夏,T2_判别器扩增,常绿,中,0.7,0.024,1288.0,A_灌丛层内,glc_fcs10_2023_shrub,107.05438836520528,38.73400757830759,判别器概率0.70；物候常绿；未目视复核
T2-宁夏-0045,宁夏,T2_判别器扩增,常绿,中,0.7,-0.037,1387.0,B_全池发现,v2_glc_fcs30d2020_7yr_stable,105.47438652773164,37.68922198711238,判别器概率0.70；物候常绿；未目视复核
T2-宁夏-0046,宁夏,T2_判别器扩增,常绿,中,0.7,-0.018,1438.0,B_全池发现,v2_glc_fcs30d2020_7yr_stable,105.186835805285,37.83582704148069,判别器概率0.70；物候常绿；未目视复核
T2-宁夏-0047,宁夏,T2_判别器扩增,常绿,中,0.7,0.002,1258.0,B_全池发现,v2_glc_fcs30d2020_7yr_stable,106.5022388758212,39.54118877685319,判别器概率0.70；物候常绿；未目视复核
T2-宁夏-0048,宁夏,T2_判别器扩增,常绿,中,0.697,-0.002,1307.0,A_灌丛层内,glc_fcs10_2023_shrub,106.05932452498608,39.38834043126025,判别器概率0.70；物候常绿；未目视复核
T2-宁夏-0049,宁夏,T2_判别器扩增,常绿,中,0.697,0.05,1274.0,B_全池发现,v2_glc_fcs30d2020_7yr_stable,106.42192948942092,39.500495094482574,判别器概率0.70；物候常绿；未目视复核
T2-宁夏-0050,宁夏,T2_判别器扩增,常绿,中,0.697,-0.002,1318.0,B_全池发现,v2_glc_fcs30d2020_7yr_stable,105.948966492332,39.34122379460818,判别器概率0.70；物候常绿；未目视复核
T2-宁夏-0051,宁夏,T2_判别器扩增,常绿,中,0.697,0.042,1325.0,A_灌丛层内,glc_fcs10_2023_shrub,107.70683475606128,38.771557157183786,判别器概率0.70；物候常绿；未目视复核
T2-宁夏-0052,宁夏,T2_判别器扩增,常绿,中,0.693,0.026,1278.0,B_全池发现,v2_glc_fcs30d2020_7yr_stable,106.43621270243844,39.510735888721534,判别器概率0.69；物候常绿；未目视复核
T2-宁夏-0053,宁夏,T2_判别器扩增,常绿,中,0.693,0.077,1507.0,A_灌丛层内,glc_fcs10_2023_shrub,107.13793168662838,38.11515817907765,判别器概率0.69；物候常绿；未目视复核
T2-宁夏-0054,宁夏,T2_判别器扩增,常绿,中,0.693,0.033,1380.0,A_灌丛层内,glc_fcs10_2023_shrub,107.2575872824731,38.73337875760871,判别器概率0.69；物候常绿；未目视复核
T2-宁夏-0055,宁夏,T2_判别器扩增,常绿,中,0.693,0.048,1408.0,A_灌丛层内,glc_fcs10_2023_shrub,106.94614137346886,37.90836600067334,判别器概率0.69；物候常绿；未目视复核
T2-宁夏-0056,宁夏,T2_判别器扩增,常绿,中,0.69,0.045,1263.0,A_灌丛层内,glc_fcs10_2023_shrub,107.18338644000482,38.830666302878846,判别器概率0.69；物候常绿；未目视复核
T2-宁夏-0057,宁夏,T2_判别器扩增,常绿,中,0.69,-0.003,1224.0,B_全池发现,v2_glc_fcs30d2020_7yr_stable,106.56368364125498,39.6134133256964,判别器概率0.69；物候常绿；未目视复核
T2-宁夏-0058,宁夏,T2_判别器扩增,常绿,中,0.69,0.055,1548.0,A_灌丛层内,glc_fcs10_2023_shrub,107.2004544304031,38.15333657865273,判别器概率0.69；物候常绿；未目视复核
T2-宁夏-0059,宁夏,T2_判别器扩增,常绿,中,0.69,0.016,1231.0,B_全池发现,v2_glc_fcs30d2020_7yr_stable,106.56961252213016,39.56571278410965,判别器概率0.69；物候常绿；未目视复核
T2-宁夏-0060,宁夏,T2_判别器扩增,常绿,中,0.69,0.04,1412.0,A_灌丛层内,glc_fcs10_2023_shrub,107.90087085743107,38.46604012905473,判别器概率0.69；物候常绿；未目视复核
T2-宁夏-0061,宁夏,T2_判别器扩增,常绿,中,0.69,0.032,1442.0,A_灌丛层内,glc_fcs10_2023_shrub,105.94541814695972,39.26347460676764,判别器概率0.69；物候常绿；未目视复核
T2-宁夏-0062,宁夏,T2_判别器扩增,常绿,中,0.69,0.033,1114.0,A_灌丛层内,glc_fcs10_2023_shrub,106.62005292533348,39.99191847066015,判别器概率0.69；物候常绿；未目视复核
T2-宁夏-0063,宁夏,T2_判别器扩增,常绿,中,0.69,0.025,1241.0,A_灌丛层内,glc_fcs10_2023_shrub,106.4954565954261,39.546623584322106,判别器概率0.69；物候常绿；未目视复核
T2-宁夏-0064,宁夏,T2_判别器扩增,常绿,中,0.687,-0.002,1518.0,A_灌丛层内,glc_fcs10_2023_shrub,107.24258541722833,38.18675390722198,判别器概率0.69；物候常绿；未目视复核
T2-宁夏-0065,宁夏,T2_判别器扩增,常绿,中,0.687,0.131,1384.0,A_灌丛层内,glc_fcs10_2023_shrub,107.78013728324542,38.30012129607786,判别器概率0.69；物候常绿；未目视复核
T2-宁夏-0066,宁夏,T2_判别器扩增,常绿,中,0.687,0.013,1395.0,B_全池发现,v2_glc_fcs30d2020_7yr_stable,105.43692678038389,37.97003534492814,判别器概率0.69；物候常绿；未目视复核
T2-宁夏-0067,宁夏,T2_判别器扩增,常绿,中,0.683,0.013,1411.0,A_灌丛层内,glc_fcs10_2023_shrub,105.14825316383204,37.93962737256069,判别器概率0.68；物候常绿；未目视复核
T2-宁夏-0068,宁夏,T2_判别器扩增,常绿,中,0.683,-0.013,1458.0,B_全池发现,v2_glc_fcs30d2020_7yr_stable,105.18575782694406,37.85064924366866,判别器概率0.68；物候常绿；未目视复核
T2-宁夏-0069,宁夏,T2_判别器扩增,常绿,中,0.683,0.019,1288.0,A_灌丛层内,glc_fcs10_2023_shrub,105.29845147933683,38.51661527955066,判别器概率0.68；物候常绿；未目视复核
T2-宁夏-0070,宁夏,T2_判别器扩增,常绿,中,0.683,0.035,1392.0,A_灌丛层内,glc_fcs10_2023_shrub,107.34041195166893,39.87486798913938,判别器概率0.68；物候常绿；未目视复核
T2-宁夏-0071,宁夏,T2_判别器扩增,常绿,中,0.683,0.038,1197.0,A_灌丛层内,glc_fcs10_2023_shrub,106.4405695315664,39.56701534127162,判别器概率0.68；物候常绿；未目视复核
T2-宁夏-0072,宁夏,T2_判别器扩增,常绿,中,0.68,0.022,1270.0,A_灌丛层内,glc_fcs10_2023_shrub,104.7660200104392,39.34854506417376,判别器概率0.68；物候常绿；未目视复核
T2-宁夏-0073,宁夏,T2_判别器扩增,常绿,中,0.68,0.006,1357.0,A_灌丛层内,glc_fcs10_2023_shrub,107.1290383653156,38.58210246376298,判别器概率0.68；物候常绿；未目视复核
T2-宁夏-0074,宁夏,T2_判别器扩增,常绿,中,0.68,0.006,1425.0,A_灌丛层内,glc_fcs10_2023_shrub,105.25254756831832,38.214332186444445,判别器概率0.68；物候常绿；未目视复核
T2-宁夏-0075,宁夏,T2_判别器扩增,常绿,中,0.68,0.052,1279.0,A_灌丛层内,glc_fcs10_2023_shrub,106.99995045898764,38.82536624270254,判别器概率0.68；物候常绿；未目视复核
T2-宁夏-0076,宁夏,T2_判别器扩增,常绿,中,0.68,0.097,1392.0,B_全池发现,v2_glc_fcs30d2020_7yr_stable,107.8836681197402,38.241685886845886,判别器概率0.68；物候常绿；未目视复核
T2-宁夏-0077,宁夏,T2_判别器扩增,常绿,中,0.68,-0.002,1381.0,A_灌丛层内,glc_fcs10_2023_shrub,106.99995045898764,38.55182923868815,判别器概率0.68；物候常绿；未目视复核
T2-宁夏-0078,宁夏,T2_判别器扩增,常绿,中,0.68,0.004,1289.0,A_灌丛层内,glc_fcs10_2023_shrub,105.32683824231502,38.78637935937176,判别器概率0.68；物候常绿；未目视复核
T2-宁夏-0079,宁夏,T2_判别器扩增,常绿,中,0.68,-0.028,1359.0,A_灌丛层内,glc_fcs10_2023_shrub,105.19227061275392,38.136178756726046,判别器概率0.68；物候常绿；未目视复核
T2-宁夏-0080,宁夏,T2_判别器扩增,常绿,中,0.68,0.139,1371.0,A_灌丛层内,glc_fcs10_2023_shrub,107.99995503326949,38.9790679878154,判别器概率0.68；物候常绿；未目视复核
T2-宁夏-0081,宁夏,T2_判别器扩增,常绿,中,0.68,0.04,1077.0,A_灌丛层内,glc_fcs10_2023_shrub,106.66182458604504,39.79563658108004,判别器概率0.68；物候常绿；未目视复核
T2-宁夏-0082,宁夏,T2_判别器扩增,常绿,中,0.677,0.012,1427.0,B_全池发现,v2_glc_fcs30d2020_7yr_stable,107.9399924880545,38.67476368531991,判别器概率0.68；物候常绿；未目视复核
T2-宁夏-0083,宁夏,T2_判别器扩增,常绿,中,0.677,-0.01,1302.0,A_灌丛层内,glc_fcs10_2023_shrub,105.99626279204088,39.37199109308927,判别器概率0.68；物候常绿；未目视复核
T2-宁夏-0084,宁夏,T2_判别器扩增,常绿,中,0.677,0.07,1430.0,A_灌丛层内,glc_fcs10_2023_shrub,107.33915431027116,38.42310065847382,判别器概率0.68；物候常绿；未目视复核
T2-宁夏-0085,宁夏,T2_判别器扩增,常绿,中,0.677,0.064,1419.0,B_全池发现,v2_glc_fcs30d2020_7yr_stable,106.97169844330207,38.13658299860391,判别器概率0.68；物候常绿；未目视复核
T2-宁夏-0086,宁夏,T2_判别器扩增,常绿,中,0.677,0.024,1428.0,B_全池发现,v2_glc_fcs30d2020_7yr_stable,107.94915530395252,38.67665014741656,判别器概率0.68；物候常绿；未目视复核
T2-宁夏-0087,宁夏,T2_判别器扩增,常绿,中,0.677,-0.004,1481.0,B_全池发现,v2_glc_fcs30d2020_7yr_stable,104.78421089494262,37.863315489174745,判别器概率0.68；物候常绿；未目视复核
T2-宁夏-0088,宁夏,T2_判别器扩增,常绿,中,0.677,0.006,1447.0,A_灌丛层内,glc_fcs10_2023_shrub,105.07962187612532,37.88671660232605,判别器概率0.68；物候常绿；未目视复核
T2-宁夏-0089,宁夏,T2_判别器扩增,常绿,中,0.677,-0.015,1379.0,B_全池发现,v2_glc_fcs30d2020_7yr_stable,105.19626811576823,37.989438955065125,判别器概率0.68；物候常绿；未目视复核
T2-宁夏-0090,宁夏,T2_判别器扩增,常绿,中,0.677,0.001,1263.0,B_全池发现,v2_glc_fcs30d2020_7yr_stable,106.0271199220504,39.40401603296814,判别器概率0.68；物候常绿；未目视复核
T2-宁夏-0091,宁夏,T2_判别器扩增,常绿,中,0.673,-0.014,1357.0,A_灌丛层内,glc_fcs10_2023_shrub,105.33689937349716,38.00295860009112,判别器概率0.67；物候常绿；未目视复核
T2-宁夏-0092,宁夏,T2_判别器扩增,常绿,中,0.673,-0.013,1487.0,A_灌丛层内,glc_fcs10_2023_shrub,107.26683992989952,38.42804139253648,判别器概率0.67；物候常绿；未目视复核
T2-宁夏-0093,宁夏,T2_判别器扩增,常绿,中,0.673,-0.008,1489.0,B_全池发现,v2_glc_fcs30d2020_7yr_stable,104.61658526292592,37.85711711371432,判别器概率0.67；物候常绿；未目视复核
T2-宁夏-0094,宁夏,T2_判别器扩增,常绿,中,0.673,0.026,1374.0,B_全池发现,v2_glc_fcs30d2020_7yr_stable,107.4093576497251,37.85900357581097,判别器概率0.67；物候常绿；未目视复核
T2-宁夏-0095,宁夏,T2_判别器扩增,常绿,中,0.673,0.039,1226.0,B_全池发现,glc_fcs10_2023,107.07235467088766,38.801830382258615,判别器概率0.67；物候常绿；未目视复核
T2-宁夏-0096,宁夏,T2_判别器扩增,常绿,中,0.67,0.011,1345.0,B_全池发现,v2_glc_fcs30d2020_7yr_stable,106.1917811136295,39.41614328930375,判别器概率0.67；物候常绿；未目视复核
T2-宁夏-0097,宁夏,T2_判别器扩增,常绿,中,0.67,-0.033,1588.0,A_灌丛层内,glc_fcs10_2023_shrub,104.059674702536,37.74981335302624,判别器概率0.67；物候常绿；未目视复核
T2-宁夏-0098,宁夏,T2_判别器扩增,常绿,中,0.67,-0.034,1540.0,A_灌丛层内,glc_fcs10_2023_shrub,104.6653188670894,37.57652833471958,判别器概率0.67；物候常绿；未目视复核
T2-宁夏-0099,宁夏,T2_判别器扩增,常绿,中,0.67,0.013,1516.0,A_灌丛层内,glc_fcs10_2023_shrub,107.26243818500734,38.20310324539295,判别器概率0.67；物候常绿；未目视复核
T2-宁夏-0100,宁夏,T2_判别器扩增,常绿,中,0.67,0.003,1376.0,A_灌丛层内,glc_fcs10_2023_shrub,105.19604353694722,38.20831347404084,判别器概率0.67；物候常绿；未目视复核
T2-宁夏-0101,宁夏,T2_判别器扩增,常绿,中,0.67,0.021,1412.0,A_灌丛层内,glc_fcs10_2023_shrub,107.89817591157872,38.46864524337868,判别器概率0.67；物候常绿；未目视复核
T2-宁夏-0102,宁夏,T2_判别器扩增,常绿,中,0.667,-0.004,1436.0,A_灌丛层内,glc_fcs10_2023_shrub,105.15049895204235,37.95364109099296,判别器概率0.67；物候常绿；未目视复核
T2-宁夏-0103,宁夏,T2_判别器扩增,常绿,中,0.667,0.007,1428.0,B_全池发现,v2_glc_fcs30d2020_7yr_stable,105.15180150920432,37.94362487557503,判别器概率0.67；物候常绿；未目视复核
T2-宁夏-0104,宁夏,T2_判别器扩增,常绿,中,0.667,0.014,1526.0,A_灌丛层内,glc_fcs10_2023_shrub,105.62220430773353,38.26939891336097,判别器概率0.67；物候常绿；未目视复核
T2-宁夏-0105,宁夏,T2_判别器扩增,常绿,中,0.667,-0.0,1343.0,A_灌丛层内,glc_fcs10_2023_shrub,105.40202723159582,38.35842195801722,判别器概率0.67；物候常绿；未目视复核
T2-宁夏-0106,宁夏,T2_判别器扩增,常绿,中,0.667,-0.008,1430.0,A_灌丛层内,glc_fcs10_2023_shrub,105.30375153951314,37.815480200295376,判别器概率0.67；物候常绿；未目视复核
T2-宁夏-0107,宁夏,T2_判别器扩增,常绿,中,0.667,-0.001,1366.0,A_灌丛层内,glc_fcs10_2023_shrub,106.9118257296155,38.4822996356973,判别器概率0.67；物候常绿；未目视复核
T2-宁夏-0108,宁夏,T2_判别器扩增,常绿,中,0.667,0.031,1335.0,A_灌丛层内,glc_fcs10_2023_shrub,107.50767825757198,39.89049867508306,判别器概率0.67；物候常绿；未目视复核
T2-宁夏-0109,宁夏,T2_判别器扩增,常绿,中,0.667,0.066,1377.0,B_全池发现,v2_glc_fcs30d2020_7yr_stable,107.55757967160484,38.67665014741656,判别器概率0.67；物候常绿；未目视复核
T2-宁夏-0110,宁夏,T2_判别器扩增,常绿,中,0.667,0.023,1390.0,A_灌丛层内,glc_fcs10_2023_shrub,107.30609630781557,39.9156515030384,判别器概率0.67；物候常绿；未目视复核
T2-宁夏-0111,宁夏,T2_判别器扩增,常绿,中,0.667,0.031,1431.0,A_灌丛层内,glc_fcs10_2023_shrub,104.6472627298786,37.89345396695696,判别器概率0.67；物候常绿；未目视复核
T2-宁夏-0112,宁夏,T2_判别器扩增,常绿,中,0.667,0.061,1505.0,A_灌丛层内,glc_fcs10_2023_shrub,107.14179444235008,38.15243826336861,判别器概率0.67；物候常绿；未目视复核
T2-宁夏-0113,宁夏,T2_判别器扩增,常绿,中,0.667,-0.008,1356.0,B_全池发现,v2_glc_fcs30d2020_7yr_stable,105.1838713648474,38.153830652059,判别器概率0.67；物候常绿；未目视复核
T2-宁夏-0114,宁夏,T2_判别器扩增,常绿,中,0.663,-0.023,1315.0,A_灌丛层内,glc_fcs10_2023_shrub,107.05627482730192,38.69088844466985,判别器概率0.66；物候常绿；未目视复核
T2-宁夏-0115,宁夏,T2_判别器扩增,常绿,中,0.663,-0.022,1348.0,A_灌丛层内,glc_fcs10_2023_shrub,105.46670593205242,38.74739247604097,判别器概率0.66；物候常绿；未目视复核
T2-宁夏-0116,宁夏,T2_判别器扩增,常绿,中,0.663,0.061,1172.0,B_全池发现,v2_glc_fcs30d2020_7yr_stable,106.32006053620177,39.54738715231361,判别器概率0.66；物候常绿；未目视复核
T2-宁夏-0117,宁夏,T2_判别器扩增,常绿,中,0.663,0.033,1520.0,B_全池发现,v2_glc_fcs30d2020_7yr_stable,107.15791920170004,38.12876765563206,判别器概率0.66；物候常绿；未目视复核
T2-宁夏-0118,宁夏,T2_判别器扩增,常绿,中,0.663,0.045,1481.0,B_全池发现,v2_glc_fcs30d2020_7yr_stable,107.33389916585908,38.39772325169745,判别器概率0.66；物候常绿；未目视复核
T2-宁夏-0119,宁夏,T2_判别器扩增,常绿,中,0.663,0.015,1362.0,B_全池发现,v2_glc_fcs30d2020_7yr_stable,105.45983382012892,38.35244816137782,判别器概率0.66；物候常绿；未目视复核
T2-四川-0120,四川,T2_判别器扩增,待判,中,0.86,0.24,4349.0,A_灌丛层内,glc_fcs10_2023_shrub,99.40685068843896,29.47201767292168,判别器概率0.86；物候待判；未目视复核
T2-四川-0121,四川,T2_判别器扩增,落叶,中,0.847,0.409,4334.0,B_全池发现,v2_glc_fcs30d2020_7yr_stable,100.06589969663324,31.79214147298137,判别器概率0.85；物候落叶；未目视复核
T2-四川-0122,四川,T2_判别器扩增,待判,中,0.843,0.176,4328.0,A_灌丛层内,glc_fcs10_2023_shrub,100.1166095944218,31.854170143349823,判别器概率0.84；物候待判；未目视复核
T2-四川-0123,四川,T2_判别器扩增,落叶,中,0.843,0.33,4444.0,A_灌丛层内,glc_fcs10_2023_shrub,100.08085664611384,31.771075979568767,判别器概率0.84；物候落叶；未目视复核
T2-四川-0124,四川,T2_判别器扩增,常绿,中,0.843,0.089,3993.0,A_灌丛层内,glc_fcs10_2023_shrub,99.6988929873062,29.20602651729388,判别器概率0.84；物候常绿；未目视复核
T2-四川-0125,四川,T2_判别器扩增,常绿,中,0.84,0.051,4265.0,A_灌丛层内,glc_fcs10_2023_shrub,99.92993967838176,29.55295588002084,判别器概率0.84；物候常绿；未目视复核
T2-四川-0126,四川,T2_判别器扩增,待判,中,0.84,0.192,4465.0,A_灌丛层内,glc_fcs10_2023_shrub,99.40316759577406,29.511902871536577,判别器概率0.84；物候待判；未目视复核
T2-四川-0127,四川,T2_判别器扩增,待判,中,0.84,0.233,4431.0,A_灌丛层内,glc_fcs10_2023_shrub,99.9574281260758,29.40500335272636,判别器概率0.84；物候待判；未目视复核
T2-四川-0128,四川,T2_判别器扩增,待判,中,0.84,0.21,4246.0,A_灌丛层内,glc_fcs10_2023_shrub,100.64481898148406,31.616835245285444,判别器概率0.84；物候待判；未目视复核
T2-四川-0129,四川,T2_判别器扩增,待判,中,0.837,0.193,4412.0,A_灌丛层内,glc_fcs10_2023_shrub,100.61229996819894,31.229302031716283,判别器概率0.84；物候待判；未目视复核
T2-四川-0130,四川,T2_判别器扩增,待判,中,0.837,0.211,4422.0,A_灌丛层内,glc_fcs10_2023_shrub,99.69556922075498,30.792271645992138,判别器概率0.84；物候待判；未目视复核
T2-四川-0131,四川,T2_判别器扩增,待判,中,0.837,0.234,4226.0,A_灌丛层内,glc_fcs10_2023_shrub,101.0328911842237,32.75805498223089,判别器概率0.84；物候待判；未目视复核
T2-四川-0132,四川,T2_判别器扩增,落叶,中,0.837,0.385,4202.0,A_灌丛层内,glc_fcs10_2023_shrub,100.82349389149545,33.0309631655464,判别器概率0.84；物候落叶；未目视复核
T2-四川-0133,四川,T2_判别器扩增,落叶,中,0.837,0.32,4221.0,A_灌丛层内,glc_fcs10_2023_shrub,100.83939407202436,32.517845475257324,判别器概率0.84；物候落叶；未目视复核
T2-四川-0134,四川,T2_判别器扩增,常绿,中,0.833,0.101,4395.0,A_灌丛层内,glc_fcs10_2023_shrub,99.78243630872932,29.57128151181688,判别器概率0.83；物候常绿；未目视复核
T2-四川-0135,四川,T2_判别器扩增,落叶,中,0.833,0.345,4289.0,A_灌丛层内,glc_fcs10_2023_shrub,97.05991217714828,32.050362201401526,判别器概率0.83；物候落叶；未目视复核
T2-四川-0136,四川,T2_判别器扩增,常绿,中,0.833,0.145,4241.0,A_灌丛层内,glc_fcs10_2023_shrub,101.4741436517832,29.819036867177044,判别器概率0.83；物候常绿；未目视复核
T2-四川-0137,四川,T2_判别器扩增,落叶,中,0.83,0.31,4348.0,A_灌丛层内,glc_fcs10_2023_shrub,99.32016326352142,32.07021496918057,判别器概率0.83；物候落叶；未目视复核
T2-四川-0138,四川,T2_判别器扩增,常绿,中,0.83,-0.101,4188.0,B_全池发现,glc_fcs10_2023,100.8495450347349,32.30386677458006,判别器概率0.83；物候常绿；未目视复核
T2-四川-0139,四川,T2_判别器扩增,待判,中,0.83,0.17,4221.0,A_灌丛层内,glc_fcs10_2023_shrub,100.3354391976333,31.73361623222098,判别器概率0.83；物候待判；未目视复核
T2-四川-0140,四川,T2_判别器扩增,待判,中,0.83,0.177,4394.0,A_灌丛层内,glc_fcs10_2023_shrub,100.3302289689854,31.246909011285027,判别器概率0.83；物候待判；未目视复核
T2-四川-0141,四川,T2_判别器扩增,常绿,中,0.83,0.038,4439.0,A_灌丛层内,glc_fcs10_2023_shrub,100.27516224206887,29.64521285969992,判别器概率0.83；物候常绿；未目视复核
T2-四川-0142,四川,T2_判别器扩增,待判,中,0.83,0.176,4333.0,A_灌丛层内,glc_fcs10_2023_shrub,99.64535339637268,29.42548494120428,判别器概率0.83；物候待判；未目视复核
T2-四川-0143,四川,T2_判别器扩增,待判,中,0.83,0.169,4402.0,A_灌丛层内,glc_fcs10_2023_shrub,99.49767036366345,29.50552483301933,判别器概率0.83；物候待判；未目视复核
T2-四川-0144,四川,T2_判别器扩增,常绿,中,0.827,0.079,4459.0,B_全池发现,v2_glc_fcs30d2020_7yr_stable,100.11386973280524,28.69996060198516,判别器概率0.83；物候常绿；未目视复核
T2-四川-0145,四川,T2_判别器扩增,常绿,中,0.827,0.085,4544.0,A_灌丛层内,glc_fcs10_2023_shrub,100.14499635739996,29.024566829901737,判别器概率0.83；物候常绿；未目视复核
T2-四川-0146,四川,T2_判别器扩增,落叶,中,0.823,0.342,4366.0,A_灌丛层内,glc_fcs10_2023_shrub,100.64077656270553,29.88003247496876,判别器概率0.82；物候落叶；未目视复核
T2-四川-0147,四川,T2_判别器扩增,待判,中,0.823,0.192,4476.0,A_灌丛层内,glc_fcs10_2023_shrub,99.13124755927107,29.901861536372863,判别器概率0.82；物候待判；未目视复核
T2-四川-0148,四川,T2_判别器扩增,待判,中,0.823,0.217,4213.0,A_灌丛层内,glc_fcs10_2023_shrub,102.77122109052338,30.952441261150646,判别器概率0.82；物候待判；未目视复核
T2-四川-0149,四川,T2_判别器扩增,待判,中,0.823,0.249,4594.0,A_灌丛层内,glc_fcs10_2023_shrub,100.02758654976554,30.670549924993946,判别器概率0.82；物候待判；未目视复核
T2-四川-0150,四川,T2_判别器扩增,常绿,中,0.823,-0.0,4442.0,A_灌丛层内,glc_fcs10_2023_shrub,100.32915099064446,30.32487820366475,判别器概率0.82；物候常绿；未目视复核
T2-四川-0151,四川,T2_判别器扩增,落叶,中,0.823,0.365,4052.0,B_全池发现,v2_glc_fcs30d2020_7yr_stable,102.53662605407558,32.161079560169256,判别器概率0.82；物候落叶；未目视复核
T2-四川-0152,四川,T2_判别器扩增,落叶,中,0.823,0.304,4361.0,B_全池发现,v2_glc_fcs30d2020_7yr_stable,100.28311233233336,31.46632251943122,判别器概率0.82；物候落叶；未目视复核
T2-四川-0153,四川,T2_判别器扩增,常绿,中,0.823,0.092,4347.0,B_全池发现,v2_glc_fcs30d2020_7yr_stable,100.30736684500458,29.82267504407773,判别器概率0.82；物候常绿；未目视复核
T2-四川-0154,四川,T2_判别器扩增,待判,中,0.823,0.17,4501.0,A_灌丛层内,glc_fcs10_2023_shrub,100.09478053301768,29.075411474982904,判别器概率0.82；物候待判；未目视复核
T2-四川-0155,四川,T2_判别器扩增,常绿,中,0.823,0.131,4321.0,A_灌丛层内,glc_fcs10_2023_shrub,99.626668438463,29.455578503222284,判别器概率0.82；物候常绿；未目视复核
T2-四川-0156,四川,T2_判别器扩增,常绿,中,0.82,0.121,4060.0,A_灌丛层内,glc_fcs10_2023_shrub,100.05291904077772,31.91480642502789,判别器概率0.82；物候常绿；未目视复核
T2-四川-0157,四川,T2_判别器扩增,待判,中,0.82,0.259,4299.0,A_灌丛层内,glc_fcs10_2023_shrub,100.50054954685449,31.96358494495558,判别器概率0.82；物候待判；未目视复核
T2-四川-0158,四川,T2_判别器扩增,待判,中,0.82,0.211,4372.0,B_全池发现,v2_glc_fcs30d2020_7yr_stable,100.3564148595175,31.20814670677527,判别器概率0.82；物候待判；未目视复核
T2-四川-0159,四川,T2_判别器扩增,待判,中,0.82,0.21,4497.0,A_灌丛层内,glc_fcs10_2023_shrub,99.38295550188138,29.534270922111155,判别器概率0.82；物候待判；未目视复核
T2-四川-0160,四川,T2_判别器扩增,待判,中,0.82,0.227,4157.0,A_灌丛层内,glc_fcs10_2023_shrub,100.95761236341448,32.79362826748202,判别器概率0.82；物候待判；未目视复核
T2-四川-0161,四川,T2_判别器扩增,待判,中,0.82,0.256,4396.0,A_灌丛层内,glc_fcs10_2023_shrub,100.73429118378236,29.08116069280127,判别器概率0.82；物候待判；未目视复核
T2-四川-0162,四川,T2_判别器扩增,常绿,中,0.82,0.091,3930.0,A_灌丛层内,glc_fcs10_2023_shrub,100.70922818735544,32.71412736483744,判别器概率0.82；物候常绿；未目视复核
T2-四川-0163,四川,T2_判别器扩增,落叶,中,0.82,0.332,4197.0,A_灌丛层内,glc_fcs10_2023_shrub,100.91736783868592,32.66319288822786,判别器概率0.82；物候落叶；未目视复核
T2-四川-0164,四川,T2_判别器扩增,落叶,中,0.82,0.308,4168.0,A_灌丛层内,glc_fcs10_2023_shrub,100.81379208642696,32.70200010850183,判别器概率0.82；物候落叶；未目视复核
T2-四川-0165,四川,T2_判别器扩增,待判,中,0.82,0.243,4098.0,A_灌丛层内,glc_fcs10_2023_shrub,100.69772975171873,32.81410985595994,判别器概率0.82；物候待判；未目视复核
T2-四川-0166,四川,T2_判别器扩增,待判,中,0.82,0.204,4188.0,A_灌丛层内,glc_fcs10_2023_shrub,100.12532325267776,31.79524066071158,判别器概率0.82；物候待判；未目视复核
T2-四川-0167,四川,T2_判别器扩增,常绿,中,0.82,0.143,4048.0,A_灌丛层内,glc_fcs10_2023_shrub,100.60116085867584,32.14495480081931,判别器概率0.82；物候常绿；未目视复核
T2-四川-0168,四川,T2_判别器扩增,常绿,中,0.82,0.096,4386.0,B_全池发现,v2_glc_fcs30d2020_7yr_stable,100.05377244029764,29.20095103593861,判别器概率0.82；物候常绿；未目视复核
T2-四川-0169,四川,T2_判别器扩增,待判,中,0.82,0.175,4033.0,B_全池发现,v2_glc_fcs30d2020_7yr_stable,101.83567063787712,32.291514939423415,判别器概率0.82；物候待判；未目视复核
T2-四川-0170,四川,T2_判别器扩增,待判,中,0.817,0.212,4427.0,A_灌丛层内,glc_fcs10_2023_shrub,98.38896964000313,29.769000705851585,判别器概率0.82；物候待判；未目视复核
T2-四川-0171,四川,T2_判别器扩增,待判,中,0.817,0.264,4094.0,A_灌丛层内,glc_fcs10_2023_shrub,101.4958828816589,32.86181039754669,判别器概率0.82；物候待判；未目视复核
T2-四川-0172,四川,T2_判别器扩增,落叶,中,0.817,0.364,4166.0,A_灌丛层内,glc_fcs10_2023_shrub,100.85152132835996,32.995389880295264,判别器概率0.82；物候落叶；未目视复核
T2-四川-0173,四川,T2_判别器扩增,待判,中,0.817,0.239,4404.0,A_灌丛层内,glc_fcs10_2023_shrub,100.44027259129004,32.37061160019014,判别器概率0.82；物候待判；未目视复核
T2-四川-0174,四川,T2_判别器扩增,常绿,中,0.817,0.055,4522.0,A_灌丛层内,glc_fcs10_2023_shrub,99.98159280721865,28.67188824935641,判别器概率0.82；物候常绿；未目视复核
T2-四川-0175,四川,T2_判别器扩增,待判,中,0.817,0.297,4301.0,A_灌丛层内,glc_fcs10_2023_shrub,99.68245381760684,31.88345522161212,判别器概率0.82；物候待判；未目视复核
T2-四川-0176,四川,T2_判别器扩增,落叶,中,0.817,0.374,3876.0,A_灌丛层内,glc_fcs10_2023_shrub,100.53944659865684,32.011465149599154,判别器概率0.82；物候落叶；未目视复核
T2-四川-0177,四川,T2_判别器扩增,常绿,中,0.817,0.082,4341.0,A_灌丛层内,glc_fcs10_2023_shrub,98.50637944763754,29.55987290770856,判别器概率0.82；物候常绿；未目视复核
T2-四川-0178,四川,T2_判别器扩增,落叶,中,0.817,0.306,4312.0,A_灌丛层内,glc_fcs10_2023_shrub,99.7491986432169,31.95163735167679,判别器概率0.82；物候落叶；未目视复核
T2-四川-0179,四川,T2_判别器扩增,常绿,中,0.817,0.091,4532.0,A_灌丛层内,glc_fcs10_2023_shrub,99.1635869094994,29.5759527512943,判别器概率0.82；物候常绿；未目视复核
T2-四川-0180,四川,T2_判别器扩增,待判,中,0.817,0.17,4421.0,A_灌丛层内,glc_fcs10_2023_shrub,100.81046831987572,29.49429589196784,判别器概率0.82；物候待判；未目视复核
T2-四川-0181,四川,T2_判别器扩增,落叶,中,0.817,0.35,3900.0,A_灌丛层内,glc_fcs10_2023_shrub,101.33463528815945,32.64513675101706,判别器概率0.82；物候落叶；未目视复核
T2-四川-0182,四川,T2_判别器扩增,待判,中,0.813,0.226,4477.0,A_灌丛层内,glc_fcs10_2023_shrub,99.67266218100993,29.70243554329833,判别器概率0.81；物候待判；未目视复核
T2-四川-0183,四川,T2_判别器扩增,常绿,中,0.813,-0.035,4283.0,A_灌丛层内,glc_fcs10_2023_shrub,98.83974424957432,29.774480429084715,判别器概率0.81；物候常绿；未目视复核
T2-四川-0184,四川,T2_判别器扩增,待判,中,0.813,0.252,4376.0,A_灌丛层内,glc_fcs10_2023_shrub,99.65739082117987,31.989456425138226,判别器概率0.81；物候待判；未目视复核
T2-四川-0185,四川,T2_判别器扩增,常绿,中,0.813,0.026,4201.0,A_灌丛层内,glc_fcs10_2023_shrub,99.6687994252882,29.13065786495625,判别器概率0.81；物候常绿；未目视复核
T2-四川-0186,四川,T2_判别器扩增,待判,中,0.813,0.213,4463.0,A_灌丛层内,glc_fcs10_2023_shrub,100.4322775852614,30.869436928898004,判别器概率0.81；物候待判；未目视复核
T2-四川-0187,四川,T2_判别器扩增,待判,中,0.813,0.244,3776.0,A_灌丛层内,glc_fcs10_2023_shrub,99.20463991798366,29.22929288315257,判别器概率0.81；物候待判；未目视复核
T2-四川-0188,四川,T2_判别器扩增,落叶,中,0.813,0.308,3830.0,A_灌丛层内,glc_fcs10_2023_shrub,101.57152102858176,33.65322616285599,判别器概率0.81；物候落叶；未目视复核
T2-四川-0189,四川,T2_判别器扩增,待判,中,0.813,0.243,4303.0,A_灌丛层内,glc_fcs10_2023_shrub,99.63744822187245,32.05359613642435,判别器概率0.81；物候待判；未目视复核
T2-四川-0190,四川,T2_判别器扩增,常绿,中,0.813,0.008,4572.0,A_灌丛层内,glc_fcs10_2023_shrub,100.00189473263973,28.986118935741423,判别器概率0.81；物候常绿；未目视复核
T2-四川-0191,四川,T2_判别器扩增,待判,中,0.813,0.28,4395.0,B_全池发现,v2_glc_fcs30d2020_7yr_stable,100.64342659279367,30.70473082155469,判别器概率0.81；物候待判；未目视复核
T2-四川-0192,四川,T2_判别器扩增,待判,中,0.813,0.285,4225.0,A_灌丛层内,glc_fcs10_2023_shrub,101.02866910238832,32.24853055307829,判别器概率0.81；物候待判；未目视复核
T2-四川-0193,四川,T2_判别器扩增,常绿,中,0.813,-0.064,4474.0,A_灌丛层内,glc_fcs10_2023_shrub,99.92940068921128,28.863049741817047,判别器概率0.81；物候常绿；未目视复核
T2-四川-0194,四川,T2_判别器扩增,待判,中,0.813,0.264,4100.0,A_灌丛层内,glc_fcs10_2023_shrub,101.3251131461478,32.852378087063435,判别器概率0.81；物候待判；未目视复核
T2-四川-0195,四川,T2_判别器扩增,常绿,中,0.813,0.122,4275.0,B_全池发现,v2_glc_fcs30d2020_7yr_stable,99.83036142913711,29.3497120469888,判别器概率0.81；物候常绿；未目视复核
T2-四川-0196,四川,T2_判别器扩增,常绿,中,0.813,-0.08,4322.0,B_全池发现,v2_glc_fcs30d2020_7yr_stable,99.84733958800696,29.662864755032867,判别器概率0.81；物候常绿；未目视复核
T2-四川-0197,四川,T2_判别器扩增,落叶,中,0.813,0.365,4365.0,B_全池发现,v2_glc_fcs30d2020_7yr_stable,99.3552424753663,32.24219743032525,判别器概率0.81；物候落叶；未目视复核
T2-四川-0198,四川,T2_判别器扩增,待判,中,0.813,0.29,3820.0,A_灌丛层内,glc_fcs10_2023_shrub,101.0080078508536,32.686908411728616,判别器概率0.81；物候待判；未目视复核
T2-四川-0199,四川,T2_判别器扩增,待判,中,0.813,0.286,4225.0,B_全池发现,v2_glc_fcs30d2020_7yr_stable,100.8652206364428,29.27263659561135,判别器概率0.81；物候待判；未目视复核
T2-四川-0200,四川,T2_判别器扩增,待判,中,0.813,0.223,4014.0,A_灌丛层内,glc_fcs10_2023_shrub,100.7404895592428,32.53446430801354,判别器概率0.81；物候待判；未目视复核
T2-四川-0201,四川,T2_判别器扩增,落叶,中,0.81,0.381,4315.0,A_灌丛层内,glc_fcs10_2023_shrub,100.6879381151218,32.36198777346259,判别器概率0.81；物候落叶；未目视复核
T2-四川-0202,四川,T2_判别器扩增,待判,中,0.81,0.196,4389.0,A_灌丛层内,glc_fcs10_2023_shrub,100.5284871521906,31.76613524550611,判别器概率0.81；物候待判；未目视复核
T2-四川-0203,四川,T2_判别器扩增,待判,中,0.81,0.242,4230.0,A_灌丛层内,glc_fcs10_2023_shrub,100.52956513053154,32.15151250239339,判别器概率0.81；物候待判；未目视复核
T2-四川-0204,四川,T2_判别器扩增,常绿,中,0.81,0.135,4549.0,A_灌丛层内,glc_fcs10_2023_shrub,99.68200465996476,29.67746237839981,判别器概率0.81；物候常绿；未目视复核
T2-四川-0205,四川,T2_判别器扩增,常绿,中,0.81,-0.052,4151.0,A_灌丛层内,glc_fcs10_2023_shrub,99.78719737973516,29.53031833486103,判别器概率0.81；物候常绿；未目视复核
T2-四川-0206,四川,T2_判别器扩增,待判,中,0.81,0.204,4216.0,A_灌丛层内,glc_fcs10_2023_shrub,99.66906891987344,32.0606928271689,判别器概率0.81；物候待判；未目视复核
T2-四川-0207,四川,T2_判别器扩增,常绿,中,0.81,0.105,3962.0,B_全池发现,v2_glc_fcs30d2020_7yr_stable,101.53329771324248,32.71192649239135,判别器概率0.81；物候常绿；未目视复核
T2-四川-0208,四川,T2_判别器扩增,落叶,中,0.81,0.397,4170.0,A_灌丛层内,glc_fcs10_2023_shrub,100.96030730926684,32.354801251189635,判别器概率0.81；物候落叶；未目视复核
T2-四川-0209,四川,T2_判别器扩增,落叶,中,0.81,0.339,4189.0,A_灌丛层内,glc_fcs10_2023_shrub,100.15388967871274,31.82138163547946,判别器概率0.81；物候落叶；未目视复核
T2-四川-0210,四川,T2_判别器扩增,常绿,中,0.81,0.092,4486.0,B_全池发现,v2_glc_fcs30d2020_7yr_stable,100.08745926345212,29.1422012163572,判别器概率0.81；物候常绿；未目视复核
T2-四川-0211,四川,T2_判别器扩增,常绿,中,0.81,-0.016,4129.0,A_灌丛层内,glc_fcs10_2023_shrub,99.9152073077222,29.54558969469106,判别器概率0.81；物候常绿；未目视复核
T2-四川-0212,四川,T2_判别器扩增,常绿,中,0.81,0.09,4153.0,A_灌丛层内,glc_fcs10_2023_shrub,100.82421254372274,29.29343259443871,判别器概率0.81；物候常绿；未目视复核
T2-四川-0213,四川,T2_判别器扩增,落叶,中,0.81,0.312,4491.0,A_灌丛层内,glc_fcs10_2023_shrub,100.69934671923012,31.000051971208983,判别器概率0.81；物候落叶；未目视复核
T2-四川-0214,四川,T2_判别器扩增,待判,中,0.81,0.205,4218.0,A_灌丛层内,glc_fcs10_2023_shrub,100.62954762165404,32.1779229717465,判别器概率0.81；物候待判；未目视复核
T2-四川-0215,四川,T2_判别器扩增,待判,中,0.81,0.28,4281.0,A_灌丛层内,glc_fcs10_2023_shrub,101.4591417865384,32.26461039666403,判别器概率0.81；物候待判；未目视复核
T2-四川-0216,四川,T2_判别器扩增,待判,中,0.81,0.23,4339.0,A_灌丛层内,glc_fcs10_2023_shrub,100.66817517887118,31.63740666529178,判别器概率0.81；物候待判；未目视复核
T2-四川-0217,四川,T2_判别器扩增,落叶,中,0.81,0.467,3716.0,A_灌丛层内,glc_fcs10_2023_shrub,100.74758624998734,32.90304306908777,判别器概率0.81；物候落叶；未目视复核
T2-四川-0218,四川,T2_判别器扩增,常绿,中,0.81,-0.21,4037.0,B_全池发现,v2_glc_fcs30d2020_7yr_stable,98.59472875583072,31.57061692391749,判别器概率0.81；物候常绿；未目视复核
T2-四川-0219,四川,T2_判别器扩增,落叶,中,0.81,0.322,4068.0,A_灌丛层内,glc_fcs10_2023_shrub,100.97216507101722,32.71188157662714,判别器概率0.81；物候落叶；未目视复核
T2-四川-0220,四川,T2_判别器扩增,待判,中,0.81,0.221,4487.0,A_灌丛层内,glc_fcs10_2023_shrub,100.42832499801126,30.93061219974654,判别器概率0.81；物候待判；未目视复核
T2-四川-0221,四川,T2_判别器扩增,常绿,中,0.807,0.108,4408.0,B_全池发现,v2_glc_fcs30d2020_7yr_stable,100.82587442699835,29.369385151711025,判别器概率0.81；物候常绿；未目视复核
T2-四川-0222,四川,T2_判别器扩增,待判,中,0.807,0.184,3857.0,A_灌丛层内,glc_fcs10_2023_shrub,100.39544665861249,31.66067303115048,判别器概率0.81；物候待判；未目视复核
T2-四川-0223,四川,T2_判别器扩增,待判,中,0.807,0.262,4488.0,A_灌丛层内,glc_fcs10_2023_shrub,100.32519840339434,30.264152090458268,判别器概率0.81；物候待判；未目视复核
T2-四川-0224,四川,T2_判别器扩增,待判,中,0.807,0.288,4131.0,A_灌丛层内,glc_fcs10_2023_shrub,100.80238348231865,32.688076221597974,判别器概率0.81；物候待判；未目视复核
T2-四川-0225,四川,T2_判别器扩增,待判,中,0.807,0.226,4512.0,A_灌丛层内,glc_fcs10_2023_shrub,98.4593975582781,30.502654798392,判别器概率0.81；物候待判；未目视复核
T2-四川-0226,四川,T2_判别器扩增,待判,中,0.807,0.189,4393.0,A_灌丛层内,glc_fcs10_2023_shrub,100.22018534668076,31.88489252606671,判别器概率0.81；物候待判；未目视复核
T2-四川-0227,四川,T2_判别器扩增,待判,中,0.807,0.213,4533.0,A_灌丛层内,glc_fcs10_2023_shrub,99.84433023180516,29.783104255812265,判别器概率0.81；物候待判；未目视复核
T2-四川-0228,四川,T2_判别器扩增,常绿,中,0.807,-0.01,4364.0,B_全池发现,v2_glc_fcs30d2020_7yr_stable,100.7442175676719,29.57635699317216,判别器概率0.81；物候常绿；未目视复核
T2-四川-0229,四川,T2_判别器扩增,常绿,中,0.807,0.105,4497.0,A_灌丛层内,glc_fcs10_2023_shrub,100.86760117194572,29.14197663753616,判别器概率0.81；物候常绿；未目视复核
T2-四川-0230,四川,T2_判别器扩增,待判,中,0.807,0.178,4492.0,A_灌丛层内,glc_fcs10_2023_shrub,100.11301633328532,31.2211273626308,判别器概率0.81；物候待判；未目视复核
T2-四川-0231,四川,T2_判别器扩增,待判,中,0.807,0.171,4396.0,A_灌丛层内,glc_fcs10_2023_shrub,100.533158391668,31.770447158869885,判别器概率0.81；物候待判；未目视复核
T2-四川-0232,四川,T2_判别器扩增,落叶,中,0.807,0.393,4178.0,A_灌丛层内,glc_fcs10_2023_shrub,101.64859647995922,32.502304620842054,判别器概率0.81；物候落叶；未目视复核
T2-四川-0233,四川,T2_判别器扩增,落叶,中,0.807,0.308,3967.0,A_灌丛层内,glc_fcs10_2023_shrub,101.78603871842952,33.07992134853091,判别器概率0.81；物候落叶；未目视复核
T2-四川-0234,四川,T2_判别器扩增,待判,中,0.807,0.219,4376.0,A_灌丛层内,glc_fcs10_2023_shrub,98.53602385201349,31.90941653332317,判别器概率0.81；物候待判；未目视复核
T2-四川-0235,四川,T2_判别器扩增,常绿,中,0.807,0.133,4224.0,A_灌丛层内,glc_fcs10_2023_shrub,100.31531693526902,32.000056545490835,判别器概率0.81；物候常绿；未目视复核
T2-四川-0236,四川,T2_判别器扩增,待判,中,0.807,0.184,4243.0,B_全池发现,v2_glc_fcs30d2020_7yr_stable,100.51433868646572,31.58409165317929,判别器概率0.81；物候待判；未目视复核
T2-四川-0237,四川,T2_判别器扩增,落叶,中,0.807,0.501,3972.0,A_灌丛层内,glc_fcs10_2023_shrub,101.27579563704964,33.56339463444404,判别器概率0.81；物候落叶；未目视复核
T2-四川-0238,四川,T2_判别器扩增,待判,中,0.807,0.17,4131.0,A_灌丛层内,glc_fcs10_2023_shrub,99.56279822176212,32.00589559483761,判别器概率0.81；物候待判；未目视复核
T2-四川-0239,四川,T2_判别器扩增,落叶,中,0.807,0.391,3950.0,A_灌丛层内,glc_fcs10_2023_shrub,101.117781978573,32.54659156434915,判别器概率0.81；物候落叶；未目视复核
T2-黑龙江-0240,黑龙江,T2_判别器扩增,落叶,中,0.807,0.595,407.0,A_灌丛层内,glc_fcs10_2023_shrub,122.53352852045398,47.32271017824592,判别器概率0.81；物候落叶；未目视复核
T2-黑龙江-0241,黑龙江,T2_判别器扩增,落叶,中,0.793,0.663,505.0,B_全池发现,glc_fcs10_2023,122.09973206975266,46.95224495507503,判别器概率0.79；物候落叶；未目视复核
T2-黑龙江-0242,黑龙江,T2_判别器扩增,落叶,中,0.783,0.616,510.0,A_灌丛层内,glc_fcs10_2023_shrub,121.67303230979589,46.67529435298098,判别器概率0.78；物候落叶；未目视复核
T2-黑龙江-0243,黑龙江,T2_判别器扩增,落叶,中,0.783,0.669,475.0,A_灌丛层内,glc_fcs10_2023_shrub,122.23277256333076,47.045849407680286,判别器概率0.78；物候落叶；未目视复核
T2-黑龙江-0244,黑龙江,T2_判别器扩增,落叶,中,0.773,0.65,343.0,A_灌丛层内,glc_fcs10_2023_shrub,122.7050169081924,47.41559597862389,判别器概率0.77；物候落叶；未目视复核
T2-黑龙江-0245,黑龙江,T2_判别器扩增,落叶,中,0.773,0.591,476.0,B_全池发现,v2_glc_fcs30d2020_7yr_stable,121.79686507171178,46.83856315586971,判别器概率0.77；物候落叶；未目视复核
T2-黑龙江-0246,黑龙江,T2_判别器扩增,落叶,中,0.77,0.635,469.0,B_全池发现,v2_glc_fcs30d2020_7yr_stable,121.97311453045602,46.586046729503714,判别器概率0.77；物候落叶；未目视复核
T2-黑龙江-0247,黑龙江,T2_判别器扩增,落叶,中,0.767,0.567,397.0,B_全池发现,v2_glc_fcs30d2020_7yr_stable,122.23937518066904,47.20291983510859,判别器概率0.77；物候落叶；未目视复核
T2-黑龙江-0248,黑龙江,T2_判别器扩增,落叶,中,0.767,0.59,488.0,A_灌丛层内,glc_fcs10_2023_shrub,121.93830481319638,46.84399796333863,判别器概率0.77；物候落叶；未目视复核
T2-黑龙江-0249,黑龙江,T2_判别器扩增,落叶,中,0.763,0.588,500.0,A_灌丛层内,glc_fcs10_2023_shrub,121.9707339949531,47.04459176628252,判别器概率0.76；物候落叶；未目视复核
T2-黑龙江-0250,黑龙江,T2_判别器扩增,落叶,中,0.76,0.667,498.0,B_全池发现,v2_glc_fcs30d2020_7yr_stable,121.63274286930312,46.722410989633055,判别器概率0.76；物候落叶；未目视复核
T2-黑龙江-0251,黑龙江,T2_判别器扩增,落叶,中,0.76,0.632,473.0,B_全池发现,v2_glc_fcs30d2020_7yr_stable,122.0752529782604,46.86847705483089,判别器概率0.76；物候落叶；未目视复核
T2-黑龙江-0252,黑龙江,T2_判别器扩增,落叶,中,0.76,0.621,522.0,A_灌丛层内,glc_fcs10_2023_shrub,121.83383074565327,46.70260313761822,判别器概率0.76；物候落叶；未目视复核
T2-黑龙江-0253,黑龙江,T2_判别器扩增,落叶,中,0.76,0.611,470.0,A_灌丛层内,glc_fcs10_2023_shrub,121.97396792997591,46.58654080290997,判别器概率0.76；物候落叶；未目视复核
T2-黑龙江-0254,黑龙江,T2_判别器扩增,落叶,中,0.757,0.628,427.0,B_全池发现,v2_glc_fcs30d2020_7yr_stable,121.97500099255268,46.63698120611329,判别器概率0.76；物候落叶；未目视复核
T2-黑龙江-0255,黑龙江,T2_判别器扩增,落叶,中,0.757,0.72,455.0,B_全池发现,v2_glc_fcs30d2020_7yr_stable,122.24719052364088,46.99460052072127,判别器概率0.76；物候落叶；未目视复核
T2-黑龙江-0256,黑龙江,T2_判别器扩增,落叶,中,0.757,0.594,507.0,B_全池发现,v2_glc_fcs30d2020_7yr_stable,122.02674395291795,47.12746135124255,判别器概率0.76；物候落叶；未目视复核
T2-黑龙江-0257,黑龙江,T2_判别器扩增,落叶,中,0.753,0.647,457.0,A_灌丛层内,glc_fcs10_2023_shrub,122.31910066213464,47.547917819974685,判别器概率0.75；物候落叶；未目视复核
T2-黑龙江-0258,黑龙江,T2_判别器扩增,落叶,中,0.753,0.512,521.0,B_全池发现,v2_glc_fcs30d2020_7yr_stable,121.3551634465102,46.4566893285905,判别器概率0.75；物候落叶；未目视复核
T2-黑龙江-0259,黑龙江,T2_判别器扩增,落叶,中,0.75,0.634,643.0,A_灌丛层内,glc_fcs10_2023_shrub,121.61050956602116,46.56659820360253,判别器概率0.75；物候落叶；未目视复核
T2-黑龙江-0260,黑龙江,T2_判别器扩增,落叶,中,0.75,0.651,452.0,B_全池发现,v2_glc_fcs30d2020_7yr_stable,122.20191543332126,46.86712958190471,判别器概率0.75；物候落叶；未目视复核
T2-黑龙江-0261,黑龙江,T2_判别器扩增,落叶,中,0.747,0.586,466.0,A_灌丛层内,glc_fcs10_2023_shrub,121.81047454826616,46.84570476237846,判别器概率0.75；物候落叶；未目视复核
T2-黑龙江-0262,黑龙江,T2_判别器扩增,落叶,中,0.747,0.644,360.0,A_灌丛层内,glc_fcs10_2023_shrub,122.63324151699123,47.25048562940271,判别器概率0.75；物候落叶；未目视复核
T2-黑龙江-0263,黑龙江,T2_判别器扩增,落叶,中,0.747,0.644,376.0,A_灌丛层内,glc_fcs10_2023_shrub,122.71498820784612,47.30941511204095,判别器概率0.75；物候落叶；未目视复核
T2-黑龙江-0264,黑龙江,T2_判别器扩增,落叶,中,0.747,0.612,422.0,A_灌丛层内,glc_fcs10_2023_shrub,122.1331493983219,46.5529438112839,判别器概率0.75；物候落叶；未目视复核
T2-黑龙江-0265,黑龙江,T2_判别器扩增,落叶,中,0.747,0.59,538.0,A_灌丛层内,glc_fcs10_2023_shrub,122.15470896514076,47.20718683270815,判别器概率0.75；物候落叶；未目视复核
T2-黑龙江-0266,黑龙江,T2_判别器扩增,落叶,中,0.743,0.576,426.0,B_全池发现,v2_glc_fcs30d2020_7yr_stable,122.22832590267436,46.89138409457593,判别器概率0.74；物候落叶；未目视复核
T2-黑龙江-0267,黑龙江,T2_判别器扩增,落叶,中,0.743,0.62,527.0,A_灌丛层内,glc_fcs10_2023_shrub,121.8564682908131,46.72299489456773,判别器概率0.74；物候落叶；未目视复核
T2-黑龙江-0268,黑龙江,T2_判别器扩增,落叶,中,0.743,0.618,377.0,B_全池发现,v2_glc_fcs30d2020_7yr_stable,122.00195045107624,46.8873416757974,判别器概率0.74；物候落叶；未目视复核
T2-黑龙江-0269,黑龙江,T2_判别器扩增,落叶,中,0.743,0.607,420.0,A_灌丛层内,glc_fcs10_2023_shrub,122.63449915838902,47.732880936974894,判别器概率0.74；物候落叶；未目视复核
T2-黑龙江-0270,黑龙江,T2_判别器扩增,落叶,中,0.74,0.629,503.0,A_灌丛层内,glc_fcs10_2023_shrub,121.73429741217284,46.22577738480758,判别器概率0.74；物候落叶；未目视复核
T2-黑龙江-0271,黑龙江,T2_判别器扩增,落叶,中,0.74,0.675,417.0,B_全池发现,v2_glc_fcs30d2020_7yr_stable,122.3043233757109,47.239571098700665,判别器概率0.74；物候落叶；未目视复核
T2-黑龙江-0272,黑龙江,T2_判别器扩增,落叶,中,0.74,0.731,483.0,B_全池发现,v2_glc_fcs30d2020_7yr_stable,121.99952499980914,46.6100317475897,判别器概率0.74；物候落叶；未目视复核
T2-黑龙江-0273,黑龙江,T2_判别器扩增,落叶,中,0.74,0.671,327.0,B_全池发现,v2_glc_fcs30d2020_7yr_stable,122.65709178778462,47.5457169475286,判别器概率0.74；物候落叶；未目视复核
T2-黑龙江-0274,黑龙江,T2_判别器扩增,落叶,中,0.74,0.604,426.0,B_全池发现,v2_glc_fcs30d2020_7yr_stable,122.2878842060115,46.88410774077457,判别器概率0.74；物候落叶；未目视复核
T2-黑龙江-0275,黑龙江,T2_判别器扩增,落叶,中,0.737,0.59,411.0,A_灌丛层内,glc_fcs10_2023_shrub,122.20258916978436,46.84974718115699,判别器概率0.74；物候落叶；未目视复核
T2-黑龙江-0276,黑龙江,T2_判别器扩增,落叶,中,0.737,0.701,479.0,A_灌丛层内,glc_fcs10_2023_shrub,121.90632478908172,46.68310969595282,判别器概率0.74；物候落叶；未目视复核
T2-黑龙江-0277,黑龙江,T2_判别器扩增,落叶,中,0.737,0.63,417.0,B_全池发现,v2_glc_fcs30d2020_7yr_stable,122.58594521728236,47.25897470883764,判别器概率0.74；物候落叶；未目视复核
T2-黑龙江-0278,黑龙江,T2_判别器扩增,落叶,中,0.737,0.584,549.0,A_灌丛层内,glc_fcs10_2023_shrub,122.05733158834222,46.93751258441547,判别器概率0.74；物候落叶；未目视复核
T2-黑龙江-0279,黑龙江,T2_判别器扩增,落叶,中,0.737,0.612,520.0,B_全池发现,v2_glc_fcs30d2020_7yr_stable,121.75105099222168,46.806762794811874,判别器概率0.74；物候落叶；未目视复核
T2-黑龙江-0280,黑龙江,T2_判别器扩增,落叶,中,0.737,0.617,468.0,B_全池发现,v2_glc_fcs30d2020_7yr_stable,122.34636453100768,46.84530052050061,判别器概率0.74；物候落叶；未目视复核
T2-黑龙江-0281,黑龙江,T2_判别器扩增,落叶,中,0.737,0.606,711.0,B_全池发现,v2_glc_fcs30d2020_7yr_stable,121.30153402404828,46.49899997847253,判别器概率0.74；物候落叶；未目视复核
T2-黑龙江-0282,黑龙江,T2_判别器扩增,落叶,中,0.737,0.62,444.0,B_全池发现,v2_glc_fcs30d2020_7yr_stable,121.95829232826804,46.68656820979668,判别器概率0.74；物候落叶；未目视复核
T2-黑龙江-0283,黑龙江,T2_判别器扩增,落叶,中,0.737,0.565,520.0,A_灌丛层内,glc_fcs10_2023_shrub,121.94243706350332,47.1488861707688,判别器概率0.74；物候落叶；未目视复核
T2-黑龙江-0284,黑龙江,T2_判别器扩增,落叶,中,0.733,0.659,391.0,B_全池发现,v2_glc_fcs30d2020_7yr_stable,121.84995550500324,46.76499113410032,判别器概率0.73；物候落叶；未目视复核
T2-黑龙江-0285,黑龙江,T2_判别器扩增,落叶,中,0.733,0.612,495.0,A_灌丛层内,glc_fcs10_2023_shrub,121.76645709934432,46.37166378694859,判别器概率0.73；物候落叶；未目视复核
T2-黑龙江-0286,黑龙江,T2_判别器扩增,落叶,中,0.733,0.687,544.0,B_全池发现,v2_glc_fcs30d2020_7yr_stable,122.02081507204277,47.05011640527986,判别器概率0.73；物候落叶；未目视复核
T2-黑龙江-0287,黑龙江,T2_判别器扩增,落叶,中,0.733,0.645,396.0,A_灌丛层内,glc_fcs10_2023_shrub,122.61275992851331,47.26593665228957,判别器概率0.73；物候落叶；未目视复核
T2-黑龙江-0288,黑龙江,T2_判别器扩增,落叶,中,0.733,0.709,303.0,A_灌丛层内,glc_fcs10_2023_shrub,122.36204013271556,46.756142728551744,判别器概率0.73；物候落叶；未目视复核
T2-黑龙江-0289,黑龙江,T2_判别器扩增,落叶,中,0.73,0.579,367.0,B_全池发现,v2_glc_fcs30d2020_7yr_stable,122.05396290602678,46.78331676589636,判别器概率0.73；物候落叶；未目视复核
T2-黑龙江-0290,黑龙江,T2_判别器扩增,落叶,中,0.73,0.643,432.0,A_灌丛层内,glc_fcs10_2023_shrub,122.1008100480936,46.60019519522859,判别器概率0.73；物候落叶；未目视复核
T2-黑龙江-0291,黑龙江,T2_判别器扩增,落叶,中,0.73,0.621,509.0,B_全池发现,v2_glc_fcs30d2020_7yr_stable,122.07094106489664,46.976813878095705,判别器概率0.73；物候落叶；未目视复核
T2-黑龙江-0292,黑龙江,T2_判别器扩增,落叶,中,0.73,0.642,528.0,A_灌丛层内,glc_fcs10_2023_shrub,121.58724320016248,46.04377870824496,判别器概率0.73；物候落叶；未目视复核
T2-黑龙江-0293,黑龙江,T2_判别器扩增,落叶,中,0.73,0.682,264.0,B_全池发现,v2_glc_fcs30d2020_7yr_stable,126.71514125226616,44.07759113012836,判别器概率0.73；物候落叶；未目视复核
T2-黑龙江-0294,黑龙江,T2_判别器扩增,落叶,中,0.73,0.679,442.0,B_全池发现,v2_glc_fcs30d2020_7yr_stable,123.81537951512834,49.93963734817871,判别器概率0.73；物候落叶；未目视复核
T2-黑龙江-0295,黑龙江,T2_判别器扩增,落叶,中,0.73,0.648,355.0,A_灌丛层内,glc_fcs10_2023_shrub,122.35602142031196,47.000035328190194,判别器概率0.73；物候落叶；未目视复核
T2-黑龙江-0296,黑龙江,T2_判别器扩增,落叶,中,0.73,0.678,352.0,A_灌丛层内,glc_fcs10_2023_shrub,122.42087978382538,47.23027353551002,判别器概率0.73；物候落叶；未目视复核
T2-黑龙江-0297,黑龙江,T2_判别器扩增,落叶,中,0.73,0.69,346.0,A_灌丛层内,glc_fcs10_2023_shrub,122.44243935064426,47.17044573758766,判别器概率0.73；物候落叶；未目视复核
T2-黑龙江-0298,黑龙江,T2_判别器扩增,落叶,中,0.73,0.611,450.0,B_全池发现,v2_glc_fcs30d2020_7yr_stable,122.23560225647574,47.24469149582014,判别器概率0.73；物候落叶；未目视复核
T2-黑龙江-0299,黑龙江,T2_判别器扩增,落叶,中,0.73,0.57,442.0,B_全池发现,v2_glc_fcs30d2020_7yr_stable,121.83863673242332,46.321133552216864,判别器概率0.73；物候落叶；未目视复核
T2-黑龙江-0300,黑龙江,T2_判别器扩增,落叶,中,0.73,0.618,438.0,B_全池发现,v2_glc_fcs30d2020_7yr_stable,122.1622997292916,47.22232344524557,判别器概率0.73；物候落叶；未目视复核
T2-黑龙江-0301,黑龙江,T2_判别器扩增,落叶,中,0.73,0.715,501.0,A_灌丛层内,glc_fcs10_2023_shrub,123.15794747444544,50.07514820878813,判别器概率0.73；物候落叶；未目视复核
T2-黑龙江-0302,黑龙江,T2_判别器扩增,落叶,中,0.73,0.669,357.0,A_灌丛层内,glc_fcs10_2023_shrub,122.7065440441754,47.75102690571411,判别器概率0.73；物候落叶；未目视复核
T2-黑龙江-0303,黑龙江,T2_判别器扩增,落叶,中,0.727,0.652,402.0,A_灌丛层内,glc_fcs10_2023_shrub,121.82484759281208,46.31632756544683,判别器概率0.73；物候落叶；未目视复核
T2-黑龙江-0304,黑龙江,T2_判别器扩增,落叶,中,0.727,0.655,321.0,A_灌丛层内,glc_fcs10_2023_shrub,122.4434274974568,47.10989928743801,判别器概率0.73；物候落叶；未目视复核
T2-黑龙江-0305,黑龙江,T2_判别器扩增,落叶,中,0.727,0.672,451.0,A_灌丛层内,glc_fcs10_2023_shrub,122.01906335723872,46.62453953942824,判别器概率0.73；物候落叶；未目视复核
T2-黑龙江-0306,黑龙江,T2_判别器扩增,落叶,中,0.727,0.593,508.0,B_全池发现,v2_glc_fcs30d2020_7yr_stable,121.6941876347369,46.00178246871238,判别器概率0.73；物候落叶；未目视复核
T2-黑龙江-0307,黑龙江,T2_判别器扩增,落叶,中,0.727,0.706,437.0,A_灌丛层内,glc_fcs10_2023_shrub,122.23627599293884,46.94029736179624,判别器概率0.73；物候落叶；未目视复核
T2-黑龙江-0308,黑龙江,T2_判别器扩增,落叶,中,0.727,0.582,421.0,A_灌丛层内,glc_fcs10_2023_shrub,122.2074400723186,47.200808794190905,判别器概率0.73；物候落叶；未目视复核
T2-黑龙江-0309,黑龙江,T2_判别器扩增,落叶,中,0.727,0.681,377.0,A_灌丛层内,glc_fcs10_2023_shrub,122.7425664870686,47.29809633946105,判别器概率0.73；物候落叶；未目视复核
T2-黑龙江-0310,黑龙江,T2_判别器扩增,落叶,中,0.727,0.684,682.0,A_灌丛层内,glc_fcs10_2023_shrub,121.32780974610876,46.97587064704737,判别器概率0.73；物候落叶；未目视复核
T2-黑龙江-0311,黑龙江,T2_判别器扩增,落叶,中,0.727,0.677,356.0,B_全池发现,v2_glc_fcs30d2020_7yr_stable,122.71584160736604,46.930999798605605,判别器概率0.73；物候落叶；未目视复核
T2-黑龙江-0312,黑龙江,T2_判别器扩增,落叶,中,0.727,0.671,617.0,A_灌丛层内,glc_fcs10_2023_shrub,121.54089013150192,47.22605145367466,判别器概率0.73；物候落叶；未目视复核
T2-黑龙江-0313,黑龙江,T2_判别器扩增,落叶,中,0.727,0.577,384.0,A_灌丛层内,glc_fcs10_2023_shrub,122.39878122783604,47.17332034649685,判别器概率0.73；物候落叶；未目视复核
T2-黑龙江-0314,黑龙江,T2_判别器扩增,落叶,中,0.727,0.66,504.0,B_全池发现,v2_glc_fcs30d2020_7yr_stable,122.09816001800546,46.95417633293589,判别器概率0.73；物候落叶；未目视复核
T2-黑龙江-0315,黑龙江,T2_判别器扩增,落叶,中,0.727,0.64,493.0,A_灌丛层内,glc_fcs10_2023_shrub,122.23169458498982,47.62984417388639,判别器概率0.73；物候落叶；未目视复核
T2-黑龙江-0316,黑龙江,T2_判别器扩增,落叶,中,0.723,0.631,438.0,A_灌丛层内,glc_fcs10_2023_shrub,121.95159987940136,46.84956751810017,判别器概率0.72；物候落叶；未目视复核
T2-黑龙江-0317,黑龙江,T2_判别器扩增,落叶,中,0.723,0.698,379.0,B_全池发现,v2_glc_fcs30d2020_7yr_stable,122.58190279850382,47.247655936257736,判别器概率0.72；物候落叶；未目视复核
T2-黑龙江-0318,黑龙江,T2_判别器扩增,落叶,中,0.723,0.597,523.0,A_灌丛层内,glc_fcs10_2023_shrub,121.73914831470708,46.79773472620648,判别器概率0.72；物候落叶；未目视复核
T2-黑龙江-0319,黑龙江,T2_判别器扩增,落叶,中,0.723,0.639,355.0,B_全池发现,v2_glc_fcs30d2020_7yr_stable,122.42370947697036,47.17785683868165,判别器概率0.72；物候落叶；未目视复核
T2-黑龙江-0320,黑龙江,T2_判别器扩增,落叶,中,0.723,0.675,340.0,A_灌丛层内,glc_fcs10_2023_shrub,122.46022599326984,47.16775079173531,判别器概率0.72；物候落叶；未目视复核
T2-黑龙江-0321,黑龙江,T2_判别器扩增,落叶,中,0.723,0.55,452.0,A_灌丛层内,glc_fcs10_2023_shrub,121.87263796592724,46.973085869666605,判别器概率0.72；物候落叶；未目视复核
T2-黑龙江-0322,黑龙江,T2_判别器扩增,落叶,中,0.723,0.659,533.0,B_全池发现,v2_glc_fcs30d2020_7yr_stable,121.62546651550176,46.26453968931733,判别器概率0.72；物候落叶；未目视复核
T2-黑龙江-0323,黑龙江,T2_判别器扩增,落叶,中,0.723,0.8,277.0,A_灌丛层内,glc_fcs10_2023_shrub,124.5809687160192,49.68492004936662,判别器概率0.72；物候落叶；未目视复核
T2-黑龙江-0324,黑龙江,T2_判别器扩增,落叶,中,0.723,0.433,223.0,B_全池发现,glc_fcs10_2023_band130,130.1819645125044,43.00998833071651,判别器概率0.72；物候落叶；未目视复核
T2-黑龙江-0325,黑龙江,T2_判别器扩增,落叶,中,0.72,0.712,685.0,B_全池发现,v2_glc_fcs30d2020_7yr_stable,121.0942926880019,46.37934438262781,判别器概率0.72；物候落叶；未目视复核
T2-黑龙江-0326,黑龙江,T2_判别器扩增,落叶,中,0.72,0.706,513.0,B_全池发现,v2_glc_fcs30d2020_7yr_stable,121.66696868162808,46.69222759608664,判别器概率0.72；物候落叶；未目视复核
T2-黑龙江-0327,黑龙江,T2_判别器扩增,落叶,中,0.72,0.674,559.0,A_灌丛层内,glc_fcs10_2023_shrub,121.416832790765,46.31129699985576,判别器概率0.72；物候落叶；未目视复核
T2-黑龙江-0328,黑龙江,T2_判别器扩增,落叶,中,0.72,0.608,569.0,A_灌丛层内,glc_fcs10_2023_shrub,121.46399434318128,46.36735187358481,判别器概率0.72；物候落叶；未目视复核
T2-黑龙江-0329,黑龙江,T2_判别器扩增,落叶,中,0.72,0.623,303.0,B_全池发现,v2_glc_fcs30d2020_7yr_stable,122.48057283445516,46.98085629687424,判别器概率0.72；物候落叶；未目视复核
T2-黑龙江-0330,黑龙江,T2_判别器扩增,落叶,中,0.72,0.588,570.0,A_灌丛层内,glc_fcs10_2023_shrub,121.67213399451175,47.03318316217421,判别器概率0.72；物候落叶；未目视复核
T2-黑龙江-0331,黑龙江,T2_判别器扩增,落叶,中,0.72,0.664,494.0,B_全池发现,v2_glc_fcs30d2020_7yr_stable,121.93727175061966,46.84610900425631,判别器概率0.72；物候落叶；未目视复核
T2-黑龙江-0332,黑龙江,T2_判别器扩增,落叶,中,0.72,0.61,403.0,B_全池发现,v2_glc_fcs30d2020_7yr_stable,122.11136525268202,47.15144636932854,判别器概率0.72；物候落叶；未目视复核
T2-黑龙江-0333,黑龙江,T2_判别器扩增,落叶,中,0.717,0.707,526.0,A_灌丛层内,glc_fcs10_2023_shrub,121.62317581152726,46.72595933500533,判别器概率0.72；物候落叶；未目视复核
T2-黑龙江-0334,黑龙江,T2_判别器扩增,落叶,中,0.717,0.645,488.0,B_全池发现,v2_glc_fcs30d2020_7yr_stable,121.882833844402,46.72995683801966,判别器概率0.72；物候落叶；未目视复核
T2-黑龙江-0335,黑龙江,T2_判别器扩增,落叶,中,0.717,0.662,638.0,A_灌丛层内,glc_fcs10_2023_shrub,121.52409163568888,47.05087997327136,判别器概率0.72；物候落叶；未目视复核
T2-黑龙江-0336,黑龙江,T2_判别器扩增,落叶,中,0.717,0.576,468.0,A_灌丛层内,glc_fcs10_2023_shrub,122.6155447058941,47.92089832594111,判别器概率0.72；物候落叶；未目视复核
T2-黑龙江-0337,黑龙江,T2_判别器扩增,落叶,中,0.717,0.67,357.0,B_全池发现,v2_glc_fcs30d2020_7yr_stable,122.31537265370557,47.005919293301176,判别器概率0.72；物候落叶；未目视复核
T2-黑龙江-0338,黑龙江,T2_判别器扩增,落叶,中,0.717,0.691,363.0,A_灌丛层内,glc_fcs10_2023_shrub,122.7230730454032,47.26485867394862,判别器概率0.72；物候落叶；未目视复核
T2-黑龙江-0339,黑龙江,T2_判别器扩增,落叶,中,0.717,0.564,463.0,B_全池发现,v2_glc_fcs30d2020_7yr_stable,121.81141777931452,46.88276026784839,判别器概率0.72；物候落叶；未目视复核
T2-黑龙江-0340,黑龙江,T2_判别器扩增,落叶,中,0.717,0.593,449.0,A_灌丛层内,glc_fcs10_2023_shrub,123.2890116743985,48.47390121484509,判别器概率0.72；物候落叶；未目视复核
T2-黑龙江-0341,黑龙江,T2_判别器扩增,落叶,中,0.717,0.633,358.0,B_全池发现,v2_glc_fcs30d2020_7yr_stable,122.46278619182958,46.99999041242599,判别器概率0.72；物候落叶；未目视复核
T2-黑龙江-0342,黑龙江,T2_判别器扩增,落叶,中,0.717,0.637,371.0,B_全池发现,v2_glc_fcs30d2020_7yr_stable,122.3248049641888,46.91456062890622,判别器概率0.72；物候落叶；未目视复核
T2-黑龙江-0343,黑龙江,T2_判别器扩增,落叶,中,0.717,0.545,557.0,B_全池发现,v2_glc_fcs30d2020_7yr_stable,121.41445225526208,46.30631135002889,判别器概率0.72；物候落叶；未目视复核
T2-黑龙江-0344,黑龙江,T2_判别器扩增,落叶,中,0.717,0.49,441.0,B_全池发现,v2_glc_fcs30d2020_7yr_stable,121.98551128137689,47.21908951022274,判别器概率0.72；物候落叶；未目视复核
T2-黑龙江-0345,黑龙江,T2_判别器扩增,落叶,中,0.717,0.648,609.0,B_全池发现,v2_glc_fcs30d2020_7yr_stable,121.27674052220657,46.57850088111711,判别器概率0.72；物候落叶；未目视复核
T2-黑龙江-0346,黑龙江,T2_判别器扩增,落叶,中,0.717,0.606,497.0,B_全池发现,v2_glc_fcs30d2020_7yr_stable,121.61926814004134,46.34457958113239,判别器概率0.72；物候落叶；未目视复核
T2-黑龙江-0347,黑龙江,T2_判别器扩增,落叶,中,0.717,0.593,351.0,A_灌丛层内,glc_fcs10_2023_shrub,126.63388863481754,50.91318653734324,判别器概率0.72；物候落叶；未目视复核
T2-黑龙江-0348,黑龙江,T2_判别器扩增,落叶,中,0.717,0.557,440.0,A_灌丛层内,glc_fcs10_2023_shrub,122.25585926613265,47.09426860149433,判别器概率0.72；物候落叶；未目视复核
T2-黑龙江-0349,黑龙江,T2_判别器扩增,落叶,中,0.713,0.767,373.0,A_灌丛层内,glc_fcs10_2023_shrub,122.65264512712822,47.188412043270056,判别器概率0.71；物候落叶；未目视复核
T2-黑龙江-0350,黑龙江,T2_判别器扩增,落叶,中,0.713,0.604,502.0,A_灌丛层内,glc_fcs10_2023_shrub,121.98133411530571,46.92556499113668,判别器概率0.71；物候落叶；未目视复核
T2-黑龙江-0351,黑龙江,T2_判别器扩增,落叶,中,0.713,0.568,427.0,A_灌丛层内,glc_fcs10_2023_shrub,122.65291462171346,47.8989794330086,判别器概率0.71；物候落叶；未目视复核
T2-黑龙江-0352,黑龙江,T2_判别器扩增,落叶,中,0.713,0.742,564.0,B_全池发现,v2_glc_fcs30d2020_7yr_stable,121.49476164166238,47.15279384225472,判别器概率0.71；物候落叶；未目视复核
T2-黑龙江-0353,黑龙江,T2_判别器扩增,落叶,中,0.713,0.643,375.0,B_全池发现,v2_glc_fcs30d2020_7yr_stable,122.3396271663768,46.87656189238796,判别器概率0.71；物候落叶；未目视复核
T2-黑龙江-0354,黑龙江,T2_判别器扩增,落叶,中,0.713,0.635,464.0,B_全池发现,v2_glc_fcs30d2020_7yr_stable,121.78851073956946,46.85931423893287,判别器概率0.71；物候落叶；未目视复核
T2-黑龙江-0355,黑龙江,T2_判别器扩增,落叶,中,0.713,0.504,436.0,A_灌丛层内,glc_fcs10_2023_shrub,122.23115559581936,46.89870536414151,判别器概率0.71；物候落叶；未目视复核
T2-黑龙江-0356,黑龙江,T2_判别器扩增,落叶,中,0.713,0.634,424.0,A_灌丛层内,glc_fcs10_2023_shrub,122.40947117971707,47.54854664067357,判别器概率0.71；物候落叶；未目视复核
T2-黑龙江-0357,黑龙江,T2_判别器扩增,落叶,中,0.713,0.742,510.0,A_灌丛层内,glc_fcs10_2023_shrub,123.5121531909738,52.075337020408654,判别器概率0.71；物候落叶；未目视复核
T2-黑龙江-0358,黑龙江,T2_判别器扩增,落叶,中,0.713,0.572,491.0,A_灌丛层内,glc_fcs10_2023_shrub,122.2977207583726,47.31471517221726,判别器概率0.71；物候落叶；未目视复核
T2-黑龙江-0359,黑龙江,T2_判别器扩增,落叶,中,0.713,0.651,467.0,A_灌丛层内,glc_fcs10_2023_shrub,122.47145493432132,47.816154763812776,判别器概率0.71；物候落叶；未目视复核
T2-福建-0360,福建,T2_判别器扩增,常绿,中,0.883,0.009,213.0,A_灌丛层内,glc_fcs10_2023_shrub,118.1015104031935,25.129202263374257,判别器概率0.88；物候常绿；未目视复核
T2-福建-0361,福建,T2_判别器扩增,常绿,中,0.88,-0.097,182.0,A_灌丛层内,glc_fcs10_2023_shrub,115.79248079689268,23.38727909593809,判别器概率0.88；物候常绿；未目视复核
T2-福建-0362,福建,T2_判别器扩增,常绿,中,0.877,0.055,814.0,B_全池发现,v2_glc_fcs30d2020_7yr_stable,117.8994343800308,26.5326851475184,判别器概率0.88；物候常绿；未目视复核
T2-福建-0363,福建,T2_判别器扩增,常绿,中,0.873,-0.012,178.0,B_全池发现,v2_glc_fcs30d2020_7yr_stable,116.39269015397714,23.408164926293875,判别器概率0.87；物候常绿；未目视复核
T2-福建-0364,福建,T2_判别器扩增,常绿,中,0.87,-0.002,321.0,A_灌丛层内,glc_fcs10_2023_shrub,116.00286623643346,23.963278856115533,判别器概率0.87；物候常绿；未目视复核
T2-福建-0365,福建,T2_判别器扩增,常绿,中,0.867,-0.002,236.0,B_全池发现,v2_glc_fcs30d2020_7yr_stable,116.25497842092162,23.10282756122165,判别器概率0.87；物候常绿；未目视复核
T2-福建-0366,福建,T2_判别器扩增,常绿,中,0.867,0.081,674.0,B_全池发现,v2_glc_fcs30d2020_7yr_stable,115.95233600170177,27.5939548241772,判别器概率0.87；物候常绿；未目视复核
T2-福建-0367,福建,T2_判别器扩增,常绿,中,0.863,-0.208,504.0,A_灌丛层内,glc_fcs10_2023_shrub,115.85841713874704,23.28864407774177,判别器概率0.86；物候常绿；未目视复核
T2-福建-0368,福建,T2_判别器扩增,常绿,中,0.863,0.09,524.0,A_灌丛层内,glc_fcs10_2023_shrub,118.35914722667896,26.72874245827748,判别器概率0.86；物候常绿；未目视复核
T2-福建-0369,福建,T2_判别器扩增,常绿,中,0.86,-0.202,954.0,A_灌丛层内,glc_fcs10_2023_shrub,118.26644108935784,27.75866093152051,判别器概率0.86；物候常绿；未目视复核
T2-福建-0370,福建,T2_判别器扩增,常绿,中,0.86,0.013,412.0,A_灌丛层内,glc_fcs10_2023_shrub,115.53735925620272,24.510981684843205,判别器概率0.86；物候常绿；未目视复核
T2-福建-0371,福建,T2_判别器扩增,常绿,中,0.857,-0.037,452.0,B_全池发现,v2_glc_fcs30d2020_7yr_stable,115.50524448479548,24.47320752714598,判别器概率0.86；物候常绿；未目视复核
T2-福建-0372,福建,T2_判别器扩增,常绿,中,0.857,0.067,728.0,A_灌丛层内,glc_fcs10_2023_shrub,118.28692267783576,26.125523744991217,判别器概率0.86；物候常绿；未目视复核
T2-福建-0373,福建,T2_判别器扩增,常绿,中,0.857,0.039,397.0,B_全池发现,v2_glc_fcs30d2020_7yr_stable,118.51172607768667,27.454895618195497,判别器概率0.86；物候常绿；未目视复核
T2-福建-0374,福建,T2_判别器扩增,常绿,中,0.857,0.123,643.0,A_灌丛层内,glc_fcs10_2023_shrub,118.44978723884664,27.174037344615524,判别器概率0.86；物候常绿；未目视复核
T2-福建-0375,福建,T2_判别器扩增,常绿,中,0.857,-0.021,637.0,B_全池发现,v2_glc_fcs30d2020_7yr_stable,118.09077553554827,24.895775036795804,判别器概率0.86；物候常绿；未目视复核
T2-福建-0376,福建,T2_判别器扩增,常绿,中,0.853,-0.033,252.0,B_全池发现,v2_glc_fcs30d2020_7yr_stable,118.153298279323,24.79767900776995,判别器概率0.85；物候常绿；未目视复核
T2-福建-0377,福建,T2_判别器扩增,常绿,中,0.853,0.016,356.0,B_全池发现,v2_glc_fcs30d2020_7yr_stable,117.97812679891967,26.80164074358378,判别器概率0.85；物候常绿；未目视复核
T2-福建-0378,福建,T2_判别器扩增,常绿,中,0.85,0.01,242.0,B_全池发现,v2_glc_fcs30d2020_7yr_stable,118.12661831538465,25.164730632861183,判别器概率0.85；物候常绿；未目视复核
T2-福建-0379,福建,T2_判别器扩增,常绿,中,0.85,0.025,475.0,A_灌丛层内,glc_fcs10_2023_shrub,117.8932809203346,26.944517789522987,判别器概率0.85；物候常绿；未目视复核
T2-福建-0380,福建,T2_判别器扩增,常绿,中,0.85,0.015,506.0,B_全池发现,v2_glc_fcs30d2020_7yr_stable,116.19838455802208,24.10777286956616,判别器概率0.85；物候常绿；未目视复核
T2-福建-0381,福建,T2_判别器扩增,常绿,中,0.85,0.06,123.0,B_全池发现,v2_glc_fcs30d2020_7yr_stable,115.6249000806402,23.308451929756608,判别器概率0.85；物候常绿；未目视复核
T2-福建-0382,福建,T2_判别器扩增,常绿,中,0.847,-0.038,941.0,B_全池发现,v2_glc_fcs30d2020_7yr_stable,119.5972502670167,27.64569778454248,判别器概率0.85；物候常绿；未目视复核
T2-福建-0383,福建,T2_判别器扩增,待判,中,0.847,0.152,1080.0,A_灌丛层内,glc_fcs10_2023_shrub,118.9703609459939,27.149243842773824,判别器概率0.85；物候待判；未目视复核
T2-福建-0384,福建,T2_判别器扩增,常绿,中,0.847,0.01,726.0,B_全池发现,v2_glc_fcs30d2020_7yr_stable,116.92251650855084,26.931267639082225,判别器概率0.85；物候常绿；未目视复核
T2-福建-0385,福建,T2_判别器扩增,常绿,中,0.847,0.073,252.0,B_全池发现,v2_glc_fcs30d2020_7yr_stable,115.72003166922843,23.929097959554785,判别器概率0.85；物候常绿；未目视复核
T2-福建-0386,福建,T2_判别器扩增,常绿,中,0.843,0.043,798.0,A_灌丛层内,glc_fcs10_2023_shrub,117.30739969203184,26.41181682604011,判别器概率0.84；物候常绿；未目视复核
T2-福建-0387,福建,T2_判别器扩增,常绿,中,0.843,0.111,565.0,B_全池发现,v2_glc_fcs30d2020_7yr_stable,118.44327445303678,28.369560240485992,判别器概率0.84；物候常绿；未目视复核
T2-福建-0388,福建,T2_判别器扩增,常绿,中,0.843,0.026,189.0,B_全池发现,v2_glc_fcs30d2020_7yr_stable,116.38298834890864,23.04273026871405,判别器概率0.84；物候常绿；未目视复核
T2-福建-0389,福建,T2_判别器扩增,常绿,中,0.843,-0.052,687.0,A_灌丛层内,glc_fcs10_2023_shrub,118.43244975386312,28.218239030876056,判别器概率0.84；物候常绿；未目视复核
T2-福建-0390,福建,T2_判别器扩增,常绿,中,0.843,-0.03,252.0,B_全池发现,v2_glc_fcs30d2020_7yr_stable,116.08304087554114,23.76416727339044,判别器概率0.84；物候常绿；未目视复核
T2-福建-0391,福建,T2_判别器扩增,常绿,中,0.843,0.04,219.0,A_灌丛层内,glc_fcs10_2023_shrub,116.20705330051383,24.301314897529707,判别器概率0.84；物候常绿；未目视复核
T2-福建-0392,福建,T2_判别器扩增,常绿,中,0.843,0.011,327.0,B_全池发现,v2_glc_fcs30d2020_7yr_stable,116.47785044291167,24.920838033222736,判别器概率0.84；物候常绿；未目视复核
T2-福建-0393,福建,T2_判别器扩增,常绿,中,0.84,0.024,184.0,B_全池发现,v2_glc_fcs30d2020_7yr_stable,116.12804647127552,23.93583532418568,判别器概率0.84；物候常绿；未目视复核
T2-福建-0394,福建,T2_判别器扩增,常绿,中,0.84,0.062,495.0,B_全池发现,v2_glc_fcs30d2020_7yr_stable,117.90644123924694,28.183339482088016,判别器概率0.84；物候常绿；未目视复核
T2-福建-0395,福建,T2_判别器扩增,常绿,中,0.84,0.112,726.0,A_灌丛层内,glc_fcs10_2023_shrub,117.85707881438458,26.70664390228813,判别器概率0.84；物候常绿；未目视复核
T2-福建-0396,福建,T2_判别器扩增,常绿,中,0.84,0.108,972.0,A_灌丛层内,glc_fcs10_2023_shrub,118.27731070429569,26.05653313117084,判别器概率0.84；物候常绿；未目视复核
T2-福建-0397,福建,T2_判别器扩增,常绿,中,0.84,0.062,900.0,A_灌丛层内,glc_fcs10_2023_shrub,119.43308314884386,27.65005461367046,判别器概率0.84；物候常绿；未目视复核
T2-福建-0398,福建,T2_判别器扩增,常绿,中,0.84,0.085,141.0,A_灌丛层内,glc_fcs10_2023_shrub,118.42140047586844,25.1325260299255,判别器概率0.84；物候常绿；未目视复核
T2-福建-0399,福建,T2_判别器扩增,常绿,中,0.84,0.092,535.0,B_全池发现,v2_glc_fcs30d2020_7yr_stable,118.0339121780635,26.06538153671942,判别器概率0.84；物候常绿；未目视复核
T2-福建-0400,福建,T2_判别器扩增,常绿,中,0.84,0.051,289.0,A_灌丛层内,glc_fcs10_2023_shrub,117.90486918749971,24.32583890478617,判别器概率0.84；物候常绿；未目视复核
T2-福建-0401,福建,T2_判别器扩增,常绿,中,0.837,0.108,1007.0,A_灌丛层内,glc_fcs10_2023_shrub,119.65388904568044,27.7427607509916,判别器概率0.84；物候常绿；未目视复核
T2-福建-0402,福建,T2_判别器扩增,常绿,中,0.837,0.013,176.0,B_全池发现,v2_glc_fcs30d2020_7yr_stable,118.1309302287484,25.07822287100048,判别器概率0.84；物候常绿；未目视复核
T2-福建-0403,福建,T2_判别器扩增,常绿,中,0.837,0.018,787.0,B_全池发现,v2_glc_fcs30d2020_7yr_stable,118.7208538758297,26.25294976804357,判别器概率0.84；物候常绿；未目视复核
T2-福建-0404,福建,T2_判别器扩增,常绿,中,0.837,0.067,808.0,B_全池发现,v2_glc_fcs30d2020_7yr_stable,118.67261434507247,27.76616186414291,判别器概率0.84；物候常绿；未目视复核
T2-福建-0405,福建,T2_判别器扩增,常绿,中,0.837,0.069,318.0,B_全池发现,v2_glc_fcs30d2020_7yr_stable,117.7280358238208,24.3508569854489,判别器概率0.84；物候常绿；未目视复核
T2-福建-0406,福建,T2_判别器扩增,常绿,中,0.837,0.077,213.0,B_全池发现,v2_glc_fcs30d2020_7yr_stable,119.47489972531964,25.876196337883847,判别器概率0.84；物候常绿；未目视复核
T2-福建-0407,福建,T2_判别器扩增,常绿,中,0.837,-0.025,237.0,B_全池发现,v2_glc_fcs30d2020_7yr_stable,120.23729990695188,27.55676457141465,判别器概率0.84；物候常绿；未目视复核
T2-福建-0408,福建,T2_判别器扩增,常绿,中,0.837,-0.037,325.0,B_全池发现,v2_glc_fcs30d2020_7yr_stable,119.18249810033872,25.57705734827205,判别器概率0.84；物候常绿；未目视复核
T2-福建-0409,福建,T2_判别器扩增,常绿,中,0.837,0.041,214.0,B_全池发现,v2_glc_fcs30d2020_7yr_stable,118.08835008428116,25.122150488393924,判别器概率0.84；物候常绿；未目视复核
T2-福建-0410,福建,T2_判别器扩增,常绿,中,0.833,0.055,703.0,A_灌丛层内,glc_fcs10_2023_shrub,119.01006648155196,27.460869414834885,判别器概率0.83；物候常绿；未目视复核
T2-福建-0411,福建,T2_判别器扩增,常绿,中,0.833,-0.009,681.0,B_全池发现,v2_glc_fcs30d2020_7yr_stable,118.48019521121408,25.44877792569978,判别器概率0.83；物候常绿；未目视复核
T2-福建-0412,福建,T2_判别器扩增,常绿,中,0.833,0.031,359.0,B_全池发现,glc_fcs10_2023,116.18163097797326,23.164047747834395,判别器概率0.83；物候常绿；未目视复核
T2-福建-0413,福建,T2_判别器扩增,常绿,中,0.833,0.024,517.0,B_全池发现,v2_glc_fcs30d2020_7yr_stable,116.7546213819489,26.5326851475184,判别器概率0.83；物候常绿；未目视复核
T2-福建-0414,福建,T2_判别器扩增,常绿,中,0.833,-0.035,233.0,B_全池发现,v2_glc_fcs30d2020_7yr_stable,115.55617896140504,23.70110554044525,判别器概率0.83；物候常绿；未目视复核
T2-福建-0415,福建,T2_判别器扩增,常绿,中,0.833,0.087,633.0,B_全池发现,v2_glc_fcs30d2020_7yr_stable,120.07856759624796,28.492449771353545,判别器概率0.83；物候常绿；未目视复核
T2-福建-0416,福建,T2_判别器扩增,常绿,中,0.833,0.0,347.0,A_灌丛层内,glc_fcs10_2023_shrub,117.28350450547426,26.16091736718553,判别器概率0.83；物候常绿；未目视复核
T2-福建-0417,福建,T2_判别器扩增,常绿,中,0.833,-0.115,751.0,B_全池发现,v2_glc_fcs30d2020_7yr_stable,117.28660369320448,25.84358749307031,判别器概率0.83；物候常绿；未目视复核
T2-福建-0418,福建,T2_判别器扩增,常绿,中,0.833,-0.013,871.0,B_全池发现,v2_glc_fcs30d2020_7yr_stable,118.16973744902238,26.42084489464552,判别器概率0.83；物候常绿；未目视复核
T2-福建-0419,福建,T2_判别器扩增,常绿,中,0.83,0.015,103.0,A_灌丛层内,glc_fcs10_2023_shrub,115.56017646441936,23.181385232817902,判别器概率0.83；物候常绿；未目视复核
T2-福建-0420,福建,T2_判别器扩增,常绿,中,0.83,-0.065,310.0,B_全池发现,v2_glc_fcs30d2020_7yr_stable,118.07083293624082,24.66993857436816,判别器概率0.83；物候常绿；未目视复核
T2-福建-0421,福建,T2_判别器扩增,常绿,中,0.83,0.071,320.0,B_全池发现,v2_glc_fcs30d2020_7yr_stable,117.94605694327662,24.58962918796787,判别器概率0.83；物候常绿；未目视复核
T2-福建-0422,福建,T2_判别器扩增,常绿,中,0.83,0.119,1157.0,A_灌丛层内,glc_fcs10_2023_shrub,119.3889758683936,27.56085190595739,判别器概率0.83；物候常绿；未目视复核
T2-福建-0423,福建,T2_判别器扩增,常绿,中,0.83,0.075,556.0,B_全池发现,v2_glc_fcs30d2020_7yr_stable,117.75094286356584,26.28852305329471,判别器概率0.83；物候常绿；未目视复核
T2-福建-0424,福建,T2_判别器扩增,常绿,中,0.83,0.104,429.0,B_全池发现,v2_glc_fcs30d2020_7yr_stable,116.00919935918652,27.592068362080543,判别器概率0.83；物候常绿；未目视复核
T2-福建-0425,福建,T2_判别器扩增,常绿,中,0.83,0.086,929.0,B_全池发现,v2_glc_fcs30d2020_7yr_stable,118.57236235936476,27.34332485990785,判别器概率0.83；物候常绿；未目视复核
T2-福建-0426,福建,T2_判别器扩增,常绿,中,0.83,0.113,753.0,A_灌丛层内,glc_fcs10_2023_shrub,118.06503880265824,26.30464781264465,判别器概率0.83；物候常绿；未目视复核
T2-福建-0427,福建,T2_判别器扩增,常绿,中,0.83,0.001,538.0,B_全池发现,v2_glc_fcs30d2020_7yr_stable,118.28481163691808,24.82840139048684,判别器概率0.83；物候常绿；未目视复核
T2-福建-0428,福建,T2_判别器扩增,常绿,中,0.83,0.013,569.0,A_灌丛层内,glc_fcs10_2023_shrub,119.33121419562472,26.43903577914893,判别器概率0.83；物候常绿；未目视复核
T2-福建-0429,福建,T2_判别器扩增,常绿,中,0.83,0.097,905.0,B_全池发现,v2_glc_fcs30d2020_7yr_stable,120.28284449185674,27.98579995111013,判别器概率0.83；物候常绿；未目视复核
T2-福建-0430,福建,T2_判别器扩增,常绿,中,0.83,-0.028,326.0,B_全池发现,v2_glc_fcs30d2020_7yr_stable,118.17081542736332,26.873865292426988,判别器概率0.83；物候常绿；未目视复核
T2-福建-0431,福建,T2_判别器扩增,常绿,中,0.83,-0.007,558.0,B_全池发现,v2_glc_fcs30d2020_7yr_stable,119.94867120616426,28.10815049280721,判别器概率0.83；物候常绿；未目视复核
T2-福建-0432,福建,T2_判别器扩增,常绿,中,0.83,0.02,208.0,B_全池发现,v2_glc_fcs30d2020_7yr_stable,116.19380315007308,23.99566312210804,判别器概率0.83；物候常绿；未目视复核
T2-福建-0433,福建,T2_判别器扩增,常绿,中,0.83,-0.211,578.0,B_全池发现,v2_glc_fcs30d2020_7yr_stable,116.99878347617258,27.907646521391737,判别器概率0.83；物候常绿；未目视复核
T2-福建-0434,福建,T2_判别器扩增,常绿,中,0.83,0.027,459.0,B_全池发现,v2_glc_fcs30d2020_7yr_stable,118.79604286511052,27.909802478073622,判别器概率0.83；物候常绿；未目视复核
T2-福建-0435,福建,T2_判别器扩增,常绿,中,0.827,0.007,347.0,B_全池发现,v2_glc_fcs30d2020_7yr_stable,118.32361885719206,26.783584606372976,判别器概率0.83；物候常绿；未目视复核
T2-福建-0436,福建,T2_判别器扩增,常绿,中,0.827,0.127,166.0,A_灌丛层内,glc_fcs10_2023_shrub,116.83479602105656,23.73061519752858,判别器概率0.83；物候常绿；未目视复核
T2-福建-0437,福建,T2_判别器扩增,常绿,中,0.827,0.007,177.0,B_全池发现,v2_glc_fcs30d2020_7yr_stable,116.63712174278606,23.72967196648025,判别器概率0.83；物候常绿；未目视复核
T2-福建-0438,福建,T2_判别器扩增,常绿,中,0.827,-0.102,861.0,B_全池发现,v2_glc_fcs30d2020_7yr_stable,118.47399683575368,26.81592395660128,判别器概率0.83；物候常绿；未目视复核
T2-福建-0439,福建,T2_判别器扩增,常绿,中,0.827,0.05,267.0,A_灌丛层内,glc_fcs10_2023_shrub,118.25431383302222,27.15023198958636,判别器概率0.83；物候常绿；未目视复核
T2-福建-0440,福建,T2_判别器扩增,常绿,中,0.827,-0.05,651.0,B_全池发现,v2_glc_fcs30d2020_7yr_stable,120.0691352857647,27.267866376041813,判别器概率0.83；物候常绿；未目视复核
T2-福建-0441,福建,T2_判别器扩增,常绿,中,0.827,0.012,124.0,B_全池发现,v2_glc_fcs30d2020_7yr_stable,116.11241578533183,23.78006745391936,判别器概率0.83；物候常绿；未目视复核
T2-福建-0442,福建,T2_判别器扩增,待判,中,0.827,0.211,158.0,B_全池发现,v2_glc_fcs30d2020_7yr_stable,116.23476632702894,28.05236511366339,判别器概率0.83；物候待判；未目视复核
T2-福建-0443,福建,T2_判别器扩增,常绿,中,0.827,0.036,966.0,A_灌丛层内,glc_fcs10_2023_shrub,115.5265794727933,25.274998833986857,判别器概率0.83；物候常绿；未目视复核
T2-福建-0444,福建,T2_判别器扩增,待判,中,0.827,0.157,256.0,B_全池发现,v2_glc_fcs30d2020_7yr_stable,115.93832228326949,27.92758912069919,判别器概率0.83；物候待判；未目视复核
T2-福建-0445,福建,T2_判别器扩增,常绿,中,0.827,0.023,396.0,A_灌丛层内,glc_fcs10_2023_shrub,118.55911220892398,27.070192097771308,判别器概率0.83；物候常绿；未目视复核
T2-福建-0446,福建,T2_判别器扩增,常绿,中,0.827,-0.028,316.0,B_全池发现,v2_glc_fcs30d2020_7yr_stable,120.02386019544508,26.965762945992417,判别器概率0.83；物候常绿；未目视复核
T2-福建-0447,福建,T2_判别器扩增,常绿,中,0.827,0.049,611.0,B_全池发现,v2_glc_fcs30d2020_7yr_stable,119.72687716251517,28.26957774936349,判别器概率0.83；物候常绿；未目视复核
T2-福建-0448,福建,T2_判别器扩增,常绿,中,0.827,-0.014,471.0,B_全池发现,v2_glc_fcs30d2020_7yr_stable,116.09004773475728,23.671461136069308,判别器概率0.83；物候常绿；未目视复核
T2-福建-0449,福建,T2_判别器扩增,待判,中,0.827,0.155,252.0,B_全池发现,v2_glc_fcs30d2020_7yr_stable,115.66667174135176,24.34627557749989,判别器概率0.83；物候待判；未目视复核
T2-福建-0450,福建,T2_判别器扩增,常绿,中,0.827,0.062,976.0,A_灌丛层内,glc_fcs10_2023_shrub,119.14445444805628,27.95072073926526,判别器概率0.83；物候常绿；未目视复核
T2-福建-0451,福建,T2_判别器扩增,常绿,中,0.823,-0.016,533.0,A_灌丛层内,glc_fcs10_2023_shrub,117.93882550523944,27.158586321728663,判别器概率0.82；物候常绿；未目视复核
T2-福建-0452,福建,T2_判别器扩增,常绿,中,0.823,0.139,585.0,A_灌丛层内,glc_fcs10_2023_shrub,117.07850895763818,27.60208457749848,判别器概率0.82；物候常绿；未目视复核
T2-福建-0453,福建,T2_判别器扩增,常绿,中,0.823,0.114,713.0,B_全池发现,v2_glc_fcs30d2020_7yr_stable,116.14852805975346,26.476630273789336,判别器概率0.82；物候常绿；未目视复核
T2-福建-0454,福建,T2_判别器扩增,常绿,中,0.823,0.057,193.0,B_全池发现,glc_fcs10_2023,115.56376972555584,24.130904488132234,判别器概率0.82；物候常绿；未目视复核
T2-福建-0455,福建,T2_判别器扩增,常绿,中,0.823,0.073,355.0,B_全池发现,v2_glc_fcs30d2020_7yr_stable,115.57908600115007,26.629703198203305,判别器概率0.82；物候常绿；未目视复核
T2-福建-0456,福建,T2_判别器扩增,常绿,中,0.823,0.088,590.0,B_全池发现,v2_glc_fcs30d2020_7yr_stable,118.92135784724518,26.696537855341795,判别器概率0.82；物候常绿；未目视复核
T2-福建-0457,福建,T2_判别器扩增,常绿,中,0.823,-0.004,285.0,A_灌丛层内,glc_fcs10_2023_shrub,115.55406792048736,24.52337843576405,判别器概率0.82；物候常绿；未目视复核
T2-福建-0458,福建,T2_判别器扩增,常绿,中,0.823,0.07,597.0,A_灌丛层内,glc_fcs10_2023_shrub,117.92292532471052,27.163616887319737,判别器概率0.82；物候常绿；未目视复核
T2-福建-0459,福建,T2_判别器扩增,常绿,中,0.823,0.028,979.0,A_灌丛层内,glc_fcs10_2023_shrub,117.4635268884118,25.36312356335898,判别器概率0.82；物候常绿；未目视复核
T2-福建-0460,福建,T2_判别器扩增,常绿,中,0.823,0.071,185.0,B_全池发现,v2_glc_fcs30d2020_7yr_stable,118.0834991817469,26.536458071711696,判别器概率0.82；物候常绿；未目视复核
T2-福建-0461,福建,T2_判别器扩增,常绿,中,0.823,-0.005,400.0,A_灌丛层内,glc_fcs10_2023_shrub,118.08363392903952,26.99257765722338,判别器概率0.82；物候常绿；未目视复核
T2-福建-0462,福建,T2_判别器扩增,常绿,中,0.823,0.118,931.0,A_灌丛层内,glc_fcs10_2023_shrub,118.99991551884143,26.679065623065668,判别器概率0.82；物候常绿；未目视复核
T2-福建-0463,福建,T2_判别器扩增,常绿,中,0.823,-0.031,527.0,A_灌丛层内,glc_fcs10_2023_shrub,116.19896846295676,23.21453306680192,判别器概率0.82；物候常绿；未目视复核
T2-福建-0464,福建,T2_判别器扩增,常绿,中,0.823,-0.079,610.0,B_全池发现,v2_glc_fcs30d2020_7yr_stable,120.20792499716116,27.94968767668853,判别器概率0.82；物候常绿；未目视复核
T2-福建-0465,福建,T2_判别器扩增,常绿,中,0.82,0.006,500.0,B_全池发现,glc_fcs10_2023,120.13870980451976,28.386134157478,判别器概率0.82；物候常绿；未目视复核
T2-福建-0466,福建,T2_判别器扩增,常绿,中,0.82,0.149,923.0,B_全池发现,v2_glc_fcs30d2020_7yr_stable,117.46824304365344,27.197528289295253,判别器概率0.82；物候常绿；未目视复核
T2-福建-0467,福建,T2_判别器扩增,常绿,中,0.82,0.061,803.0,B_全池发现,v2_glc_fcs30d2020_7yr_stable,117.4784838378924,26.905396158899585,判别器概率0.82；物候常绿；未目视复核
T2-福建-0468,福建,T2_判别器扩增,待判,中,0.82,,,B_全池发现,v2_glc_fcs30d2020_7yr_stable,117.32702788098986,26.76579796374741,判别器概率0.82；物候待判；未目视复核
T2-福建-0469,福建,T2_判别器扩增,常绿,中,0.82,-0.145,872.0,A_灌丛层内,glc_fcs10_2023_shrub,115.68046088096295,26.82728764494539,判别器概率0.82；物候常绿；未目视复核
T2-福建-0470,福建,T2_判别器扩增,常绿,中,0.82,0.064,604.0,B_全池发现,v2_glc_fcs30d2020_7yr_stable,117.13757318756905,26.1915050026098,判别器概率0.82；物候常绿；未目视复核
T2-福建-0471,福建,T2_判别器扩增,常绿,中,0.82,0.055,607.0,A_灌丛层内,glc_fcs10_2023_shrub,120.35906654371426,28.379127298261864,判别器概率0.82；物候常绿；未目视复核
T2-福建-0472,福建,T2_判别器扩增,常绿,中,0.82,0.039,196.0,B_全池发现,v2_glc_fcs30d2020_7yr_stable,119.41507192739728,25.81178713201248,判别器概率0.82；物候常绿；未目视复核
T2-福建-0473,福建,T2_判别器扩增,常绿,中,0.82,-0.094,320.0,A_灌丛层内,glc_fcs10_2023_shrub,115.7633753816872,23.328439444828263,判别器概率0.82；物候常绿；未目视复核
T2-福建-0474,福建,T2_判别器扩增,常绿,中,0.82,0.139,773.0,B_全池发现,v2_glc_fcs30d2020_7yr_stable,117.70997968661,26.134102655954564,判别器概率0.82；物候常绿；未目视复核
T2-福建-0475,福建,T2_判别器扩增,常绿,中,0.82,0.015,746.0,B_全池发现,v2_glc_fcs30d2020_7yr_stable,117.3070852816824,25.214317636544585,判别器概率0.82；物候常绿；未目视复核
T2-福建-0476,福建,T2_判别器扩增,常绿,中,0.82,0.017,299.0,B_全池发现,v2_glc_fcs30d2020_7yr_stable,118.40419773817756,26.367484966768814,判别器概率0.82；物候常绿；未目视复核
T2-福建-0477,福建,T2_判别器扩增,常绿,中,0.82,0.05,440.0,B_全池发现,v2_glc_fcs30d2020_7yr_stable,116.2857008036385,27.40423063617116,判别器概率0.82；物候常绿；未目视复核
T2-福建-0478,福建,T2_判别器扩增,常绿,中,0.82,-0.077,439.0,A_灌丛层内,glc_fcs10_2023_shrub,118.45796190793212,27.22173788620227,判别器概率0.82；物候常绿；未目视复核
T2-福建-0479,福建,T2_判别器扩增,常绿,中,0.82,0.087,651.0,B_全池发现,v2_glc_fcs30d2020_7yr_stable,115.89547264421698,25.03240879151038,判别器概率0.82；物候常绿；未目视复核
