point_id,arm,w,label,conf,note
M3B-A000,A_fcs10_shrub,w3,否,中,乔木林
M3B-A001,A_fcs10_shrub,w3,否,中,乔木林
M3B-A002,A_fcs10_shrub,w3,否,高,乔木林
M3B-A003,A_fcs10_shrub,w3,否,低,农田（村庄周边耕地/园地）
M3B-A004,A_fcs10_shrub,w3,否,中,乔木林
M3B-A005,A_fcs10_shrub,w3,否,中,乔木林
M3B-A006,A_fcs10_shrub,w3,否,中,乔木林
M3B-A007,A_fcs10_shrub,w3,否,低,其他
M3B-A008,A_fcs10_shrub,w3,否,中,乔木林
M3B-A009,A_fcs10_shrub,w3,否,高,乔木林（常绿）
M3B-A010,A_fcs10_shrub,w3,否,中,其他（林内亮色裸斑：裸土/村庄）
M3B-A011,A_fcs10_shrub,w3,否,中,乔木林
M3B-A012,A_fcs10_shrub,w3,否,低,乔木林（湖岸高大木本/果园）
M3B-A013,A_fcs10_shrub,w3,否,中,乔木林
M3B-A014,A_fcs10_shrub,w3,否,中,乔木林
M3B-A015,A_fcs10_shrub,w3,否,中,建成区（城镇/道路网）
M3B-A016,A_fcs10_shrub,w3,无法判读,中,云/雾霾遮挡
M3B-A017,A_fcs10_shrub,w3,无法判读,低,中心被强反射亮斑（疑似云/亮裸岩）遮盖
M3B-A018,A_fcs10_shrub,w3,否,中,乔木林（山地郁闭林）
M3B-A019,A_fcs10_shrub,w3,否,中,其他（林内亮色裸斑：裸土/村庄）
M3B-A020,A_fcs10_shrub,w3,否,中,乔木林
M3B-A021,A_fcs10_shrub,w3,否,高,乔木林
M3B-A022,A_fcs10_shrub,w3,是,低,灌丛/疏灌
M3B-A023,A_fcs10_shrub,w3,否,低,农田
M3B-A024,A_fcs10_shrub,w3,否,中,乔木林
M3B-A025,A_fcs10_shrub,w3,否,中,乔木林
M3B-A026,A_fcs10_shrub,w3,否,中,农田（水田/河网平原）
M3B-A027,A_fcs10_shrub,w3,否,中,水体
M3B-A028,A_fcs10_shrub,w3,否,高,建成区
M3B-A029,A_fcs10_shrub,w3,否,高,乔木林
M3B-A030,A_fcs10_shrub,w3,否,低,乔木林
M3B-A031,A_fcs10_shrub,w3,否,中,乔木林
M3B-A032,A_fcs10_shrub,w3,是,中,灌丛
M3B-A033,A_fcs10_shrub,w3,否,中,乔木林
M3B-A034,A_fcs10_shrub,w3,否,高,乔木林
M3B-A035,A_fcs10_shrub,w3,否,中,乔木林
M3B-A036,A_fcs10_shrub,w3,否,中,乔木林
M3B-A037,A_fcs10_shrub,w3,否,中,建成区
M3B-A038,A_fcs10_shrub,w3,否,中,乔木林
M3B-A039,A_fcs10_shrub,w3,否,低,乔木林
M3B-A040,A_fcs10_shrub,w3,否,中,乔木林
M3B-A041,A_fcs10_shrub,w3,否,高,乔木林
M3B-A042,A_fcs10_shrub,w3,否,中,乔木林
M3B-A043,A_fcs10_shrub,w3,否,低,乔木林（喀斯特丘陵，含云雾）
M3B-A044,A_fcs10_shrub,w3,否,低,农田
M3B-A045,A_fcs10_shrub,w3,否,高,乔木林
M3B-A046,A_fcs10_shrub,w3,否,低,乔木林
M3B-A047,A_fcs10_shrub,w3,是,低,灌丛
M3B-A048,A_fcs10_shrub,w3,否,高,乔木林
M3B-A049,A_fcs10_shrub,w3,否,中,乔木林
M3B-A050,A_fcs10_shrub,w3,否,低,农田
M3B-A051,A_fcs10_shrub,w3,否,中,水体（江面/沙洲）
M3B-A052,A_fcs10_shrub,w3,否,高,乔木林
M3B-A053,A_fcs10_shrub,w3,否,中,乔木林
M3B-A054,A_fcs10_shrub,w3,否,高,乔木林
M3B-A055,A_fcs10_shrub,w3,无法判读,低,中心为无数据黑块（疑似水体掩膜）
M3B-A056,A_fcs10_shrub,w3,否,中,乔木林
M3B-A057,A_fcs10_shrub,w3,否,低,农田（山间坡耕地与村寨，周围乔木林）
M3B-A058,A_fcs10_shrub,w3,否,中,乔木林
M3B-A059,A_fcs10_shrub,w3,否,低,水体
M3B-A060,A_fcs10_shrub,w3,否,中,乔木林
M3B-A061,A_fcs10_shrub,w3,否,低,乔木林（含云影响）
M3B-A062,A_fcs10_shrub,w3,否,低,其他(河湖滩地裸面)
M3B-A063,A_fcs10_shrub,w3,否,中,乔木林
M3B-A064,A_fcs10_shrub,w3,否,高,乔木林
M3B-A065,A_fcs10_shrub,w3,否,中,乔木林
M3B-A066,A_fcs10_shrub,w3,否,中,乔木林（岩溶丘陵密林）
M3B-A067,A_fcs10_shrub,w3,否,低,其他
M3B-A068,A_fcs10_shrub,w3,否,低,乔木林
M3B-A069,A_fcs10_shrub,w3,无法判读,中,影像过暗，无法分辨地物
M3B-A070,A_fcs10_shrub,w3,否,低,乔木林
M3B-A071,A_fcs10_shrub,w3,否,中,乔木林
M3B-A072,A_fcs10_shrub,w3,否,中,乔木林
M3B-A073,A_fcs10_shrub,w3,否,中,乔木林
M3B-A074,A_fcs10_shrub,w3,否,高,乔木林
M3B-A075,A_fcs10_shrub,w3,无法判读,低,影像掩膜/拼接伪影且中心偏暗
M3B-A076,A_fcs10_shrub,w3,否,中,乔木林
M3B-A077,A_fcs10_shrub,w3,否,中,乔木林
M3B-A078,A_fcs10_shrub,w3,否,低,农田（旱作田块，中心枯黄植被）
M3B-A079,A_fcs10_shrub,w3,否,低,乔木林
M3B-A080,A_fcs10_shrub,w3,否,高,乔木林
M3B-A081,A_fcs10_shrub,w3,是,低,灌丛（近河低矮木本，无高大树冠）
M3B-A082,A_fcs10_shrub,w3,否,中,乔木林
M3B-A083,A_fcs10_shrub,w3,否,高,乔木林
M3B-A084,A_fcs10_shrub,w3,否,中,乔木林
M3B-A085,A_fcs10_shrub,w3,否,低,其他
M3B-A086,A_fcs10_shrub,w3,是,中,灌丛（密被低矮木本，无高大树冠）
M3B-A087,A_fcs10_shrub,w3,否,高,乔木林
M3B-A088,A_fcs10_shrub,w3,否,高,乔木林（GEDI 16.3m、树覆盖73%）
M3B-A089,A_fcs10_shrub,w3,否,低,乔木林
M3B-A090,A_fcs10_shrub,w3,否,中,乔木林
M3B-A091,A_fcs10_shrub,w3,否,低,乔木林
M3B-A092,A_fcs10_shrub,w3,否,低,水体
M3B-A093,A_fcs10_shrub,w3,否,中,乔木林
M3B-A094,A_fcs10_shrub,w3,否,低,园地/乔木林（丘陵，含塘坝）
M3B-A095,A_fcs10_shrub,w3,否,高,乔木林
M3B-A096,A_fcs10_shrub,w3,否,中,乔木林
M3B-A097,A_fcs10_shrub,w3,否,低,乔木林
M3B-A098,A_fcs10_shrub,w3,否,中,乔木林
M3B-A099,A_fcs10_shrub,w3,否,高,乔木林
M3B-A100,A_fcs10_shrub,w3,否,中,乔木林
M3B-A101,A_fcs10_shrub,w3,否,高,农田
M3B-A102,A_fcs10_shrub,w3,是,低,灌丛（常绿）
M3B-A103,A_fcs10_shrub,w3,是,低,灌丛
M3B-A104,A_fcs10_shrub,w3,否,高,乔木林
M3B-A105,A_fcs10_shrub,w3,否,中,乔木林
M3B-A106,A_fcs10_shrub,w3,否,低,乔木林
M3B-A107,A_fcs10_shrub,w3,无法判读,中,云雾遮挡判读点
M3B-A108,A_fcs10_shrub,w3,否,中,乔木林
M3B-A109,A_fcs10_shrub,w3,否,低,乔木林
M3B-A110,A_fcs10_shrub,w3,否,低,园地/农田（规则行栽，含村落）
M3B-A111,A_fcs10_shrub,w3,否,中,乔木林
M3B-A112,A_fcs10_shrub,w3,否,中,乔木林（GEDI 14.1m、树覆盖61%）
M3B-A113,A_fcs10_shrub,w3,否,中,乔木林
M3B-A114,A_fcs10_shrub,w3,否,高,乔木林
M3B-A115,A_fcs10_shrub,w3,是,低,灌丛（常绿低矮木本）
M3B-A116,A_fcs10_shrub,w3,否,中,乔木林
M3B-A117,A_fcs10_shrub,w3,否,高,乔木林
M3B-A118,A_fcs10_shrub,w3,否,高,乔木林
M3B-A119,A_fcs10_shrub,w3,否,低,农田/村落（谷地，周围乔木林，局部云）
M3B-A120,A_fcs10_shrub,w3,否,高,乔木林
M3B-A121,A_fcs10_shrub,w3,否,中,乔木林
M3B-A122,A_fcs10_shrub,w3,否,低,水体
M3B-A123,A_fcs10_shrub,w3,否,高,乔木林（GEDI 17.6m 密林）
M3B-A124,A_fcs10_shrub,w3,是,低,灌丛
M3B-A125,A_fcs10_shrub,w3,否,中,乔木林
M3B-A126,A_fcs10_shrub,w3,否,中,乔木林
M3B-A127,A_fcs10_shrub,w3,否,中,农田
M3B-A128,A_fcs10_shrub,w3,否,中,乔木林
M3B-A129,A_fcs10_shrub,w3,否,中,建成区
M3B-A130,A_fcs10_shrub,w3,否,高,乔木林
M3B-A131,A_fcs10_shrub,w3,否,高,乔木林
M3B-A132,A_fcs10_shrub,w3,否,中,乔木林
M3B-A133,A_fcs10_shrub,w3,否,高,乔木林
M3B-A134,A_fcs10_shrub,w3,否,高,乔木林
M3B-A135,A_fcs10_shrub,w3,否,中,乔木林
M3B-A136,A_fcs10_shrub,w3,否,中,乔木林
M3B-A137,A_fcs10_shrub,w3,否,低,水体
M3B-A138,A_fcs10_shrub,w3,否,中,乔木林
M3B-A139,A_fcs10_shrub,w3,否,中,乔木林
M3B-A140,A_fcs10_shrub,w3,否,中,园地
M3B-A141,A_fcs10_shrub,w3,否,中,乔木林（常绿密林，冬季NDVI 0.53）
M3B-A142,A_fcs10_shrub,w3,否,中,乔木林
M3B-A143,A_fcs10_shrub,w3,否,高,乔木林
M3B-A144,A_fcs10_shrub,w3,无法判读,中,云遮挡
M3B-A145,A_fcs10_shrub,w3,否,高,乔木林（常绿郁闭林）
M3B-A146,A_fcs10_shrub,w3,否,中,乔木林
M3B-A147,A_fcs10_shrub,w3,否,高,乔木林
M3B-A148,A_fcs10_shrub,w3,否,高,乔木林
M3B-A149,A_fcs10_shrub,w3,否,中,乔木林（山地密林，含裸岩/道路）
M3B-A150,A_fcs10_shrub,w3,是,低,灌丛
M3B-A151,A_fcs10_shrub,w3,否,低,裸地
M3B-A152,A_fcs10_shrub,w3,否,低,乔木林
M3B-A153,A_fcs10_shrub,w3,否,高,乔木林
M3B-A154,A_fcs10_shrub,w3,无法判读,中,云影/无数据遮罩覆盖中心
M3B-A155,A_fcs10_shrub,w3,否,高,乔木林
M3B-A156,A_fcs10_shrub,w3,否,高,乔木林
M3B-A157,A_fcs10_shrub,w3,否,中,乔木林
M3B-A158,A_fcs10_shrub,w3,无法判读,中,大面积黑色掩膜/云影，中心不可判
M3B-A159,A_fcs10_shrub,w3,否,低,水体
M3B-A160,A_fcs10_shrub,w3,否,低,乔木林
M3B-A161,A_fcs10_shrub,w3,否,中,乔木林
M3B-A162,A_fcs10_shrub,w3,否,低,乔木林
M3B-A163,A_fcs10_shrub,w3,是,低,灌丛型（灰绿斑块状）
M3B-A164,A_fcs10_shrub,w3,否,中,乔木林（常绿密林，影像带薄雾）
M3B-A165,A_fcs10_shrub,w3,否,高,乔木林
M3B-A166,A_fcs10_shrub,w3,否,低,乔木林（河谷岸林/近岸湿生植被）
M3B-A167,A_fcs10_shrub,w3,否,中,水体(河道及河洲植被)
M3B-A168,A_fcs10_shrub,w3,否,中,乔木林
M3B-A169,A_fcs10_shrub,w3,否,中,建成区（农村居民点）
M3B-A170,A_fcs10_shrub,w3,是,中,灌丛
M3B-A171,A_fcs10_shrub,w3,否,中,乔木林
M3B-A172,A_fcs10_shrub,w3,否,低,乔木林
M3B-A173,A_fcs10_shrub,w3,无法判读,低,云/雾亮斑覆盖，地表不可辨
M3B-A174,A_fcs10_shrub,w3,否,高,乔木林
M3B-A175,A_fcs10_shrub,w3,否,高,乔木林
M3B-A176,A_fcs10_shrub,w3,否,中,乔木林
M3B-A177,A_fcs10_shrub,w3,否,高,乔木林
M3B-A178,A_fcs10_shrub,w3,否,高,乔木林
M3B-A179,A_fcs10_shrub,w3,否,高,乔木林
M3B-A180,A_fcs10_shrub,w3,否,低,农田（丘陵耕地与林盘镶嵌）
M3B-A181,A_fcs10_shrub,w3,否,中,建成区
M3B-A182,A_fcs10_shrub,w3,否,中,农田（成片高秆/甘蔗类作物）
M3B-A183,A_fcs10_shrub,w3,否,中,乔木林
M3B-A184,A_fcs10_shrub,w3,否,低,乔木林（河谷两岸连片密林）
M3B-A185,A_fcs10_shrub,w3,是,中,灌丛（斑块状低矮木本，与村庄/裸斑交错）
M3B-A186,A_fcs10_shrub,w3,否,低,乔木林（连片密林，树覆盖76%）
M3B-A187,A_fcs10_shrub,w3,否,中,乔木林
M3B-A188,A_fcs10_shrub,w3,无法判读,低,中心被云/强反射斑遮挡
M3B-A189,A_fcs10_shrub,w3,无法判读,低,云/雾遮挡（中心地物不可辨）
M3B-A190,A_fcs10_shrub,w3,否,高,乔木林（常绿）
M3B-A191,A_fcs10_shrub,w3,否,中,乔木林
M3B-A192,A_fcs10_shrub,w3,否,中,乔木林
M3B-A193,A_fcs10_shrub,w3,否,中,乔木林
M3B-A194,A_fcs10_shrub,w3,无法判读,中,判读点被薄云覆盖（周边为常绿林）
M3B-A195,A_fcs10_shrub,w3,否,高,乔木林
M3B-A196,A_fcs10_shrub,w3,否,低,乔木林
M3B-A197,A_fcs10_shrub,w3,否,低,乔木林
M3B-A198,A_fcs10_shrub,w3,否,低,其他（绿色亮斑：疑水塘/湿面）
M3B-A199,A_fcs10_shrub,w3,是,低,灌丛
M3B-A200,A_fcs10_shrub,w3,否,低,乔木林
M3B-A201,A_fcs10_shrub,w3,否,低,裸地
M3B-A202,A_fcs10_shrub,w3,否,中,乔木林
M3B-A203,A_fcs10_shrub,w3,否,中,乔木林
M3B-A204,A_fcs10_shrub,w3,否,高,乔木林
M3B-A205,A_fcs10_shrub,w3,否,低,乔木林
M3B-A206,A_fcs10_shrub,w3,否,中,乔木林（与农田镶嵌）
M3B-A207,A_fcs10_shrub,w3,否,高,乔木林
M3B-A208,A_fcs10_shrub,w3,否,高,乔木林
M3B-A209,A_fcs10_shrub,w3,否,中,乔木林
M3B-A210,A_fcs10_shrub,w3,否,中,乔木林（与农田镶嵌）
M3B-A211,A_fcs10_shrub,w3,是,低,灌丛型（深绿斑块·与农田难分）
M3B-A212,A_fcs10_shrub,w3,否,低,农田
M3B-A213,A_fcs10_shrub,w3,否,中,乔木林
M3B-A214,A_fcs10_shrub,w3,否,低,乔木林
M3B-A215,A_fcs10_shrub,w3,否,中,乔木林
M3B-A216,A_fcs10_shrub,w3,否,中,其他（林内亮绿色斑块，疑湿草/水塘）
M3B-A217,A_fcs10_shrub,w3,无法判读,中,黑斑遮挡
M3B-A218,A_fcs10_shrub,w3,无法判读,中,云覆盖（点处亮白），地表不可辨
M3B-A219,A_fcs10_shrub,w3,否,高,乔木林
M3B-A220,A_fcs10_shrub,w3,否,中,园地
M3B-A221,A_fcs10_shrub,w3,否,低,乔木林
M3B-A222,A_fcs10_shrub,w3,否,低,其他（亮色裸面/道路，四周山地植被）
M3B-A223,A_fcs10_shrub,w3,无法判读,中,云霾覆盖判读点，地面无有效信号
M3B-A224,A_fcs10_shrub,w3,否,高,乔木林
M3B-A225,A_fcs10_shrub,w3,否,低,乔木林（中心疑云/亮斑）
M3B-A226,A_fcs10_shrub,w3,否,中,乔木林
M3B-A227,A_fcs10_shrub,w3,否,中,乔木林
M3B-A228,A_fcs10_shrub,w3,否,高,乔木林
M3B-A229,A_fcs10_shrub,w3,是,中,灌丛
M3B-A230,A_fcs10_shrub,w3,否,中,乔木林
M3B-A231,A_fcs10_shrub,w3,否,中,乔木林
M3B-A232,A_fcs10_shrub,w3,否,高,乔木林
M3B-A233,A_fcs10_shrub,w3,是,低,灌丛（林间迹地/次生灌丛）
M3B-A234,A_fcs10_shrub,w3,否,高,乔木林
M3B-A235,A_fcs10_shrub,w3,否,低,乔木林（喀斯特丘陵）
M3B-A236,A_fcs10_shrub,w3,否,中,乔木林
M3B-A237,A_fcs10_shrub,w3,否,低,乔木林(局部云影遮挡)
M3B-A238,A_fcs10_shrub,w3,否,低,乔木林（城镇绿化乔木）
M3B-A239,A_fcs10_shrub,w3,否,中,乔木林
M3B-A240,A_fcs10_shrub,w3,否,高,乔木林
M3B-A241,A_fcs10_shrub,w3,否,中,乔木林
M3B-A242,A_fcs10_shrub,w3,否,高,乔木林
M3B-A243,A_fcs10_shrub,w3,否,低,其他(林农镶嵌)
M3B-A244,A_fcs10_shrub,w3,否,低,乔木林
M3B-A245,A_fcs10_shrub,w3,否,中,其他（灰色线状/面状地物：道路或水面，四周林地）
M3B-A246,A_fcs10_shrub,w3,否,低,农田（河谷耕地/草甸）
M3B-A247,A_fcs10_shrub,w3,否,中,乔木林（密林，GEDI 12.3m）
M3B-A248,A_fcs10_shrub,w3,是,中,灌丛（喀斯特）
M3B-A249,A_fcs10_shrub,w3,否,高,乔木林
M3B-A250,A_fcs10_shrub,w3,否,中,乔木林
M3B-A251,A_fcs10_shrub,w3,是,中,灌丛/密灌（低矮木本，无高大树冠）
M3B-A252,A_fcs10_shrub,w3,否,中,乔木林
M3B-A253,A_fcs10_shrub,w3,否,高,乔木林
M3B-A254,A_fcs10_shrub,w3,是,低,灌丛（库岸密灌，低矮木本无高大树冠）
M3B-A255,A_fcs10_shrub,w3,否,中,乔木林
M3B-A256,A_fcs10_shrub,w3,否,低,乔木林
M3B-A257,A_fcs10_shrub,w3,否,中,乔木林
M3B-A258,A_fcs10_shrub,w3,否,中,乔木林
M3B-A259,A_fcs10_shrub,w3,否,低,园地（果园/裸土坡地，周围乔木林）
M3B-A260,A_fcs10_shrub,w3,否,低,乔木林（局部云雾）
M3B-A261,A_fcs10_shrub,w3,否,中,乔木林
M3B-A262,A_fcs10_shrub,w3,否,高,乔木林
M3B-A263,A_fcs10_shrub,w3,否,低,乔木林
M3B-A264,A_fcs10_shrub,w3,否,中,乔木林
M3B-A265,A_fcs10_shrub,w3,否,低,裸地
M3B-A266,A_fcs10_shrub,w3,否,高,乔木林
M3B-A267,A_fcs10_shrub,w3,否,高,乔木林
M3B-A268,A_fcs10_shrub,w3,否,高,乔木林
M3B-A269,A_fcs10_shrub,w3,否,中,乔木林
M3B-A270,A_fcs10_shrub,w3,否,低,裸地（石灰岩裸露岩面）
M3B-A271,A_fcs10_shrub,w3,否,低,乔木林
M3B-A272,A_fcs10_shrub,w3,否,中,乔木林
M3B-A273,A_fcs10_shrub,w3,否,低,裸地
M3B-A274,A_fcs10_shrub,w3,否,中,乔木林
M3B-A275,A_fcs10_shrub,w3,否,中,建成区
M3B-A276,A_fcs10_shrub,w3,否,中,乔木林
M3B-A277,A_fcs10_shrub,w3,否,高,乔木林
M3B-A278,A_fcs10_shrub,w3,是,低,灌丛（丘陵低矮木本与梯田交错）
M3B-A279,A_fcs10_shrub,w3,否,中,农田（菜地/园圃，行列纹理）
M3B-A280,A_fcs10_shrub,w3,否,中,乔木林
M3B-A281,A_fcs10_shrub,w3,否,高,乔木林
M3B-A282,A_fcs10_shrub,w3,否,低,农田
M3B-A283,A_fcs10_shrub,w3,是,低,低矮密灌（与乔木林难分）
M3B-A284,A_fcs10_shrub,w3,否,低,裸地
M3B-A285,A_fcs10_shrub,w3,否,高,乔木林
M3B-A286,A_fcs10_shrub,w3,否,中,农田（田块与树丛/果园镶嵌）
M3B-A287,A_fcs10_shrub,w3,否,中,乔木林
M3B-A288,A_fcs10_shrub,w3,否,高,乔木林
M3B-A289,A_fcs10_shrub,w3,是,低,灌丛
M3B-A290,A_fcs10_shrub,w3,否,中,乔木林
M3B-A291,A_fcs10_shrub,w3,否,高,乔木林
M3B-A292,A_fcs10_shrub,w3,否,低,农田
M3B-A293,A_fcs10_shrub,w3,否,低,乔木林
M3B-A294,A_fcs10_shrub,w3,否,中,农田（水田/鱼塘）
M3B-A295,A_fcs10_shrub,w3,否,高,乔木林
M3B-A296,A_fcs10_shrub,w3,否,中,乔木林（常绿密林，影像带薄雾）
M3B-A297,A_fcs10_shrub,w3,否,中,乔木林
M3B-A298,A_fcs10_shrub,w3,否,低,裸地
M3B-A299,A_fcs10_shrub,w3,否,中,乔木林
M3B-A300,A_fcs10_shrub,w3,否,低,乔木林
M3B-A301,A_fcs10_shrub,w4,否,中,裸地
M3B-A302,A_fcs10_shrub,w4,否,低,其他（暗色条带状地物/裸地，无植被信号）
M3B-A303,A_fcs10_shrub,w4,否,中,裸地(荒漠稀疏植被)
M3B-A304,A_fcs10_shrub,w4,否,高,沙地
M3B-A305,A_fcs10_shrub,w4,否,中,草地（高寒草甸）
M3B-A306,A_fcs10_shrub,w4,是,低,灌丛（沙棘/柠条类低矮灌丛，深绿斑块，冠层约2m）
M3B-A307,A_fcs10_shrub,w4,否,中,沙地
M3B-A308,A_fcs10_shrub,w4,否,中,裸地
M3B-A309,A_fcs10_shrub,w4,否,中,裸地（山地裸岩/稀疏植被，含积雪）
M3B-A310,A_fcs10_shrub,w4,否,中,裸地（黄土丘陵，稀疏植被）
M3B-A311,A_fcs10_shrub,w4,否,中,裸地（荒山/裸土）
M3B-A312,A_fcs10_shrub,w4,否,中,农田
M3B-A313,A_fcs10_shrub,w4,是,低,灌丛（荒漠山地/河谷密灌，近红外强、树冠不明显）
M3B-A314,A_fcs10_shrub,w4,否,中,裸地（黄土/砾质裸坡）
M3B-A315,A_fcs10_shrub,w4,否,低,沙地（裸地，植被稀疏）
M3B-A316,A_fcs10_shrub,w4,是,低,灌丛
M3B-A317,A_fcs10_shrub,w4,否,中,裸地（高山裸岩，局部积雪）
M3B-A318,A_fcs10_shrub,w4,否,低,草地
M3B-A319,A_fcs10_shrub,w4,否,低,沙地
M3B-A320,A_fcs10_shrub,w4,否,中,沙地（暗色砾石戈壁/沙漠，无植被信号）
M3B-A321,A_fcs10_shrub,w4,否,低,农田（黄土丘陵亮面，疑梯田，局部积雪）
M3B-A322,A_fcs10_shrub,w4,否,低,沙地
M3B-A323,A_fcs10_shrub,w4,否,高,裸地
M3B-A324,A_fcs10_shrub,w4,否,中,沙地
M3B-A325,A_fcs10_shrub,w4,否,低,裸地
M3B-A326,A_fcs10_shrub,w4,否,中,裸地
M3B-A327,A_fcs10_shrub,w4,否,中,裸地
M3B-A328,A_fcs10_shrub,w4,否,中,裸地
M3B-A329,A_fcs10_shrub,w4,否,中,沙地
M3B-A330,A_fcs10_shrub,w4,否,高,农田
M3B-A331,A_fcs10_shrub,w4,否,低,裸地
M3B-A332,A_fcs10_shrub,w4,否,低,乔木林（暗色郁闭常绿植被）
M3B-A333,A_fcs10_shrub,w4,否,低,裸地（山前洪积扇，沟谷零星植被）
M3B-A334,A_fcs10_shrub,w4,否,中,裸地（荒漠山地裸土/砾石）
M3B-A335,A_fcs10_shrub,w4,否,中,裸地（荒漠，邻近城镇与道路）
M3B-A336,A_fcs10_shrub,w4,否,高,农田
M3B-A337,A_fcs10_shrub,w4,否,中,裸地（砾石荒漠/侵蚀地，稀疏植被）
M3B-A338,A_fcs10_shrub,w4,否,中,裸地
M3B-A339,A_fcs10_shrub,w4,是,中,灌丛（高山低矮密灌）
M3B-A340,A_fcs10_shrub,w4,否,中,水体
M3B-A341,A_fcs10_shrub,w4,是,低,灌丛
M3B-A342,A_fcs10_shrub,w4,否,中,草地（荒漠草原，含村落房屋）
M3B-A343,A_fcs10_shrub,w4,否,高,裸地（砾石荒山/基岩）
M3B-A344,A_fcs10_shrub,w4,否,低,沙地（干旱沙砾地+渠系）
M3B-A345,A_fcs10_shrub,w4,是,低,灌丛型（雪被间深色荒漠灌丛）
M3B-A346,A_fcs10_shrub,w4,否,低,草地（丘陵沟壑坡地草原）
M3B-A347,A_fcs10_shrub,w4,无法判读,中,云雾遮挡影像模糊
M3B-A348,A_fcs10_shrub,w4,否,中,农田（黄土旱作梯田）
M3B-A349,A_fcs10_shrub,w4,否,低,乔木林（落叶密林，影像偏暗）
M3B-A350,A_fcs10_shrub,w4,否,中,农田
M3B-A351,A_fcs10_shrub,w4,否,低,农田
M3B-A352,A_fcs10_shrub,w4,否,低,草地（高寒草甸，局部灌丛斑块）
M3B-A353,A_fcs10_shrub,w4,否,中,裸地（侵蚀丘陵）
M3B-A354,A_fcs10_shrub,w4,否,中,裸地（黄土丘陵裸坡）
M3B-A355,A_fcs10_shrub,w4,否,中,裸地（高寒山地裸土/砾石坡）
M3B-A356,A_fcs10_shrub,w4,否,中,裸地
M3B-A357,A_fcs10_shrub,w4,否,中,水体
M3B-A358,A_fcs10_shrub,w4,否,高,裸地（山地裸岩/矿区）
M3B-A359,A_fcs10_shrub,w4,否,中,裸地
M3B-A360,A_fcs10_shrub,w4,否,低,农田
M3B-A361,A_fcs10_shrub,w4,否,低,农田
M3B-A362,A_fcs10_shrub,w4,否,中,沙地
M3B-A363,A_fcs10_shrub,w4,否,高,农田
M3B-A364,A_fcs10_shrub,w4,否,中,农田（灌溉田块与渠路网格）
M3B-A365,A_fcs10_shrub,w4,否,中,裸地（深色岩石/裸土）
M3B-A366,A_fcs10_shrub,w4,否,中,水体
M3B-A367,A_fcs10_shrub,w4,否,中,裸地（戈壁劣地，极干旱）
M3B-A368,A_fcs10_shrub,w4,否,中,农田
M3B-A369,A_fcs10_shrub,w4,无法判读,中,判读点被低云/雾带覆盖
M3B-A370,A_fcs10_shrub,w4,否,低,草地
M3B-A371,A_fcs10_shrub,w4,否,中,裸地
M3B-A372,A_fcs10_shrub,w4,否,中,裸地
M3B-A373,A_fcs10_shrub,w4,否,高,农田
M3B-A374,A_fcs10_shrub,w4,是,低,灌丛
M3B-A375,A_fcs10_shrub,w4,否,中,裸地（盐碱/砾石滩，含道路）
M3B-A376,A_fcs10_shrub,w4,是,低,荒漠稀疏灌丛
M3B-A377,A_fcs10_shrub,w4,是,中,灌丛（山地灌草坡，灰绿斑块状）
M3B-A378,A_fcs10_shrub,w4,否,低,裸地（白色裸岩/积雪山地）
M3B-A379,A_fcs10_shrub,w4,否,中,裸地
M3B-A380,A_fcs10_shrub,w4,否,中,裸地（干旱裸岩劣地，伪彩暗）
M3B-A381,A_fcs10_shrub,w4,否,中,农田
M3B-A382,A_fcs10_shrub,w4,否,低,裸地（暗色砾质/阴影地表，全片无植被信号，雪斑散布）
M3B-A383,A_fcs10_shrub,w4,否,中,裸地
M3B-A384,A_fcs10_shrub,w4,否,低,农田（环状梯田/压砂地，无植被信号）
M3B-A385,A_fcs10_shrub,w4,否,中,裸地（侵蚀劣地/裸岩）
M3B-A386,A_fcs10_shrub,w4,否,中,裸地
M3B-A387,A_fcs10_shrub,w4,否,中,裸地（荒漠山地）
M3B-A388,A_fcs10_shrub,w4,否,低,沙地（沙丘，含湿洼地）
M3B-A389,A_fcs10_shrub,w4,是,低,灌丛（盐碱/荒漠地稀疏低矮灌丛，暗色斑块）
M3B-A390,A_fcs10_shrub,w4,否,低,农田
M3B-A391,A_fcs10_shrub,w4,是,低,高山灌丛（推测）
M3B-A392,A_fcs10_shrub,w4,否,低,农田（沙漠绿洲灌溉田块）
M3B-A393,A_fcs10_shrub,w4,否,中,裸地
M3B-A394,A_fcs10_shrub,w4,否,高,裸地
M3B-A395,A_fcs10_shrub,w4,否,中,裸地
M3B-A396,A_fcs10_shrub,w4,是,低,灌丛（黄土丘陵坡面低矮木本）
M3B-A397,A_fcs10_shrub,w4,否,中,沙地
M3B-A398,A_fcs10_shrub,w4,否,中,裸地
M3B-A399,A_fcs10_shrub,w4,否,中,水体
M3B-A400,A_fcs10_shrub,w4,否,中,裸地（荒漠荒滩，植被稀疏）
M3B-A401,A_fcs10_shrub,w4,否,中,裸地
M3B-A402,A_fcs10_shrub,w4,否,高,裸地
M3B-A403,A_fcs10_shrub,w4,否,中,裸地（山地裸土/砾石）
M3B-A404,A_fcs10_shrub,w4,否,中,沙地
M3B-A405,A_fcs10_shrub,w4,否,中,裸地
M3B-A406,A_fcs10_shrub,w4,否,低,水体
M3B-A407,A_fcs10_shrub,w4,否,中,裸地（侵蚀劣地/裸岩）
M3B-A408,A_fcs10_shrub,w4,否,中,沙地
M3B-A409,A_fcs10_shrub,w4,否,中,农田（规则条田，含场院建筑）
M3B-A410,A_fcs10_shrub,w4,否,高,农田
M3B-A411,A_fcs10_shrub,w2,否,低,乔木林
M3B-A412,A_fcs10_shrub,w2,否,中,乔木林
M3B-A413,A_fcs10_shrub,w2,是,低,灌丛/幼林（低矮木本，可能含果园）
M3B-A414,A_fcs10_shrub,w2,否,低,乔木林
M3B-A415,A_fcs10_shrub,w2,否,中,乔木林
M3B-A416,A_fcs10_shrub,w2,是,低,灌丛（丘陵低矮木本）
M3B-A417,A_fcs10_shrub,w2,是,低,低矮灌丛（黄土坡地）
M3B-A418,A_fcs10_shrub,w2,否,中,乔木林
M3B-A419,A_fcs10_shrub,w2,否,高,乔木林
M3B-A420,A_fcs10_shrub,w2,是,中,灌丛（落叶密灌/幼林，低矮木本）
M3B-A421,A_fcs10_shrub,w2,否,低,其他
M3B-A422,A_fcs10_shrub,w2,否,中,农田
M3B-A423,A_fcs10_shrub,w2,否,中,乔木林
M3B-A424,A_fcs10_shrub,w2,否,低,乔木林（落叶期影像）
M3B-A425,A_fcs10_shrub,w2,否,中,建成区
M3B-A426,A_fcs10_shrub,w2,是,低,低矮密灌（黄土丘陵）
M3B-A427,A_fcs10_shrub,w2,否,低,乔木林
M3B-A428,A_fcs10_shrub,w2,是,低,灌丛
M3B-A429,A_fcs10_shrub,w2,否,低,农田
M3B-A430,A_fcs10_shrub,w2,是,中,灌丛（黄土沟坡柠条/沙棘类低矮密灌）
M3B-A431,A_fcs10_shrub,w2,否,中,农田（旱作田块）
M3B-A432,A_fcs10_shrub,w2,否,中,裸地
M3B-A433,A_fcs10_shrub,w2,是,低,灌丛（黄土坡面疏灌/灌草）
M3B-A434,A_fcs10_shrub,w2,否,低,农田
M3B-A435,A_fcs10_shrub,w2,否,中,乔木林（连续郁闭树冠）
M3B-A436,A_fcs10_shrub,w2,否,低,乔木林
M3B-A437,A_fcs10_shrub,w2,是,低,灌丛
M3B-A438,A_fcs10_shrub,w2,否,低,农田
M3B-A439,A_fcs10_shrub,w2,是,低,灌丛
M3B-A440,A_fcs10_shrub,w2,否,高,乔木林
M3B-A441,A_fcs10_shrub,w2,否,中,水体
M3B-A442,A_fcs10_shrub,w2,否,中,乔木林
M3B-A443,A_fcs10_shrub,w2,否,中,农田（黄土梯田）
M3B-A444,A_fcs10_shrub,w2,否,中,乔木林
M3B-A445,A_fcs10_shrub,w2,否,低,乔木林
M3B-A446,A_fcs10_shrub,w2,否,低,乔木林
M3B-A447,A_fcs10_shrub,w2,是,低,灌丛（沟坡/地埂低矮木本，无高大树冠）
M3B-A448,A_fcs10_shrub,w2,否,低,乔木林
M3B-A449,A_fcs10_shrub,w2,否,低,农田
M3B-A450,A_fcs10_shrub,w2,是,低,灌丛（坡地）
M3B-A451,A_fcs10_shrub,w2,否,低,乔木林
M3B-A452,A_fcs10_shrub,w2,否,低,乔木林
M3B-A453,A_fcs10_shrub,w2,否,中,乔木林
M3B-A454,A_fcs10_shrub,w2,否,中,水体
M3B-A455,A_fcs10_shrub,w2,否,中,乔木林（树覆盖75%，冠层结构明显）
M3B-A456,A_fcs10_shrub,w2,否,中,乔木林
M3B-A457,A_fcs10_shrub,w2,否,中,乔木林
M3B-A458,A_fcs10_shrub,w2,否,中,乔木林
M3B-A459,A_fcs10_shrub,w2,否,中,乔木林
M3B-A460,A_fcs10_shrub,w2,是,低,灌丛
M3B-A461,A_fcs10_shrub,w2,否,低,草地
M3B-A462,A_fcs10_shrub,w2,否,中,乔木林
M3B-A463,A_fcs10_shrub,w2,否,中,乔木林
M3B-A464,A_fcs10_shrub,w2,否,低,乔木林
M3B-A465,A_fcs10_shrub,w2,否,中,乔木林（郁闭树冠）
M3B-A466,A_fcs10_shrub,w2,否,中,农田（梯田，疑果园）
M3B-A467,A_fcs10_shrub,w2,否,低,农田（覆膜梯田区，中心为绿色作物/草）
M3B-A468,A_fcs10_shrub,w2,否,高,农田
M3B-A469,A_fcs10_shrub,w2,是,低,灌丛
M3B-A470,A_fcs10_shrub,w2,否,中,乔木林
M3B-A471,A_fcs10_shrub,w2,否,高,乔木林
M3B-A472,A_fcs10_shrub,w2,无法判读,中,亮白斑覆盖（云/雪），地表不可辨
M3B-A473,A_fcs10_shrub,w2,否,高,乔木林
M3B-A474,A_fcs10_shrub,w2,否,高,乔木林
M3B-A475,A_fcs10_shrub,w2,否,低,乔木林
M3B-A476,A_fcs10_shrub,w2,否,中,乔木林
M3B-A477,A_fcs10_shrub,w2,是,低,灌丛
M3B-A478,A_fcs10_shrub,w2,是,低,灌丛
M3B-A479,A_fcs10_shrub,w2,否,低,乔木林
M3B-A480,A_fcs10_shrub,w2,否,中,乔木林
M3B-A481,A_fcs10_shrub,w2,否,中,乔木林
M3B-A482,A_fcs10_shrub,w2,否,高,乔木林
M3B-A483,A_fcs10_shrub,w2,否,中,乔木林
M3B-A484,A_fcs10_shrub,w2,否,中,农田
M3B-A485,A_fcs10_shrub,w2,否,低,乔木林
M3B-A486,A_fcs10_shrub,w2,否,低,乔木林
M3B-A487,A_fcs10_shrub,w2,否,中,乔木林
M3B-A488,A_fcs10_shrub,w2,否,低,其他
M3B-A489,A_fcs10_shrub,w2,否,中,乔木林
M3B-A490,A_fcs10_shrub,w2,否,中,乔木林
M3B-A491,A_fcs10_shrub,w2,否,低,乔木林
M3B-A492,A_fcs10_shrub,w2,是,低,灌丛（黄土坡面低矮木本）
M3B-A493,A_fcs10_shrub,w2,是,低,灌丛（黄土坡面密灌）
M3B-A494,A_fcs10_shrub,w2,否,高,乔木林
M3B-A495,A_fcs10_shrub,w2,否,低,农田
M3B-A496,A_fcs10_shrub,w2,否,低,乔木林
M3B-A497,A_fcs10_shrub,w2,否,低,乔木林
M3B-A498,A_fcs10_shrub,w2,否,中,乔木林
M3B-A499,A_fcs10_shrub,w2,否,高,乔木林
M3B-A500,A_fcs10_shrub,w2,否,中,水体
M3B-A501,A_fcs10_shrub,w2,否,高,乔木林
M3B-A502,A_fcs10_shrub,w2,是,低,灌丛（黄土沟坡灌丛，含草地/农田）
M3B-A503,A_fcs10_shrub,w2,否,中,乔木林（郁闭树冠，GEDI 15.0m）
M3B-A504,A_fcs10_shrub,w2,否,高,乔木林
M3B-A505,A_fcs10_shrub,w2,是,中,山地灌丛
M3B-A506,A_fcs10_shrub,w2,否,中,草地
M3B-A507,A_fcs10_shrub,w2,否,低,其他（林间旱化稀疏植被）
M3B-A508,A_fcs10_shrub,w2,否,低,乔木林
M3B-A509,A_fcs10_shrub,w2,否,中,乔木林
M3B-A510,A_fcs10_shrub,w2,是,低,灌丛（山地疏灌/灌草）
M3B-A511,A_fcs10_shrub,w1,否,高,农田
M3B-A512,A_fcs10_shrub,w1,否,低,农田
M3B-A513,A_fcs10_shrub,w1,否,低,裸地
M3B-A514,A_fcs10_shrub,w1,否,低,农田（田块规整，中心疑为田间林带/渠边植被）
M3B-A515,A_fcs10_shrub,w1,否,中,水体（河道，点位于河面/冰面）
M3B-A516,A_fcs10_shrub,w1,否,低,草地
M3B-A517,A_fcs10_shrub,w1,无法判读,中,影像过暗且伪影重
M3B-A518,A_fcs10_shrub,w1,否,低,农田
M3B-A519,A_fcs10_shrub,w1,否,中,农田
M3B-A520,A_fcs10_shrub,w1,否,中,农田
M3B-A521,A_fcs10_shrub,w1,否,高,农田
M3B-A522,A_fcs10_shrub,w1,否,中,农田
M3B-A523,A_fcs10_shrub,w1,否,高,农田
M3B-A524,A_fcs10_shrub,w1,否,高,农田
M3B-A525,A_fcs10_shrub,w1,否,中,农田
M3B-A526,A_fcs10_shrub,w1,否,高,农田
M3B-A527,A_fcs10_shrub,w1,否,高,农田
M3B-A528,A_fcs10_shrub,w1,否,中,湿地（沼泽草甸湿生植被，无明显木本结构）
M3B-A529,A_fcs10_shrub,w1,否,低,其他（村屯/沙地，点处暗色无植被）
M3B-A530,A_fcs10_shrub,w1,否,高,乔木林（GEDI 11.3m、树覆盖96%）
M3B-A531,A_fcs10_shrub,w1,否,低,农田
M3B-A532,A_fcs10_shrub,w1,否,中,农田
M3B-A533,A_fcs10_shrub,w1,否,高,农田
M3B-A534,A_fcs10_shrub,w1,否,高,农田（田块条带清晰）
M3B-A535,A_fcs10_shrub,w1,否,高,农田
M3B-A536,A_fcs10_shrub,w1,否,中,农田
M3B-A537,A_fcs10_shrub,w1,否,高,农田
M3B-A538,A_fcs10_shrub,w1,否,高,农田
M3B-A539,A_fcs10_shrub,w1,否,高,农田（规则格田）
M3B-A540,A_fcs10_shrub,w1,否,中,农田
M3B-A541,A_fcs10_shrub,w1,否,中,农田
M3B-A542,A_fcs10_shrub,w1,否,中,水体（点位落在深色泡沼/湖面上，四周为农田）
M3B-A543,A_fcs10_shrub,w1,否,低,农田（格状田块+积雪残斑）
M3B-A544,A_fcs10_shrub,w1,是,低,灌丛
M3B-A545,A_fcs10_shrub,w1,否,高,农田
M3B-A546,A_fcs10_shrub,w1,否,高,农田
M3B-A547,A_fcs10_shrub,w1,否,中,农田
M3B-A548,A_fcs10_shrub,w1,否,高,农田
M3B-A549,A_fcs10_shrub,w1,否,高,农田
M3B-A550,A_fcs10_shrub,w1,否,中,农田（水田渠系）+水体
M3B-A551,A_fcs10_shrub,w1,否,中,农田
M3B-A552,A_fcs10_shrub,w1,否,高,农田
M3B-A553,A_fcs10_shrub,w1,否,中,农田
M3B-A554,A_fcs10_shrub,w1,否,中,建成区（居民点/城镇建筑群）
M3B-A555,A_fcs10_shrub,w1,否,高,农田
M3B-A556,A_fcs10_shrub,w1,否,低,建成区
M3B-A557,A_fcs10_shrub,w1,否,高,乔木林
M3B-A558,A_fcs10_shrub,w1,否,高,农田（东北旱作农田）
M3B-A559,A_fcs10_shrub,w1,否,中,农田
M3B-A560,A_fcs10_shrub,w1,否,低,农田
M3B-A561,A_fcs10_shrub,w1,否,中,建成区（村镇居民点，周围沙地灌草）
M3B-A562,A_fcs10_shrub,w1,否,低,农田
M3B-A563,A_fcs10_shrub,w1,是,低,灌丛/幼林（低矮木本）
M3B-A564,A_fcs10_shrub,w1,否,中,水体
M3B-A565,A_fcs10_shrub,w1,否,高,农田
M3B-A566,A_fcs10_shrub,w1,否,中,农田
M3B-A567,A_fcs10_shrub,w1,否,高,建成区
M3B-A568,A_fcs10_shrub,w1,是,中,沙地灌丛/疏灌
M3B-A569,A_fcs10_shrub,w1,否,中,草地（沼泽化草甸·塔头斑块）
M3B-A570,A_fcs10_shrub,w1,是,低,灌丛/矮林（丘陵，含耕地斑块）
M3B-A571,A_fcs10_shrub,w1,否,中,农田
M3B-A572,A_fcs10_shrub,w1,否,高,农田
M3B-A573,A_fcs10_shrub,w1,否,中,农田（水稻）
M3B-A574,A_fcs10_shrub,w1,否,高,农田
M3B-A575,A_fcs10_shrub,w1,否,中,农田（规则田块与村落，含滩地水塘）
M3B-A576,A_fcs10_shrub,w1,否,中,农田
M3B-A577,A_fcs10_shrub,w1,否,中,农田
M3B-A578,A_fcs10_shrub,w1,否,高,农田
M3B-A579,A_fcs10_shrub,w1,否,中,农田（规则田块+灌溉条带）
M3B-A580,A_fcs10_shrub,w1,否,低,农田/湿地（水田渠系，含水体）
M3B-A581,A_fcs10_shrub,w1,否,低,其他（湿地水体/沙地与农田镶嵌）
M3B-A582,A_fcs10_shrub,w1,否,中,农田
M3B-A583,A_fcs10_shrub,w1,否,高,农田
M3B-A584,A_fcs10_shrub,w1,否,低,草地
M3B-A585,A_fcs10_shrub,w1,是,中,沙地灌丛疏灌
M3B-A586,A_fcs10_shrub,w1,否,低,农田
M3B-A587,A_fcs10_shrub,w1,否,中,湿地
M3B-A588,A_fcs10_shrub,w1,是,低,灌丛/幼林（低矮木本）
M3B-A589,A_fcs10_shrub,w1,否,中,农田
M3B-A590,A_fcs10_shrub,w1,否,中,农田
M3B-A591,A_fcs10_shrub,w1,否,低,农田
M3B-A592,A_fcs10_shrub,w1,否,中,湿地
M3B-A593,A_fcs10_shrub,w1,否,高,农田
M3B-A594,A_fcs10_shrub,w1,否,中,农田
M3B-A595,A_fcs10_shrub,w1,否,高,农田
M3B-A596,A_fcs10_shrub,w1,否,低,农田
M3B-A597,A_fcs10_shrub,w1,否,高,农田
M3B-A598,A_fcs10_shrub,w1,否,中,农田
M3B-A599,A_fcs10_shrub,w1,否,中,农田
M3B-B000,B_control_base,w3,否,低,其他
M3B-B001,B_control_base,w4,否,高,农田
M3B-B002,B_control_base,w2,否,高,农田
M3B-B003,B_control_base,w3,否,低,乔木林
M3B-B004,B_control_base,w3,是,低,灌丛
M3B-B005,B_control_base,w3,否,高,乔木林
M3B-B006,B_control_base,w2,否,高,农田
M3B-B007,B_control_base,w3,否,高,乔木林
M3B-B008,B_control_base,w3,否,中,乔木林
M3B-B009,B_control_base,w3,否,低,农田
M3B-B010,B_control_base,w4,否,低,农田
M3B-B011,B_control_base,w1,否,高,农田
M3B-B012,B_control_base,w2,否,高,乔木林
M3B-B013,B_control_base,w3,否,中,乔木林
M3B-B014,B_control_base,w2,是,中,低矮密灌（柠条/沙棘型）
M3B-B015,B_control_base,w1,否,高,农田
M3B-B016,B_control_base,w1,否,高,农田
M3B-B017,B_control_base,w3,否,中,乔木林（与村庄镶嵌）
M3B-B018,B_control_base,w3,否,低,农田
M3B-B019,B_control_base,w4,否,高,农田
M3B-B020,B_control_base,w3,否,高,乔木林
M3B-B021,B_control_base,w3,否,低,水体
M3B-B022,B_control_base,w3,否,低,农田
M3B-B023,B_control_base,w1,否,中,农田
M3B-B024,B_control_base,w3,否,中,裸地
M3B-B025,B_control_base,w3,否,低,农田
M3B-B026,B_control_base,w2,否,中,乔木林
M3B-B027,B_control_base,w3,否,低,乔木林
M3B-B028,B_control_base,w2,否,中,乔木林
M3B-B029,B_control_base,w3,否,高,乔木林
M3B-B030,B_control_base,w3,否,低,农田
M3B-B031,B_control_base,w1,否,高,农田
M3B-B032,B_control_base,w3,否,低,乔木林
M3B-B033,B_control_base,w1,否,中,农田
M3B-B034,B_control_base,w3,否,中,农田
M3B-B035,B_control_base,w1,否,低,草地（盐碱湿地草甸，冬季无植被）
M3B-B036,B_control_base,,是,低,幼林/灌丛型（城郊连片深绿低矮木本）
M3B-B037,B_control_base,w2,否,中,农田
M3B-B038,B_control_base,w1,否,中,农田（高秆作物/玉米地）
M3B-B039,B_control_base,w3,是,低,灌丛
M3B-B040,B_control_base,w1,否,高,农田
M3B-B041,B_control_base,w3,否,低,农田（河网鱼塘间塘基耕地）
M3B-B042,B_control_base,w3,否,高,乔木林
M3B-B043,B_control_base,w3,否,中,乔木林
M3B-B044,B_control_base,w3,否,中,乔木林（常绿密林）
M3B-B045,B_control_base,w3,否,高,乔木林
M3B-B046,B_control_base,w3,否,中,乔木林
M3B-B047,B_control_base,w3,否,高,乔木林
M3B-B048,B_control_base,w2,否,中,乔木林（秦岭密林，树覆盖87%）
M3B-B049,B_control_base,w2,否,中,乔木林（密林，树覆盖85%）
M3B-B050,B_control_base,w3,否,低,乔木林
M3B-B051,B_control_base,w3,否,中,乔木林（含云雾带）
M3B-B052,B_control_base,w3,否,中,乔木林
M3B-B053,B_control_base,w3,是,低,灌丛
M3B-B054,B_control_base,w3,无法判读,中,云影/掩膜遮挡（周边为常绿林）
M3B-B055,B_control_base,w3,否,高,乔木林
M3B-B056,B_control_base,w2,是,中,灌丛/幼林（低矮木本）
M3B-B057,B_control_base,w3,否,高,乔木林
M3B-B058,B_control_base,w3,否,高,乔木林（连片密林+河谷水库）
M3B-B059,B_control_base,w2,否,中,乔木林
M3B-B060,B_control_base,w3,否,中,乔木林
M3B-B061,B_control_base,w3,否,中,农田
M3B-B062,B_control_base,w3,否,中,乔木林
M3B-B063,B_control_base,w3,否,低,乔木林
M3B-B064,B_control_base,w2,否,中,乔木林
M3B-B065,B_control_base,w2,否,高,乔木林
M3B-B066,B_control_base,w3,否,中,乔木林
M3B-B067,B_control_base,w2,否,中,乔木林
M3B-B068,B_control_base,w2,否,低,乔木林
M3B-B069,B_control_base,w2,否,中,乔木林
M3B-B070,B_control_base,w2,否,高,乔木林
M3B-B071,B_control_base,w3,否,低,乔木林（连片密林）
M3B-B072,B_control_base,w3,否,高,乔木林
M3B-B073,B_control_base,w1,否,低,农田
M3B-B074,B_control_base,w2,否,中,乔木林
M3B-B075,B_control_base,w3,否,中,乔木林（影像偏暗，但为郁闭植被）
M3B-B076,B_control_base,w2,否,中,乔木林
M3B-B077,B_control_base,w2,否,中,乔木林
M3B-B078,B_control_base,w3,否,中,乔木林
M3B-B079,B_control_base,w2,否,高,乔木林
M3B-B080,B_control_base,w2,否,高,乔木林
M3B-B081,B_control_base,w3,否,中,乔木林
M3B-B082,B_control_base,w2,否,中,乔木林
M3B-B083,B_control_base,w2,否,低,乔木林
M3B-B084,B_control_base,w2,否,高,乔木林
M3B-B085,B_control_base,w2,否,高,乔木林
M3B-B086,B_control_base,w3,是,低,灌丛型（常绿低矮木本斑块）
M3B-B087,B_control_base,w3,否,高,乔木林
M3B-B088,B_control_base,w3,否,中,乔木林（常绿密林）
M3B-B089,B_control_base,w3,否,高,乔木林
M3B-B090,B_control_base,w3,否,中,乔木林
M3B-B091,B_control_base,w3,否,高,乔木林
M3B-B092,B_control_base,w3,否,中,乔木林
M3B-B093,B_control_base,w3,否,低,其他（农田/园地与水面镶嵌）
M3B-B094,B_control_base,w3,否,中,乔木林
M3B-B095,B_control_base,w3,否,低,乔木林
M3B-B096,B_control_base,w3,无法判读,中,云遮挡
M3B-B097,B_control_base,w1,否,中,农田
M3B-B098,B_control_base,w3,否,高,乔木林
M3B-B099,B_control_base,w3,否,中,水体（点处近红外≈0，水库/塘）
M3B-B100,B_control_base,w2,否,中,乔木林
M3B-B101,B_control_base,w1,否,高,乔木林
M3B-B102,B_control_base,w3,否,高,乔木林
M3B-B103,B_control_base,w3,否,高,乔木林
M3B-B104,B_control_base,w3,否,高,乔木林
M3B-B105,B_control_base,w1,是,低,灌丛
M3B-B106,B_control_base,w1,否,中,乔木林
M3B-B107,B_control_base,w1,是,中,灌丛（低矮木本，坡地连片密灌）
M3B-B108,B_control_base,w1,是,低,灌丛型（连片均匀深绿低矮木本）
M3B-B109,B_control_base,w1,否,中,农田
M3B-B110,B_control_base,w1,是,低,幼林/灌丛型（连片深绿低矮木本）
M3B-B111,B_control_base,w1,否,低,草地（平缓草甸与农田交错）
M3B-B112,B_control_base,w1,否,低,乔木林（常绿木本，冬季NDVI 0.62）
M3B-B113,B_control_base,w4,否,中,裸地
M3B-B114,B_control_base,w4,否,低,裸地
M3B-B115,B_control_base,w1,否,低,湿地
M3B-B116,B_control_base,w1,否,高,农田
M3B-B117,B_control_base,w4,否,低,草地（黄土荒坡稀疏植被）
M3B-B118,B_control_base,w4,否,低,草地
M3B-B119,B_control_base,w4,否,低,裸地
M3B-B120,B_control_base,w4,否,中,裸地（高山裸岩/稀疏植被，含积雪）
M3B-B121,B_control_base,w4,否,中,裸地
M3B-B122,B_control_base,w4,否,低,裸地（干旱山地裸岩裸土）
M3B-B123,B_control_base,w4,无法判读,低,影像模糊（疑似积雪与阴影混杂）
M3B-B124,B_control_base,w4,否,中,裸地（黄土裸坡侵蚀面）
M3B-B125,B_control_base,w4,否,低,草地
M3B-B126,B_control_base,w4,否,低,其他（高山碎石坡/裸岩积雪，无植被）
M3B-B127,B_control_base,w4,否,低,草地
M3B-B128,B_control_base,w2,是,低,灌丛
M3B-B129,B_control_base,w2,否,低,裸地（黄土劣地，沟道零星植被）
M3B-B130,B_control_base,w4,否,低,乔木林
M3B-B131,B_control_base,w1,否,高,建成区
M3B-B132,B_control_base,w1,是,低,灌丛型（半干旱区低矮木本）
M3B-B133,B_control_base,w4,是,低,灌丛
M3B-B134,B_control_base,w4,否,低,裸地（暗色裸岩/积雪，NDVI 极低）
M3B-B135,B_control_base,w4,否,中,草地
M3B-B136,B_control_base,w4,否,中,裸地
M3B-B137,B_control_base,w4,否,高,沙地（沙漠/沙丘）
M3B-B138,B_control_base,w4,否,低,裸地
M3B-B139,B_control_base,w4,否,中,沙地
M3B-B140,B_control_base,w4,否,中,沙地（干旱沙质/盐漠，植被稀疏）
M3B-B141,B_control_base,w4,否,低,裸地
M3B-B142,B_control_base,w4,否,中,裸地
M3B-B143,B_control_base,w4,否,中,裸地
M3B-B144,B_control_base,w4,否,高,裸地
M3B-B145,B_control_base,w4,否,中,沙地
M3B-B146,B_control_base,w4,否,中,裸地（山前冲洪积裸地）
M3B-B147,B_control_base,w4,否,中,裸地（戈壁劣地/裸土砾石）
M3B-B148,B_control_base,w4,否,中,裸地(荒漠稀疏植被)
M3B-B149,B_control_base,w4,否,低,沙地（沙砾地含稀疏灌木）
M3B-B150,B_control_base,w4,否,中,湿地
M3B-B151,B_control_base,w4,否,中,裸地（荒漠草原，植被极稀疏）
M3B-B152,B_control_base,w4,否,中,裸地
M3B-B153,B_control_base,w4,否,中,裸地
M3B-B154,B_control_base,w4,否,中,裸地
M3B-B155,B_control_base,w3,无法判读,中,影像过暗，疑水体或深阴影
M3B-B156,B_control_base,w1,否,高,湿地（沼泽/芦苇水面）
M3B-B157,B_control_base,w3,否,高,水体
M3B-B158,B_control_base,w1,否,中,水体
M3B-B159,B_control_base,w3,否,低,草地
M3B-B160,B_control_base,w1,否,中,水体
M3B-B161,B_control_base,w3,否,低,水体
M3B-B162,B_control_base,w3,否,低,乔木林
M3B-B163,B_control_base,w1,否,低,农田
M3B-B164,B_control_base,w3,否,低,农田
M3B-B165,B_control_base,w1,否,高,农田
M3B-B166,B_control_base,w3,否,高,水体
M3B-B167,B_control_base,w1,否,中,水体
M3B-B168,B_control_base,w1,否,中,水体
M3B-B169,B_control_base,w3,否,低,湿地
M3B-B170,B_control_base,w3,否,中,水体
M3B-B171,B_control_base,w1,否,中,农田
M3B-B172,B_control_base,w1,否,中,湿地
M3B-B173,B_control_base,w1,否,中,农田（格田+防护林带/坑塘）
M3B-B174,B_control_base,w1,否,高,农田
M3B-B175,B_control_base,w3,否,中,乔木林
M3B-B176,B_control_base,w4,否,高,农田
M3B-B177,B_control_base,w4,否,中,裸地
M3B-B178,B_control_base,w1,否,中,农田（大块格田+防护林带）
M3B-B179,B_control_base,w1,否,中,水体（河谷水面/滩地，周围农田）
M3B-B180,B_control_base,w4,否,中,裸地（荒漠戈壁，含小水面）
M3B-B181,B_control_base,w4,否,中,水体
M3B-B182,B_control_base,w1,否,高,农田
M3B-B183,B_control_base,w1,否,低,水体
M3B-B184,B_control_base,w1,否,低,裸地（盐碱裸地/积雪，格田之间）
M3B-B185,B_control_base,w1,否,低,农田
M3B-B186,B_control_base,w4,否,低,农田
M3B-B187,B_control_base,w3,否,低,其他（水体、建成区与农田镶嵌）
M3B-B188,B_control_base,w1,否,中,农田
M3B-B189,B_control_base,w3,否,中,农田
M3B-B190,B_control_base,w4,否,低,裸地
M3B-B191,B_control_base,w2,否,中,水体（辫状河道与河滩）
M3B-B192,B_control_base,w1,否,中,水体
M3B-B193,B_control_base,w3,否,高,水体
M3B-B194,B_control_base,w2,否,高,农田
M3B-B195,B_control_base,w4,否,中,水体
M3B-B196,B_control_base,w4,否,低,农田
M3B-B197,B_control_base,w3,否,中,建成区
M3B-B198,B_control_base,w3,否,低,乔木林
M3B-B199,B_control_base,w3,否,低,其他(农田水域镶嵌)
M3B-B200,B_control_base,w4,否,高,建成区
M3B-B201,B_control_base,w3,否,低,农田
M3B-B202,B_control_base,w3,否,高,建成区
M3B-B203,B_control_base,w2,否,中,农田
M3B-B204,B_control_base,w2,否,中,建成区
M3B-B205,B_control_base,w3,否,低,裸地（紫色土裸地/建设地）
M3B-B206,B_control_base,w1,否,中,建成区
M3B-B207,B_control_base,w3,否,中,建成区
M3B-B208,B_control_base,w1,否,中,农田（设施农业）
M3B-B209,B_control_base,w1,否,中,建成区（房屋院落与硬化地面）
M3B-B210,B_control_base,w3,否,低,其他
M3B-B211,B_control_base,w1,否,中,建成区
M3B-B212,B_control_base,w3,否,中,乔木林
M3B-B213,B_control_base,w1,否,中,农田
M3B-B214,B_control_base,w2,否,低,农田
M3B-B215,B_control_base,w1,否,高,农田
M3B-B216,B_control_base,w4,否,高,农田
M3B-B217,B_control_base,w3,否,低,建成区
M3B-B218,B_control_base,w4,否,高,裸地
M3B-B219,B_control_base,w4,否,高,沙地
M3B-B220,B_control_base,w1,否,低,湿地
M3B-B221,B_control_base,w4,否,中,沙地
M3B-B222,B_control_base,w4,否,低,沙地（荒漠沙地，点处植被极稀疏）
M3B-B223,B_control_base,w4,否,中,裸地（荒漠戈壁，稀疏植被）
M3B-B224,B_control_base,w4,否,低,水体（沙漠湖淖）
M3B-B225,B_control_base,,否,中,沙地
M3B-B226,B_control_base,w4,否,高,裸地
M3B-B227,B_control_base,w4,否,中,沙地
M3B-B228,B_control_base,w4,否,中,裸地（干旱砾漠裸岩，无植被信号）
M3B-B229,B_control_base,w4,否,中,裸地
M3B-B230,B_control_base,w4,否,中,裸地（戈壁/沙地）
M3B-B231,B_control_base,w4,否,中,裸地
M3B-B232,B_control_base,w4,否,中,裸地
M3B-B233,B_control_base,w4,否,高,裸地
M3B-B234,B_control_base,w4,否,高,沙地
M3B-B235,B_control_base,w4,否,中,沙地
M3B-B236,B_control_base,w4,否,低,裸地
M3B-B237,B_control_base,w4,无法判读,低,影像模糊
M3B-B238,B_control_base,w4,否,中,裸地
M3B-B239,B_control_base,w1,否,中,农田
M3B-B240,B_control_base,w3,否,中,水体（河谷水面/沙洲，周围乔木林）
M3B-B241,B_control_base,w4,否,中,水体（浑水河道）
M3B-B242,B_control_base,w3,否,低,水体
M3B-B243,B_control_base,w3,否,低,建成区
M3B-B244,B_control_base,w3,否,低,水体
M3B-B245,B_control_base,w3,否,中,水体/湿地（坑塘养殖）
M3B-B246,B_control_base,w3,否,中,水体
M3B-B247,B_control_base,w3,否,中,建成区（城市绿地）
M3B-B248,B_control_base,w3,否,高,水体（河流水面）
M3B-B249,B_control_base,w3,否,低,水体
M3B-B250,B_control_base,w2,否,中,水体（水库水面）
M3B-B251,B_control_base,w4,否,中,沙地
M3B-B252,B_control_base,w3,否,低,乔木林
M3B-B253,B_control_base,w2,否,中,水体
M3B-B254,B_control_base,w3,否,中,水体（河道）
M3B-B255,B_control_base,,否,高,建成区（城镇建筑与鱼塘水面）
M3B-B256,B_control_base,w3,否,高,水体
M3B-B257,B_control_base,w3,否,低,乔木林
M3B-B258,B_control_base,w3,否,中,乔木林
M3B-B259,B_control_base,w4,否,中,湿地（湖泊水面/湿地公园）
M3B-B260,B_control_base,w4,无法判读,中,积雪覆盖
M3B-B261,B_control_base,w4,无法判读,低,影像过暗（雪/阴影，中心地物不可辨）
M3B-B262,B_control_base,w4,无法判读,低,影像过暗且积雪干扰
