point_id,prov,wc,zone,lon,lat,ch_mean,tc2000,ndvi_amp,ndvi_winter,ndvi_summer,Q1,Q2,conf,note
M3A-w2-0370,甘肃,10,core,105.926074,34.165735,16.35,85,0.5367,0.2885,0.8253,否,水体,中,深绿均质 疑藻华水面
M3A-w2-0387,甘肃,10,core,107.993098,35.762221,4.14,21,0.5868,0.1811,0.7679,是,落叶灌丛,低,细碎灌团 邻梯田
M3A-w2-0395,甘肃,10,core,105.835794,33.942863,15.03,0,0.4642,0.4235,0.8877,是,落叶灌丛,低,灌草斑块 深绿团簇三成
M3A-w2-0397,甘肃,10,core,106.195299,34.255207,14.55,85,0.5566,0.3259,0.8825,是,落叶灌丛,低,深绿细灌团密布 无树影
M3A-w2-0402,甘肃,10,core,105.93901,34.326354,9.79,86,0.5673,0.323,0.8903,否,草地,低,草被夹零星暗绿点
M3A-w2-0406,甘肃,10,core,106.269141,34.355998,10.95,49,0.5525,0.3248,0.8774,否,草地,中,均质平滑绿被
M3A-w2-0414,甘肃,10,core,106.465064,33.857433,8.23,0,0.4127,0.3931,0.8058,是,落叶灌丛,低,路旁细碎灌团 无树影
M3A-w2-0416,甘肃,10,core,106.119302,34.048505,7.48,0,0.4974,0.3659,0.8633,否,草地,中,大面积平滑淡绿
M3A-w2-0418,甘肃,10,core,106.539444,34.244158,9.39,49,0.4294,0.3946,0.824,是,落叶灌丛,低,深绿灌团 局部亮隙
M3A-w2-0425,甘肃,30,core,105.823936,35.06935,4.23,0,0.1853,0.153,0.3383,否,草本旱地,中,等高梯田 地表近裸
M3A-w2-0426,甘肃,30,core,105.529648,35.678139,3.83,0,0.1089,0.1884,0.2792,否,草地,低,均质平滑绿被
M3A-w2-0429,甘肃,30,core,108.259897,35.424814,7.36,0,0.2718,0.1968,0.4686,否,裸地,中,黄土沟壑 裸土为主
M3A-w2-0431,甘肃,30,core,108.031636,36.007731,1.84,0,0.2553,0.1967,0.4449,否,草本旱地,中,等高条带 绿带夹裸土
M3A-w2-0432,甘肃,30,core,105.646608,34.733021,3.57,0,0.1292,0.2739,0.2255,否,裸地,中,浅色裸土 微见田坎
M3A-w2-0433,甘肃,30,core,106.812981,35.286294,3.19,4,0.156,0.1589,0.3149,否,湖河滩地,低,近水平滑滩地 微绿
M3A-w2-0434,甘肃,30,core,108.054812,35.732038,8.43,0,0.5327,0.2194,0.7521,是,落叶灌丛,低,细碎深绿灌点密布
M3A-w2-0435,甘肃,30,core,105.612652,35.009792,4.89,0,0.3562,0.185,0.5412,否,草地,低,平滑青绿草被 邻灌坡
M3A-w2-0436,甘肃,30,core,107.434436,35.840644,6.2,0,0.343,0.2304,0.5735,否,稀疏植被,低,浅色坡地 稀疏草点
M3A-w2-0437,甘肃,30,core,107.717674,35.591361,2.52,0,0.2631,0.2283,0.4914,否,草地,低,干黄绿草被夹裸斑
M3A-w2-0439,甘肃,30,core,106.705183,35.215955,3.32,0,0.5127,0.2151,0.7278,否,草地,中,大面积均质平滑绿被
M3A-w2-0443,甘肃,30,core,108.19441,35.358249,7.69,0,0.275,0.2108,0.4859,否,草地,低,水平沟条带旁 平滑绿
M3A-w2-0444,甘肃,30,core,107.904434,35.546356,7.14,0,0.3779,0.2052,0.5832,否,草地,中,平滑草坡 微见等高纹
M3A-w2-0447,甘肃,30,core,105.813965,34.899299,4.05,0,0.1454,0.1697,0.3068,否,草本旱地,中,梯坎分明 地表近裸
M3A-w2-0452,甘肃,40,core,105.796717,35.137263,4.77,0,0.2138,0.1768,0.3906,否,草地,低,村旁绿被夹裸斑
M3A-w2-0460,甘肃,40,core,106.777408,35.661699,4.88,0,0.5187,0.1143,0.633,否,草地,低,条纹坡地 平滑草被
M3A-w2-0467,甘肃,40,core,107.859698,35.602141,7.55,0,0.2656,0.3544,0.513,否,草本旱地,低,村旁翻耕地 近裸土
M3A-w2-0469,甘肃,40,core,105.801837,35.092527,3.91,0,0.3019,0.2354,0.5372,否,乔灌园地,中,等高行栽点阵 裸土带
M3A-w2-0470,甘肃,40,core,105.616156,35.017877,4.49,0,0.2425,0.1801,0.422,否,乔灌园地,低,行栽苗点 夹裸土带
M3A-w2-0472,甘肃,40,core,106.639965,35.170141,1.96,0,0.2355,0.4037,0.6392,否,草地,低,平滑草被 微见等高纹
M3A-w2-0477,甘肃,40,core,108.051578,35.702663,6.47,0,0.312,0.2752,0.5481,否,草本旱地,低,条田夹绿条 点位近裸
M3A-w2-0481,甘肃,40,core,107.018066,35.487067,3.56,0,0.0906,0.4552,0.3888,否,乔灌园地,中,规则行栽点阵 裸土
M3A-w2-0482,甘肃,40,core,107.441173,35.29896,4.27,0,0.394,0.1972,0.5912,是,落叶灌丛,低,灌团约四成 夹裸土
M3A-w2-0490,甘肃,40,core,105.542314,34.140403,1.22,0,0.2587,0.266,0.5167,否,草地,低,撂荒梯田 绿褐斑驳
M3A-w2-0520,甘肃,60,core,107.122361,35.402715,3.15,0,0.0563,0.1085,0.1642,否,草本旱地,低,新翻耕地 邻大棚
M3A-w2-0539,甘肃,10,edge,106.016894,34.49344,1.13,0,0.592,0.269,0.861,否,草地,低,暗绿细碎草被 无树冠
M3A-w2-0542,甘肃,10,edge,107.557864,35.329143,8.53,0,0.4844,0.2225,0.7068,是,落叶灌丛,低,灌团密布 无大树冠
M3A-w2-0543,甘肃,10,edge,108.5143,36.022283,12.3,54,0.4765,0.312,0.7885,是,落叶灌丛,低,细碎青绿灌冠 无大树影
M3A-w2-0548,甘肃,10,edge,106.53082,35.184425,3.97,0,0.5388,0.2893,0.828,否,草地,低,山前绿坡 邻梯田
M3A-w2-0555,甘肃,30,edge,107.619848,35.708592,2.71,0,0.2944,0.3146,0.5684,否,不透水面,低,场院碎石地 夹灌点
M3A-w2-0556,甘肃,30,edge,106.210661,35.310548,5.25,0,0.3525,0.2413,0.5938,否,稀疏植被,低,坡面条带 淡绿稀疏
M3A-w2-0558,甘肃,30,edge,108.246153,35.374957,7.86,0,0.5044,0.2435,0.748,是,落叶灌丛,低,深绿细碎团块·无树冠影
M3A-w2-0560,甘肃,30,edge,108.061819,35.424814,3.49,0,0.4882,0.2408,0.729,是,落叶灌丛,中,深绿细团簇·无树影
M3A-w2-0562,甘肃,30,edge,106.169428,34.677236,8.02,0,0.4936,0.3112,0.8048,否,草地,中,均匀橄榄绿·无木本结构
M3A-w2-0564,甘肃,30,edge,107.029924,35.21865,2.2,0,0.2499,0.1648,0.4147,否,不透水面,中,村舍屋顶+土场院
M3A-w2-0565,甘肃,30,edge,105.502968,34.818181,3.91,0,0.3409,0.1786,0.4755,是,落叶灌丛,低,暗影内密团·结构难辨
M3A-w2-0569,甘肃,30,edge,106.931559,35.712364,2.81,0,0.2216,0.1343,0.3559,否,稀疏植被,低,浅褐土坡+零散矮草
M3A-w2-0571,甘肃,30,edge,105.551477,34.841358,4.15,0,0.3254,0.1714,0.4826,否,不透水面,中,村内巷道院落·房舍密
M3A-w2-0573,甘肃,30,edge,107.321517,35.774079,5.82,0,0.4493,0.1893,0.6386,是,落叶灌丛,低,深绿密团块·边缘无树影
M3A-w2-0575,甘肃,30,edge,107.281632,35.226466,0.87,0,0.5416,0.2103,0.7519,否,草地,低,缓坡暗绿草被+等高纹
M3A-w2-0583,甘肃,30,edge,107.459768,35.27767,5.88,0,0.5243,0.2376,0.7619,否,草地,低,浅绿草坡+零星深点
M3A-w2-0586,甘肃,40,edge,107.503426,35.603219,2.88,0,0.1627,0.5623,0.7165,是,落叶灌丛,中,深绿密团块·细碎纹理
M3A-w2-0587,甘肃,40,edge,107.648145,35.457692,6.25,0,0.3154,0.2288,0.4308,否,乔灌园地,中,规整点状栽植·绿底
M3A-w2-0588,甘肃,40,edge,106.549685,35.28306,3.1,0,0.4145,0.2039,0.6185,否,稀疏植被,低,水平沟整地·土+草灌带
M3A-w2-0589,甘肃,40,edge,108.217048,35.391127,6.44,0,0.4061,0.1401,0.536,否,不透水面,中,村道场院浅色面
M3A-w2-0591,甘肃,40,edge,107.075738,35.211644,2.27,0,0.5296,0.1608,0.6903,否,草本旱地,低,灰褐缓坡+浅耕条纹
M3A-w2-0601,甘肃,40,edge,107.671052,35.40002,4.04,0,0.3777,0.2445,0.6222,是,落叶灌丛,低,院旁密绿冠+房舍边
M3A-w2-0606,甘肃,40,edge,106.639696,35.632864,8.05,0,0.2674,0.1325,0.3999,否,草地,低,光滑橄榄绿草被·无冠层
M3A-w2-0608,甘肃,40,edge,108.026515,35.932811,5.91,0,0.4391,0.2028,0.6419,否,裸地,中,裸土坡·下缘接深绿沟
M3A-w2-0652,甘肃,60,edge,107.157665,35.325101,0.98,0,0.2581,0.1317,0.3898,否,稀疏植被,低,干草坡+下缘绿灌带
M3A-w2-0654,甘肃,60,edge,106.203923,35.142922,4.81,0,0.1614,0.1578,0.3191,否,稀疏植被,低,褐土坡+亮色土带
M3A-w2-0662,甘肃,60,edge,105.584894,35.715329,3.4,0,0.0262,0.1712,0.1805,否,草地,低,坡面碎斑绿被+土路斜穿
M3A-w2-0663,甘肃,60,edge,106.170775,35.227005,4.0,0,0.2024,0.1696,0.372,否,稀疏植被,低,暗橄榄干草坡·覆盖稀
M3A-w2-0664,甘肃,60,edge,106.171314,35.219998,4.0,0,0.0328,0.0569,0.0898,否,裸地,中,公路下裸土坡·无植被
M3A-w2-0665,甘肃,60,edge,106.145173,35.394361,2.93,0,0.0158,0.1476,0.1472,否,不透水面,中,院舍屋顶灰面·建筑群
M3A-w2-0668,甘肃,60,edge,107.987708,35.751711,3.07,0,0.0148,0.0924,0.1062,否,不透水面,中,厂棚顶亮面+场院杂物
M3A-w2-0669,甘肃,60,edge,106.967671,36.057857,8.1,0,0.1004,0.1556,0.2267,否,稀疏植被,低,干草灰坡+路旁·覆盖稀
M3A-w2-0673,甘肃,60,edge,106.036837,34.568629,5.76,0,0.0772,0.091,0.1682,否,湖河滩地,低,河谷均质沙土平滩
M3A-w2-0676,甘肃,60,edge,107.094872,35.528839,1.18,0,0.0867,0.0941,0.1808,否,草地,低,渠旁草带均匀绿
M3A-w2-0678,甘肃,60,edge,107.26169,35.602411,0.04,0,0.1094,0.1858,0.2861,否,不透水面,低,村宅院+土墙树混
M3A-w2-0688,甘肃,60,edge,107.279746,36.079686,5.91,0,0.2054,0.2044,0.4082,是,落叶灌丛,低,梯田坎深绿灌带+场院
M3A-w2-0689,甘肃,60,edge,105.573036,33.691425,4.82,0,0.1605,0.1186,0.2791,否,裸地,中,工地裸土·无植被
M3A-w2-0701,甘肃,80,edge,105.563065,33.567457,9.11,0,0.0876,-0.021,-0.015,否,水体,高,浑浊河水面均一
M3A-w4-1074,甘肃,10,core,102.804788,36.697906,14.65,0,0.2579,0.5859,0.7068,否,常绿针叶林,低,灰绿密冠团块满布
M3A-w4-1078,甘肃,10,core,101.3002,38.430487,8.41,0,0.1285,0.7157,0.6497,否,常绿针叶林,中,密冠+上部林线疏树
M3A-w4-1080,甘肃,10,core,102.422106,37.624159,6.4,0,0.4104,0.5327,0.7837,否,常绿针叶林,低,针叶林冠+林间路
M3A-w4-1082,甘肃,10,core,102.722053,36.600349,6.17,0,0.504,0.4172,0.8184,否,常绿针叶林,中,密冠细腻纹理·无空地
M3A-w4-1085,甘肃,10,core,102.685132,36.819987,5.67,88,0.2099,0.7845,0.771,否,常绿针叶林,中,密冠小团起伏·林缘草甸
M3A-w4-1088,甘肃,10,core,102.727982,36.772556,8.03,0,0.1089,0.6152,0.694,是,落叶灌丛,低,灌团草甸镶嵌·林畔
M3A-w4-1089,甘肃,10,core,102.500798,37.633591,7.98,29,0.2409,0.7342,0.6662,否,常绿针叶林,低,密集暗绿冠+上坡疏树
M3A-w4-1092,甘肃,10,core,102.837397,37.024264,7.19,0,0.4409,0.3093,0.7502,否,草地,低,均质深绿草甸+灌斑坡界
M3A-w4-1093,甘肃,10,core,102.801285,37.319091,5.45,0,0.5822,0.1824,0.7646,否,常绿针叶林,低,暗绿密冠·阴影斑块
M3A-w4-1095,甘肃,10,core,102.362817,37.640059,8.95,0,0.3442,0.7844,0.6791,否,常绿针叶林,中,密集针状树冠纹理
M3A-w4-1098,甘肃,10,core,102.737684,36.802201,6.24,91,0.3783,0.4248,0.8031,否,常绿针叶林,低,浓阴影下暗绿冠层
M3A-w4-1102,甘肃,10,core,102.679204,36.697906,17.53,60,0.2759,0.7242,0.7615,否,常绿针叶林,低,暗冠夹杂亮绿斑
M3A-w4-1106,甘肃,10,core,102.005737,37.752438,12.89,0,0.6102,0.1907,0.8009,否,草地,低,深绿平滑·散生灌斑
M3A-w4-1111,甘肃,10,core,103.724843,37.132062,6.71,0,0.513,1.0,0.6861,是,落叶灌丛,低,暗绿灌块+大片阴影
M3A-w4-1113,甘肃,20,core,103.080212,37.748127,2.33,0,0.0442,0.14,0.0959,否,稀疏植被,低,黄褐砾地稀疏绿点
M3A-w4-1127,甘肃,30,core,104.47781,36.988152,4.31,0,0.2757,0.1176,0.3933,是,落叶灌丛,低,沙坡暗色带疑灌丛
M3A-w4-1128,甘肃,30,core,104.0035,36.824299,4.7,0,0.03,0.1208,0.0908,否,稀疏植被,低,黄白斑驳稀疏灌草
M3A-w4-1129,甘肃,30,core,101.606885,37.94378,2.64,0,0.3595,0.2101,0.5637,否,草地,中,匀质橄榄绿覆盖
M3A-w4-1130,甘肃,30,core,102.461182,37.695036,5.52,0,0.1802,0.185,0.3611,否,草地,低,匀绿谷底无斑块
M3A-w4-1134,甘肃,30,core,103.069162,36.363463,3.34,0,0.0848,0.1565,0.1446,是,落叶灌丛,低,暗绿斑驳疑密灌
M3A-w4-1135,甘肃,30,core,103.520566,37.382422,7.19,0,0.0853,0.1138,0.1991,否,稀疏植被,中,黄土坡稀疏灌点
M3A-w4-1136,甘肃,30,core,103.296885,37.395897,5.62,0,0.0399,0.1598,0.1997,否,草本旱地,中,平整田面·梯田边界
M3A-w4-1138,甘肃,30,core,104.65918,37.025073,3.87,0,0.0595,0.1252,0.1847,否,裸地,中,沙纹明沙无植被
M3A-w4-1140,甘肃,30,core,102.616681,37.409372,4.2,0,0.2876,0.035,0.3226,否,草本旱地,低,村旁匀密绿被
M3A-w4-1144,甘肃,30,core,101.455698,37.953481,1.51,0,0.4992,0.2034,0.6797,否,草地,低,匀质绿坡微斑驳
M3A-w4-1146,甘肃,30,core,101.250074,38.514839,5.4,0,0.2006,0.0118,0.2124,是,落叶灌丛,低,沙丘间细碎灌点
M3A-w4-1148,甘肃,30,core,101.42255,38.195488,3.1,0,0.0146,0.143,0.1512,否,稀疏植被,低,灰绿沙地稀点
M3A-w4-1149,甘肃,30,core,101.202643,38.820446,5.85,0,0.0982,0.0557,0.154,否,稀疏植被,低,棕黄砾地暗点稀少
M3A-w4-1151,甘肃,30,core,106.615441,36.708147,3.83,0,0.0599,0.1649,0.2249,是,落叶灌丛,低,沟缘暗色灌丛斑块
M3A-w4-1153,甘肃,30,core,104.487243,36.598463,4.66,0,0.041,0.1467,0.1057,否,稀疏植被,低,淡黄沙坡稀少植被
M3A-w4-1155,甘肃,30,core,102.533946,37.486986,6.93,0,0.2211,0.1313,0.3524,否,草地,低,匀质干草缓坡
M3A-w4-1156,甘肃,30,core,103.102849,37.496958,5.49,0,0.1323,0.1127,0.245,否,草地,低,匀绿缓坡·沟蚀线
M3A-w4-1160,甘肃,30,core,104.972872,36.367236,3.0,0,0.0778,0.1567,0.134,否,稀疏植被,低,灰黄缓坡植被稀疏
M3A-w4-1161,甘肃,30,core,103.627016,37.39967,4.96,0,0.181,0.0912,0.2722,否,稀疏植被,低,灰绿斑驳灌点稀疏
M3A-w4-1162,甘肃,30,core,106.849093,36.929941,4.68,0,0.0648,0.1465,0.2113,是,落叶灌丛,低,沙丘间暗绿密灌斑
M3A-w4-1166,甘肃,30,core,103.537274,36.872539,3.31,0,0.0417,0.1291,0.1387,否,稀疏植被,低,灰黄沙地稀疏小点
M3A-w4-1169,甘肃,30,core,101.26274,38.347213,4.06,0,0.1081,0.1368,0.2449,否,湖河滩地,低,沙洲+窄绿水道
M3A-w4-1170,甘肃,30,core,101.499356,38.125149,5.99,0,0.3031,0.1548,0.4442,否,草地,中,浑圆草坡无树冠
M3A-w4-1171,甘肃,30,core,102.796164,36.458056,1.23,0,0.0371,0.1243,0.1421,否,稀疏植被,低,灰白坡面植被稀少
M3A-w4-1177,甘肃,30,core,103.247298,36.954465,5.15,0,0.0252,0.1467,0.1379,否,草本旱地,中,梯田田面+地埂线
M3A-w4-1178,甘肃,30,core,105.221077,36.087501,3.75,0,0.0486,0.1666,0.2002,否,草本旱地,中,梯田条带田面平整
M3A-w4-1180,甘肃,30,core,101.126645,38.131617,2.57,0,0.5701,0.2284,0.7557,是,落叶灌丛,低,深绿团簇成片密灌
M3A-w4-1183,甘肃,30,core,103.080481,36.932366,4.91,0,0.0839,0.176,0.2599,否,水体,中,蓝绿水面·浅色岸线
M3A-w4-1186,甘肃,30,core,103.202562,36.555344,4.57,0,0.0278,0.1574,0.1452,否,稀疏植被,低,土面散布深色小点
M3A-w4-1188,甘肃,30,core,104.128276,37.077085,2.01,0,0.0393,0.1136,0.079,否,稀疏植被,中,砾质面稀疏暗点
M3A-w4-1190,甘肃,30,core,103.542125,36.833731,4.45,0,0.0419,0.1116,0.1432,是,落叶灌丛,低,细密深色灌点
M3A-w4-1191,甘肃,30,core,106.684971,36.92509,2.5,0,0.0621,0.1547,0.2009,否,裸地,低,明黄裸沙几无植被
M3A-w4-1192,甘肃,30,core,101.798765,37.941893,4.57,0,0.0683,0.1463,0.189,否,草地,中,匀质草坡无树影
M3A-w4-1194,甘肃,40,core,103.515715,37.533339,2.33,0,0.7082,0.1019,0.7784,否,灌溉耕地,中,规则绿田块+田间路
M3A-w4-1195,甘肃,40,core,102.798859,37.657846,2.0,0,0.3454,0.1035,0.4489,否,草本旱地,低,小田块+细沟线
M3A-w4-1196,甘肃,40,core,103.01715,37.816848,1.87,0,0.694,0.12,0.7782,否,草本旱地,中,耕后田面+细犁纹
M3A-w4-1197,甘肃,40,core,102.521819,38.489237,1.65,0,0.2012,0.0826,0.2638,否,水体,中,浑黄水面细波纹
M3A-w4-1200,甘肃,40,core,102.335328,37.989594,2.71,0,0.4864,0.204,0.6726,是,落叶灌丛,低,暗绿丛团无树影
M3A-w4-1202,甘肃,40,core,104.401543,36.172122,5.89,0,0.2351,0.117,0.3145,否,草本旱地,低,大片裸田面（村旁）
M3A-w4-1205,甘肃,40,core,101.075441,38.327809,2.95,0,0.2044,0.0265,0.2309,否,草地,中,大片均一草甸无垄
M3A-w4-1210,甘肃,40,core,103.431093,36.761776,4.65,0,0.0736,0.1537,0.0801,否,草本旱地,中,等高垄沟条带
M3A-w4-1212,甘肃,40,core,104.196458,36.468297,6.21,0,0.7165,0.1117,0.8129,是,落叶灌丛,低,连续暗绿灌层无树影
M3A-w4-1214,甘肃,40,core,103.723495,37.551126,1.77,0,0.6843,0.1009,0.762,否,草本旱地,中,旱田细密垄纹
M3A-w4-1216,甘肃,40,core,101.469712,38.198452,2.74,0,0.3167,0.1125,0.4118,否,草地,低,沟滩均一草被
M3A-w4-1217,甘肃,40,core,101.120447,38.255854,1.72,0,0.6851,0.06,0.745,否,灌溉耕地,低,鲜绿田+细行纹
M3A-w4-1219,甘肃,40,core,103.567997,37.551934,2.02,0,0.3528,0.1028,0.4315,否,灌溉耕地,低,绿田夹灰渠线
M3A-w4-1220,甘肃,40,core,105.284408,36.055431,5.05,0,0.0474,0.1203,0.1677,否,草本旱地,低,梯田裸面+零星灌点
M3A-w4-1224,甘肃,40,core,102.819341,37.633861,2.26,0,0.6096,0.0749,0.6845,否,草本旱地,低,旱田细纹+边界
M3A-w4-1226,甘肃,40,core,105.25126,36.76501,3.42,0,0.272,0.0604,0.3262,否,裸地,中,大片浅色裸土
M3A-w4-1230,甘肃,40,core,103.511672,37.174642,5.77,0,0.38,0.1338,0.5103,否,灌溉耕地,中,河旁绿田+田间路
M3A-w4-1236,甘肃,40,core,103.873604,37.553012,2.0,0,0.6557,0.0898,0.7425,否,草本旱地,低,细密作物行
M3A-w4-1237,宁夏,40,core,106.541061,37.067114,2.51,0,0.0357,0.0929,0.1171,否,草本旱地,低,大片旱田细纹
M3A-w4-1238,宁夏,40,core,106.683893,38.765199,2.61,0,0.3501,0.1041,0.4542,否,草本旱地,低,渠边旱田细纹
M3A-w4-1240,宁夏,40,core,106.024979,38.096853,1.64,0,0.6773,0.0901,0.7618,否,灌溉耕地,低,大田块微条纹
M3A-w4-1241,甘肃,40,core,102.799129,37.244172,4.6,0,0.1828,0.1515,0.3343,否,草本旱地,低,大片旱田微行纹
M3A-w4-1243,宁夏,40,core,105.897777,37.067114,2.18,0,0.6328,0.0953,0.7183,否,草本旱地,低,耕后裸田细垄
M3A-w4-1244,甘肃,40,core,102.758435,37.638442,3.02,0,0.455,0.0821,0.5371,否,不透水面,低,黑膜棚行+覆膜床
M3A-w4-1245,宁夏,40,core,106.511686,37.035313,2.34,0,0.5542,0.0885,0.6427,否,草地,低,大片均一灰绿草被
M3A-w4-1246,宁夏,50,core,106.289084,38.493818,8.85,0,0.0277,0.021,0.0021,否,不透水面,中,连片温室大棚顶
M3A-w4-1247,宁夏,50,core,106.77606,38.158567,1.59,0,0.0677,0.078,0.1457,否,灌溉耕地,低,条带田绿带隔行播
M3A-w4-1248,宁夏,50,core,106.748033,39.216872,3.98,0,0.0967,0.1342,0.2309,否,落叶阔叶林,低,院旁树冠+阴影
M3A-w4-1249,宁夏,50,core,106.271836,38.465791,11.97,0,0.0131,0.0559,0.0428,否,不透水面,中,城市街区深色路面
M3A-w4-1250,宁夏,50,core,106.373166,39.008014,8.61,0,0.19,0.0701,0.2601,否,不透水面,中,城市道路+车辆
M3A-w4-1251,甘肃,50,core,102.156654,38.513222,4.73,0,0.0255,0.1191,0.1185,否,不透水面,中,厂房彩钢屋顶
M3A-w4-1252,甘肃,50,core,102.429652,38.521307,2.84,0,0.0343,0.0786,0.1019,否,不透水面,中,彩钢蓝屋顶
M3A-w4-1253,宁夏,50,core,106.379364,38.532356,4.28,0,0.0062,0.1035,0.0996,否,草地,低,围墙旁杂草地
M3A-w4-1255,宁夏,50,core,105.922571,36.981684,5.32,0,0.0163,0.0665,0.0714,否,落叶阔叶林,低,院内树丛细碎冠层
M3A-w4-1256,宁夏,50,core,106.540791,39.106918,2.53,0,0.0408,0.0262,0.0671,否,不透水面,低,拱棚群+行间绿带
M3A-w4-1260,宁夏,50,core,105.792944,37.616344,2.88,0,0.0231,0.0695,0.0916,否,灌溉耕地,低,条带田绿带隔行播
M3A-w4-1261,宁夏,50,core,106.505218,38.38602,3.05,0,0.0435,0.0806,0.0371,否,不透水面,低,棚架顶+场内路面
M3A-w4-1262,宁夏,50,core,106.11526,38.429139,2.08,0,0.0117,0.0611,0.0533,否,不透水面,低,河渠旁灰色路面
M3A-w4-1263,宁夏,50,core,106.301211,38.972171,4.14,0,0.0554,0.0354,0.0601,否,裸地,低,场地碎石裸土
M3A-w4-1264,宁夏,50,core,105.010332,37.55948,2.54,0,0.0203,0.0515,0.0667,否,灌溉耕地,低,条带田绿带隔行播
M3A-w4-1266,宁夏,50,core,106.178052,37.983665,4.25,0,0.0828,0.0536,0.1095,否,不透水面,中,公路路面+路侧车物
M3A-w4-1267,宁夏,50,core,106.618136,38.512144,3.09,0,0.1826,0.0664,0.249,否,乔灌园地,中,规整行栽网格·裸土带间隔
M3A-w4-1269,甘肃,50,core,102.89453,36.37586,3.38,0,0.0203,0.0999,0.0857,否,裸地,中,裸露黄褐土面·无植被
M3A-w4-1283,甘肃,60,core,104.019939,36.70626,4.0,0,0.0415,0.1218,0.0803,否,裸地,中,淡橄榄土面·隐见条纹
M3A-w4-1291,甘肃,60,core,103.647228,39.286941,2.46,0,0.0181,0.0789,0.0608,否,稀疏植被,低,浅沙土面+密布深色点
M3A-w4-1293,宁夏,60,core,105.844417,37.838677,2.33,0,0.0252,0.0928,0.073,是,落叶灌丛,低,灰绿细碎灌团满布·无树影
M3A-w4-1294,甘肃,60,core,103.161329,38.428331,2.22,0,0.019,0.0646,0.0456,否,裸地,中,均质灰橄榄裸面·无纹理
M3A-w4-1302,甘肃,60,core,102.983732,38.176892,2.25,0,0.0106,0.062,0.0533,否,裸地,中,均一浅褐裸土面·无斑纹
M3A-w4-1309,甘肃,60,core,102.879169,38.648238,1.41,0,0.0104,0.0617,0.0562,否,稀疏植被,低,浅土坡+零散灰绿斑
M3A-w4-1310,甘肃,60,core,103.378542,39.084011,1.74,0,0.0103,0.0915,0.0838,是,落叶灌丛,低,细碎灌团成带·无树冠影
M3A-w4-1332,甘肃,60,core,103.936396,39.370484,1.51,0,0.0124,0.0855,0.073,否,稀疏植被,低,浅土面+零散深色点
M3A-w4-1336,甘肃,60,core,104.8675,36.73294,1.55,0,0.0345,0.0913,0.0568,否,裸地,低,林间浅色土沟带
M3A-w4-1344,宁夏,60,core,106.700332,37.36787,2.35,0,0.0273,-0.0093,-0.0118,否,裸地,中,极亮均质裸碱面
M3A-w4-1346,甘肃,60,core,104.962631,36.750727,3.48,0,0.0333,0.0998,0.0665,否,稀疏植被,低,浅褐土面+零散暗簇
M3A-w4-1353,宁夏,60,core,105.525605,37.341459,2.57,0,0.022,0.0628,0.0848,否,稀疏植被,低,浅土面+稀疏深色点
M3A-w4-1364,甘肃,60,core,103.143543,38.887819,0.85,0,0.0098,0.0723,0.0692,否,稀疏植被,低,浅土面+灰绿暗斑低矮
M3A-w4-1370,宁夏,60,core,105.089294,37.574842,2.32,0,0.0319,0.0957,0.1174,否,稀疏植被,低,土黄坡面·覆盖稀薄
M3A-w4-1371,甘肃,60,core,102.213786,38.902911,1.71,0,0.0246,0.0726,0.0513,否,稀疏植被,低,浅土+零散深色灌点
M3A-w4-1377,甘肃,60,core,104.493172,36.807051,3.38,0,0.0227,0.1057,0.083,否,裸地,低,浅色沙质平滩·旁绿带
M3A-w4-1396,宁夏,80,core,106.444582,38.681925,2.31,0,0.3662,0.0051,0.3713,否,水体,低,亮绿藻水面·下缘暗绿
M3A-w4-1397,宁夏,80,core,106.767167,37.752977,2.07,0,0.3602,-0.1372,-0.3043,否,水体,中,极均质暗色水面
M3A-w4-1398,宁夏,80,core,106.270488,38.83958,2.21,0,0.2753,-0.2506,-0.0069,否,水体,中,均质绿藻水面·无纹理
M3A-w4-1399,宁夏,80,core,106.759082,37.725759,1.62,0,0.059,-0.1488,-0.1792,否,水体,中,均质暗橄榄水面
M3A-w4-1401,甘肃,80,core,101.841614,37.918986,4.03,0,0.3993,-0.0347,0.0064,否,水体,中,均质青绿水面·有反光
M3A-w4-1402,甘肃,80,core,102.86758,38.381439,1.74,0,0.6465,-0.1728,0.2439,否,水体,中,暗水面+多边形冰裂纹
M3A-w4-1403,宁夏,80,core,105.90182,37.653264,2.59,0,0.1309,-0.0594,0.0715,否,水体,中,浑黄河水面·均质泥色
M3A-w4-1404,宁夏,80,core,106.578521,38.204381,2.56,0,0.2462,-0.1783,0.0679,否,水体,低,圆形库塘浅色水面
M3A-w4-1405,宁夏,80,core,106.160535,38.069903,2.42,0,0.5972,-0.1785,0.4187,否,水体,低,鱼塘深色水面·近池埂
M3A-w4-1407,甘肃,90,core,101.177041,38.337781,4.06,0,0.5776,-0.0132,0.5644,否,草本沼泽,中,深绿沼泽面·隐见水道
M3A-w4-1408,甘肃,100,core,102.154498,37.5328,5.73,0,0.2028,-0.0034,0.1787,否,地衣苔藓,低,白斑地衣+暗色地被
M3A-w4-1417,甘肃,100,core,102.060714,37.648144,5.6,0,0.234,0.0457,0.2244,否,地衣苔藓,低,灰白斑与绿灰地被混杂
M3A-w4-1421,甘肃,100,core,102.260948,37.573225,5.79,0,0.3926,-0.0051,0.3519,否,地衣苔藓,低,暗褐坡+白斑雪/地衣
M3A-w4-1423,甘肃,100,core,102.411056,37.418804,5.06,0,0.3207,0.0748,0.2867,否,地衣苔藓,低,暗坡阴影+白斑间布
M3A-w4-1428,甘肃,10,edge,102.85707,36.766088,3.76,30,0.1276,0.6928,0.6809,否,常绿针叶林,中,常绿密冠+树影·旁草甸
M3A-w4-1432,甘肃,10,edge,102.155845,37.78882,7.47,0,0.1549,0.3371,0.4555,否,草地,低,均质橄榄草甸面·旁林
M3A-w4-1439,宁夏,10,edge,106.342713,38.975405,5.34,0,0.6747,0.2104,0.8851,否,稀疏植被,低,灰砾坡·零星深绿栽点
M3A-w4-1440,宁夏,10,edge,106.208774,38.17285,2.15,0,0.3086,0.0831,0.3917,否,灌溉耕地,低,连片匀质深绿田面
M3A-w4-1442,宁夏,10,edge,106.528395,38.913691,5.61,0,0.3975,0.3047,0.7023,否,落叶阔叶林,低,城区密冠绿地·旁路面
M3A-w4-1446,甘肃,20,edge,103.487418,38.177162,2.11,0,0.1356,0.1448,0.2329,是,落叶灌丛,中,沙面满布深绿灌团·无树影
M3A-w4-1448,甘肃,20,edge,102.756549,38.217586,2.65,0,0.3383,0.156,0.4943,是,落叶灌丛,低,河岸暗绿密灌带·无树冠
M3A-w4-1449,甘肃,20,edge,102.341796,38.536398,1.24,0,0.0832,0.1293,0.1962,否,乔灌园地,中,果园行栽夹田道
M3A-w4-1450,甘肃,20,edge,104.002691,37.036661,2.28,0,0.0984,0.1294,0.1774,是,落叶灌丛,低,裸面散布低灌团约四成
M3A-w4-1451,甘肃,20,edge,101.994957,38.607275,2.8,0,0.0196,0.1124,0.0977,否,草地,低,均质暗绿草被无灌团
M3A-w4-1454,甘肃,20,edge,103.753948,37.199166,1.96,0,0.0458,0.132,0.1204,否,裸地,中,库岸浅褐裸面无绿被
M3A-w4-1462,甘肃,20,edge,102.758165,38.173389,2.54,0,0.4456,0.1367,0.5615,否,草本旱地,中,平缓旱地微见犁纹
M3A-w4-1463,甘肃,20,edge,102.870275,37.846492,2.17,0,0.0586,0.1912,0.1883,是,落叶灌丛,低,深绿灌团密布无树影
M3A-w4-1464,甘肃,20,edge,101.1827,38.784603,1.95,0,0.0476,0.0638,0.1064,否,草地,低,细斑点草被无灌团
M3A-w4-1470,甘肃,20,edge,103.472865,38.995347,2.38,0,0.0487,0.1419,0.1652,否,不透水面,中,厂房硬化边夹绿冠
M3A-w4-1472,甘肃,20,edge,102.841978,38.276875,2.05,0,0.0871,0.1061,0.1691,否,不透水面,中,大棚间裸道邻棚体
M3A-w4-1477,甘肃,20,edge,101.0493,38.911804,4.91,0,0.0567,0.0815,0.1382,是,落叶灌丛,低,细碎深绿灌团无树影
M3A-w4-1478,宁夏,20,edge,104.453556,37.495071,1.69,0,0.0315,0.1347,0.1082,是,落叶灌丛,低,砂壤面散布灌团约三成
M3A-w4-1480,甘肃,20,edge,103.368571,38.64716,2.53,0,0.0338,0.1627,0.1836,否,裸地,低,土路交汇裸面夹草点
M3A-w4-1481,甘肃,20,edge,102.292479,38.146979,1.99,0,0.0973,0.1602,0.2565,否,不透水面,低,设施硬面边夹绿带
M3A-w4-1482,甘肃,20,edge,103.912411,37.122091,2.38,0,0.0309,0.0786,0.0538,否,草本旱地,中,大片平坦裸耕面犁纹
M3A-w4-1483,甘肃,20,edge,104.450052,37.39967,9.2,0,0.0401,0.1531,0.113,否,盐渍湿地,中,白色盐霜壳稀疏绿点
M3A-w4-1484,甘肃,20,edge,103.138153,37.633322,2.48,0,0.0778,0.1517,0.1951,否,草地,低,斑块绿被夹裸面无灌团
M3A-w4-1490,甘肃,30,edge,104.288625,36.068367,5.9,0,0.0553,0.1175,0.155,否,草本旱地,低,黄土裸耕面微等高纹
M3A-w4-1491,甘肃,30,edge,103.207143,36.320075,5.29,0,0.041,0.1705,0.1431,否,草地,低,大面积均质绿被无纹理
M3A-w4-1492,甘肃,30,edge,106.569897,36.459134,3.48,0,0.1063,0.1808,0.2871,否,草本旱地,低,黄土坎间裸台面
M3A-w4-1493,宁夏,30,edge,106.211469,37.171947,4.29,0,0.0265,0.0993,0.1258,否,稀疏植被,低,暗色带夹沙纹难辨
M3A-w4-1494,甘肃,30,edge,103.549671,36.307947,3.87,0,0.0396,0.1304,0.0908,否,裸地,中,亮褐裸坡面细斑无绿
M3A-w4-1495,甘肃,30,edge,105.393014,36.188561,4.51,0,0.0471,0.1334,0.1736,否,草本旱地,中,等高梯田裸面邻条播
M3A-w4-1496,甘肃,30,edge,101.436025,37.904164,6.18,0,0.2564,0.0741,0.2464,无法判读,裸地,低,云影近全黑不可辨
M3A-w4-1497,宁夏,30,edge,106.739948,39.214716,3.28,0,0.0333,0.111,0.0777,否,裸地,低,村边斑驳裸面夹绿点
M3A-w4-1501,甘肃,30,edge,103.216306,37.50639,5.61,0,0.0589,0.1355,0.1944,否,草地,低,田边绿被过渡无灌团
M3A-w4-1502,宁夏,30,edge,106.131699,36.87173,2.61,0,0.03,0.114,0.1277,否,草本旱地,中,等高犁耕裸面细线纹
M3A-w4-1503,甘肃,30,edge,104.390764,36.352145,6.85,0,0.0462,0.1533,0.1372,否,草地,低,均质暗绿被无灌团
M3A-w4-1504,甘肃,30,edge,104.213436,36.785222,3.87,0,0.036,0.1129,0.0769,否,草地,低,干黄绿均质面无灌团
M3A-w4-1506,宁夏,30,edge,106.427065,37.732496,3.18,0,0.0285,0.1111,0.1246,否,稀疏植被,低,暗灰结皮坡面无绿被
M3A-w4-1508,甘肃,30,edge,102.102755,38.196027,1.79,0,0.0147,0.107,0.0923,否,裸地,中,平整裸面夹车辙痕
M3A-w4-1509,宁夏,30,edge,105.830404,38.076371,2.03,0,0.2165,0.087,0.2368,否,草本旱地,中,机耕裸地细犁纹
M3A-w4-1510,宁夏,30,edge,106.531898,38.831495,2.73,0,0.2584,0.098,0.3563,否,落叶阔叶林,低,密林带冠层起伏
M3A-w4-1513,宁夏,30,edge,106.668262,38.719924,2.39,0,0.1195,0.1342,0.2335,否,裸地,中,沙质通道缘邻灌斑
M3A-w4-1514,宁夏,30,edge,105.85897,37.91171,2.25,0,0.0208,0.0946,0.0737,否,稀疏植被,低,均质细斑点面无灌团
M3A-w4-1516,宁夏,30,edge,106.123883,37.134757,2.88,0,0.0212,0.0973,0.105,否,稀疏植被,低,沙纹面少量绿灌点
M3A-w4-1517,甘肃,40,edge,106.699793,36.97333,5.41,0,0.1113,0.11,0.1272,否,草本旱地,低,大田犁沟纹邻绿斑
M3A-w4-1518,甘肃,40,edge,103.828867,36.958507,4.15,0,0.0293,0.094,0.0997,否,草本旱地,低,黄土梯田面微见坎线
M3A-w4-1519,甘肃,40,edge,104.056051,37.45842,2.27,0,0.0633,0.1041,0.1531,否,稀疏植被,低,砂面稀疏绿点不足两成
M3A-w4-1520,宁夏,40,edge,105.860048,36.961202,3.4,0,0.0628,0.108,0.1563,否,稀疏植被,低,侵蚀裸面夹绿带
M3A-w4-1521,甘肃,40,edge,102.967024,36.884396,5.45,0,0.3989,0.2448,0.62,是,落叶灌丛,低,坡面细碎灌团无树影
M3A-w4-1522,甘肃,40,edge,102.173901,38.214352,2.33,0,0.2718,0.1077,0.368,否,灌溉耕地,低,暗绿田块夹渠埂
M3A-w4-1523,宁夏,40,edge,106.335167,36.158647,4.18,0,0.204,0.1708,0.2938,否,草本旱地,中,等高条带田 犁纹清晰
M3A-w4-1524,宁夏,40,edge,106.082381,36.17886,4.55,0,0.1395,0.1313,0.2709,否,草本旱地,低,浅黄褐田面 邻白沟
M3A-w4-1525,甘肃,40,edge,102.91582,37.750552,1.81,0,0.3815,0.1029,0.4617,否,灌溉耕地,低,均质暗绿田块 无灌团
M3A-w4-1526,甘肃,40,edge,105.258267,36.061899,4.93,0,0.0462,0.1711,0.1734,否,草本旱地,低,缓坡淡绿耕面 无树影
M3A-w4-1528,甘肃,40,edge,103.620548,37.50612,1.91,0,0.203,0.1027,0.289,否,草本旱地,低,干田犁纹 邻白碱斑
M3A-w4-1530,甘肃,40,edge,106.696829,36.513302,3.96,0,0.1278,0.1273,0.2257,否,草本旱地,中,等高条带田 犁纹清晰
M3A-w4-1531,甘肃,40,edge,103.514637,36.942877,2.61,0,0.057,0.1416,0.14,否,灌溉耕地,低,沟底均质暗绿密植 无灌团
M3A-w4-1532,宁夏,40,edge,106.112565,38.190906,3.29,0,0.5824,0.3236,0.9059,否,灌溉耕地,中,墨绿密植田 无树冠
M3A-w4-1533,甘肃,40,edge,102.55335,36.964167,4.36,0,0.5832,0.2188,0.802,否,灌溉耕地,中,墨绿均质田 田界直
M3A-w4-1534,宁夏,40,edge,106.309565,36.870383,3.52,0,0.0375,0.1133,0.0758,否,草本旱地,中,大片平整田面 收后近裸
M3A-w4-1535,甘肃,40,edge,102.80398,38.026784,2.09,0,0.0441,0.1321,0.1023,否,草本旱地,低,留茬田面 暗点不足三成
M3A-w4-1536,宁夏,40,edge,106.069176,37.525524,2.67,0,0.0997,0.1239,0.2098,否,草地,低,坡面均质干绿被 无灌团
M3A-w4-1537,宁夏,50,edge,106.340018,39.22873,4.1,0,0.0692,0.1011,0.1704,否,不透水面,中,村道土场院 夹暗绿缘
M3A-w4-1542,甘肃,50,edge,102.143179,38.163148,2.06,0,0.0751,0.0985,0.1604,否,不透水面,中,公路路面 夹玉米行栽
M3A-w4-1543,宁夏,50,edge,106.237071,38.484116,8.39,0,0.1376,0.1443,0.2819,否,不透水面,高,厂房屋面 无绿被
M3A-w4-1545,甘肃,50,edge,102.067181,38.212735,1.57,0,0.0399,0.1197,0.1391,否,不透水面,低,公路边土场院 无绿
M3A-w4-1547,宁夏,50,edge,106.095047,36.358612,1.7,0,0.0765,0.0974,0.1739,否,不透水面,中,村舍彩钢屋顶 无植被
M3A-w4-1548,宁夏,50,edge,106.602775,38.173389,4.88,0,0.2708,0.1801,0.4509,否,水体,低,近黑均质水面 弧形岸线
M3A-w4-1549,宁夏,50,edge,106.303367,38.960852,4.2,0,0.0266,0.1001,0.1097,否,不透水面,中,厂区碎石场地 无绿被
M3A-w4-1551,宁夏,50,edge,106.15245,36.281807,2.7,0,0.1144,0.1578,0.2721,否,不透水面,低,村内墙顶场院 近裸
M3A-w4-1553,甘肃,50,edge,104.223408,36.538096,2.77,0,0.0266,0.095,0.1216,否,不透水面,中,公路沥青面 无植被
M3A-w4-1554,宁夏,50,edge,106.066212,38.727739,2.55,0,0.026,0.0938,0.1152,否,稀疏植被,低,洪积砾滩 稀疏草点
M3A-w4-1555,宁夏,50,edge,105.986172,38.226479,3.0,0,0.0124,0.0755,0.0804,否,不透水面,低,村内土平顶 邻蓝铁皮
M3A-w4-1556,甘肃,50,edge,103.861207,37.246328,2.8,0,0.0245,0.0732,0.0694,否,不透水面,低,高速路肩护坡 无植被
M3A-w4-1557,宁夏,50,edge,106.725934,39.164321,3.09,0,0.058,0.1439,0.2019,否,不透水面,高,公路沥青面 车道线
M3A-w4-1558,甘肃,50,edge,106.969827,37.027768,4.74,0,0.0963,0.1457,0.2175,否,裸地,中,浅黄褐裸土面 无绿被
M3A-w4-1559,宁夏,50,edge,105.822319,37.138799,2.69,0,0.2127,0.081,0.2937,否,不透水面,高,红瓦屋面 无植被
M3A-w4-1561,甘肃,50,edge,103.149202,37.644102,2.51,0,0.0233,0.1099,0.1333,否,不透水面,中,路面灰带 无植被
M3A-w4-1562,宁夏,50,edge,106.119571,38.739867,3.83,0,0.0837,0.1163,0.1365,否,稀疏植被,低,斑驳干地面 稀绿点
M3A-w4-1567,甘肃,50,edge,104.681009,36.740756,2.67,0,0.023,0.0828,0.0876,否,不透水面,中,土平顶墙面 均质高亮
M3A-w4-1568,宁夏,50,edge,106.202845,38.500555,4.33,0,0.1244,0.0546,0.176,否,不透水面,低,厂区灰面 无绿被
M3A-w4-1569,宁夏,50,edge,105.142654,37.047171,1.13,0,0.1988,0.0876,0.2718,否,草本旱地,低,平整田块 邻公路
M3A-w4-1570,宁夏,50,edge,106.182633,37.99175,4.56,0,0.2855,0.2552,0.5407,否,乔灌园地,中,整齐行栽 间裸土带
M3A-w4-1571,甘肃,50,edge,103.698432,36.612746,3.43,0,0.0429,0.0873,0.1072,否,不透水面,低,村内土院面 深色斑影
M3A-w4-1572,宁夏,50,edge,106.003958,38.285499,2.17,0,0.062,0.0915,0.1536,否,水体,低,渠河水宽面 青灰均质
M3A-w4-1573,甘肃,50,edge,102.990739,38.685698,2.53,0,0.008,0.095,0.0876,是,落叶灌丛,低,院内密暗绿冠丛 无树影
M3A-w4-1575,宁夏,60,edge,106.651823,38.210579,2.64,0,0.0155,0.0863,0.0764,否,稀疏植被,低,冲沟坡面 暗丛不足三成
M3A-w4-1576,甘肃,60,edge,104.478349,37.406407,5.13,0,0.0314,0.1289,0.0975,否,裸地,低,白霜网纹劣地 暗斑非绿
M3A-w4-1587,甘肃,80,edge,103.764458,36.529742,4.61,0,0.1601,-0.0298,0.0389,否,湖河滩地,低,平坦砂泥滩 疑河床
M3A-w4-1588,宁夏,80,edge,106.202576,38.341823,2.56,0,0.6058,-0.069,0.5368,否,草本沼泽,低,暗绿湿生带夹盐滩
M3A-w4-1589,宁夏,80,edge,106.604123,38.520498,3.42,0,0.1291,-0.0365,-0.0498,否,湖河滩地,低,渠边浅色滩地无植被
M3A-w4-1592,宁夏,80,edge,106.240305,38.425636,6.97,6,0.5918,0.1685,0.7602,否,草本沼泽,低,湖滨褐绿草团夹水缘
M3A-w4-1593,宁夏,80,edge,106.646164,38.832842,2.23,0,0.2954,0.115,0.4104,否,水体,中,深绿静水塘邻灰堤
M3A-w4-1597,宁夏,80,edge,106.345677,38.347752,4.41,0,0.1711,0.0065,-0.1048,否,稀疏植被,低,灰白碱质面 零星深点
M3A-w4-1598,宁夏,80,edge,106.365081,36.915658,1.97,0,0.2479,-0.1302,0.0904,否,水体,中,浅绿浊水面 岸带暗绿
M3A-w4-1615,甘肃,90,edge,102.816107,38.35422,1.96,0,0.3279,0.1343,0.4523,是,落叶灌丛,中,绿灌团点布沙质地面
M3A-w4-1628,甘肃,100,edge,102.609404,37.289716,5.9,0,0.5563,0.0409,0.5328,否,落叶阔叶林,低,均一褐冠层夹雪斑
M3A-w4-1631,甘肃,100,edge,102.567094,37.311545,7.47,0,0.2616,0.088,0.2626,否,常绿针叶林,低,近黑密冠 无声隙
M3A-w4-1638,甘肃,100,edge,102.653871,37.062802,6.85,0,0.2177,0.0855,0.2658,否,常绿针叶林,低,暗绿密冠贴雪面
M3A-w4-1639,甘肃,100,edge,102.566016,37.18623,4.45,0,0.1572,-0.0155,0.1306,否,稀疏植被,低,浅褐平地 植被稀疏
M3A-w4-1644,甘肃,100,edge,102.266607,37.437669,4.55,0,0.1162,0.0141,0.088,是,落叶灌丛,低,暗绿灌团密集覆坡
M3A-w4-1646,甘肃,100,edge,102.226453,37.619847,8.53,0,0.4081,0.1635,0.4729,否,落叶阔叶林,低,褐冠层细纹夹雪斑
M3A-w4-1648,甘肃,100,edge,102.1801,37.654342,7.57,0,0.3373,0.1324,0.3476,否,常绿针叶林,低,暗冠层夹雪斑
M3A-w4-1654,甘肃,100,edge,101.258159,37.909554,6.66,0,0.5456,0.2266,0.6898,否,常绿针叶林,中,近黑密冠 无地基
M3A-w4-1658,甘肃,100,edge,101.391828,37.828705,5.72,0,0.1492,0.0012,0.1119,否,水体,低,青灰水面夹白沫纹
M3A-w4-1661,甘肃,100,edge,102.085238,37.6185,6.05,0,0.4641,-0.0255,0.4345,是,落叶灌丛,低,暗绿灌丛夹雪斑
M3A-w4-1665,甘肃,100,edge,102.208397,37.424464,4.4,0,0.2125,-0.0257,0.1662,是,落叶灌丛,低,雪间暗绿灌丛块
M3A-w4-1666,甘肃,100,edge,101.182161,37.863201,3.39,0,0.4856,-0.0083,0.4644,否,草地,中,均一浅绿草甸无垄
M3A-w4-1676,甘肃,100,edge,102.619915,37.290525,6.0,0,0.5675,0.0048,0.5377,否,落叶阔叶林,低,褐密冠层无裸面
M3A-w4-1678,甘肃,100,edge,102.160427,37.523638,4.42,0,0.2423,-0.0146,0.2067,否,稀疏植被,低,浅色地面 零星深点
M3A-w4-1683,甘肃,100,edge,101.438451,37.909015,5.3,0,0.4355,0.0875,0.4067,是,落叶灌丛,低,暗绿灌丛缘雪带
M3A-w4-1689,甘肃,100,edge,102.50511,37.320708,5.36,0,0.2116,-0.0027,0.1792,否,稀疏植被,低,褐地面夹雪斑 稀疏
M3A-w4-1690,甘肃,100,edge,102.586497,37.178146,4.59,0,0.3554,0.0287,0.346,否,草地,低,均一橄榄绿草被
