point_id,s1_vv_w,s1_vh_w,s1_vv_s,s1_vh_s
M3A-w2-0370,-11.871806554389643,-16.692616966438756,-11.555723671944353,-16.923601511545748
M3A-w2-0387,-8.35269138041977,-14.284835234883683,-7.604988395929878,-11.335439867542341
M3A-w2-0395,-15.085864400451538,-20.43317433705292,-13.126419525988771,-18.89953417096069
M3A-w2-0402,-4.2153505080548515,-8.906350999139306,-1.2234629582972527,-8.090204636690569
M3A-w2-0425,-11.156660439148894,-20.890706422075457,-6.416801277981316,-16.975744971245202
M3A-w2-0426,-13.844030148779328,-25.086802643561523,-12.71811282538702,-21.174392004927235
M3A-w2-0429,-10.847765473416857,-18.761366288758026,-7.615520186400797,-18.246527453179677
M3A-w2-0431,-11.884526997861474,-20.027830852153215,-11.367831426414796,-18.53979119328602
M3A-w2-0432,-10.900416142613084,-24.738966632772122,-12.737463601651466,-20.34266765076976
M3A-w2-0434,-9.08199511019443,-13.900738505213901,-5.709482995835427,-13.330476349252672
M3A-w2-0435,-13.366657454166996,-22.172662482482135,-12.417367605856388,-16.32810941147244
M3A-w2-0436,-13.580133506531354,-22.08759863089849,-11.216490665266043,-17.264172267304353
M3A-w2-0437,-14.3220381501811,-23.16107788177839,-10.553336301614564,-17.061254380869315
M3A-w2-0443,-16.65847905474094,-26.65382685029182,-13.730954917734122,-20.47922632391929
M3A-w2-0444,-16.98271882208961,-23.46003316745382,-14.191742703607439,-18.525289943726452
M3A-w2-0447,-13.823674779828488,-23.059639581781365,-10.654622015649252,-19.05940324435347
M3A-w2-0452,-12.478388317527205,-19.493726644555792,-8.400627000950802,-17.48850638521921
M3A-w2-0467,-12.709046146459217,-23.47103616783933,-12.295320274848756,-21.42957458593618
M3A-w2-0469,-12.450851050139539,-19.707303799695893,-8.425634233320913,-16.49292596775385
M3A-w2-0470,-12.31655149010103,-21.63934278026894,-9.456635943843597,-16.878921149323418
M3A-w2-0477,-19.00437337245748,-22.374420001304994,-10.844754213795902,-17.182016301377413
M3A-w2-0482,-6.754628529631947,-14.618496614241652,-6.770793750520843,-13.762110664886167
M3A-w2-0490,-11.9850329111578,-21.611894074362162,-6.358878968618806,-14.204531422860496
M3A-w2-0542,-9.364447754847216,-16.500116240320985,-8.64700493747357,-16.724681924153163
M3A-w2-0543,-8.800053271859262,-13.73992747336038,-8.969717476896639,-11.67943229453621
M3A-w2-0555,-10.726090893244653,-23.13630091902244,-9.766190896342001,-14.246929886382595
M3A-w2-0558,-15.023301644226137,-25.194002212424365,-19.37234697736876,-20.104376723910065
M3A-w2-0560,-8.395376196574263,-16.327316808744968,-9.379229820346886,-15.306612991269198
M3A-w2-0565,-15.264463417899767,-23.626780932731265,-12.801350084919005,-18.489336378862124
M3A-w2-0571,-8.466220119182898,-16.684127105029855,-6.160810707447161,-15.192419566839117
M3A-w2-0573,-15.291010032977677,-18.355383030113437,-10.888261069091083,-16.64474745896292
M3A-w2-0575,-13.888351728286947,-18.956949849042076,-11.50641981368164,-17.205201698104197
M3A-w2-0583,-14.244487424104857,-21.453857413548377,-14.288622887649272,-19.18202054559838
M3A-w2-0586,-15.813776945404884,-19.356850284841254,-12.070961453908977,-17.682009945193194
M3A-w2-0587,-14.17278646321535,-19.042382785384845,-10.596226477736021,-16.602702562590977
M3A-w2-0589,-13.253776261369541,-20.23757590722593,-11.005964370408243,-20.43347527067915
M3A-w2-0601,-8.561156771551277,-16.956549993733137,-8.272759175777978,-17.691047039558093
M3A-w2-0608,-15.276966477325328,-24.21503815519889,-8.811357315704551,-17.404836256406305
M3A-w2-0652,-9.102042531168621,-20.216852245455442,-10.661126920617559,-18.23372083342094
M3A-w2-0662,-13.677384175073868,-25.13957561504435,-13.092928147960897,-18.855509331842
M3A-w2-0668,-2.607246255956787,-11.0851844383564,-6.028555411127254,-13.122227727328886
M3A-w2-0678,-7.235797292935191,-15.365743963604203,-9.242670266403177,-15.73282231722439
M3A-w2-0688,-17.633137164086463,-24.65004810619585,-17.33802705750329,-22.973004866346916
M3A-w2-0689,-13.296778220324953,-22.563001824316295,-8.725719232464677,-16.770262155352114
M3A-w2-0701,-12.05392838723941,-21.517834027539543,-12.554379547958876,-20.91428106229047
M3A-w4-1074,-13.536418067188073,-18.768512809012154,-2.6658760717265824,-9.2202107694376
M3A-w4-1078,-6.995111574699358,-14.909398652584532,-4.691485957504856,-9.624934668370056
M3A-w4-1080,-3.310676364818057,-13.310612771978022,0.020697688246927547,-5.53714562696147
M3A-w4-1082,-13.619532289408271,-18.18080466229037,-6.082897306400569,-12.575564557318692
M3A-w4-1085,-10.376359936670658,-19.020898357802572,-11.098138534855293,-19.329256464128324
M3A-w4-1088,-2.411908962591861,-9.391592115951772,-14.343877943849371,-19.039262547808136
M3A-w4-1089,-9.910021800721164,-20.39222088569223,-3.0537926557971673,-8.364890384352794
M3A-w4-1092,-13.07580599263126,-19.1112327155152,-11.058947195227677,-17.966338716209776
M3A-w4-1093,-13.912079959803227,-21.43215489768368,-9.59355831024267,-16.13846696069469
M3A-w4-1095,-11.278530973783962,-18.88065479941193,-9.790286738395022,-16.19577323787528
M3A-w4-1098,-6.1618640132882,-13.886089438745868,-19.30984503956334,-26.21105802227072
M3A-w4-1102,-9.699689633872495,-19.57942002227824,-3.1991087653110757,-11.654229769201198
M3A-w4-1106,-16.41042407564594,-22.361421634163925,-12.096334330851594,-18.46860483719096
M3A-w4-1111,-13.48510465549531,-20.739361696576935,-10.69070000006362,-18.30329741550033
M3A-w4-1113,-15.16530652967986,-25.902076351787017,-13.519907303731532,-22.95318252325574
M3A-w4-1127,-16.933337553809828,-26.11062040957912,-14.852267855119099,-20.364859180175586
M3A-w4-1128,-15.25229863990268,-21.52321464720069,-1.4711741974363164,-20.906564078089325
M3A-w4-1129,-21.57757819020471,-26.109510982696953,-15.59310344015081,-24.94235309856094
M3A-w4-1130,-17.24157505154209,-27.385901521053118,-15.928533301518526,-24.533644849543645
M3A-w4-1134,-14.009946424505799,-18.791102105321585,0.5152539639245461,-14.352771699776659
M3A-w4-1135,-15.106288331779382,-23.648851762479165,-7.060596779758496,-19.550968384471645
M3A-w4-1136,-19.722182791482915,-27.229447227728038,-19.258026826224825,-26.419371982226846
M3A-w4-1138,-10.270253010216937,-28.066749626999417,-6.679368612542661,-26.20100747442346
M3A-w4-1140,-13.219915757210945,-24.78673837340981,-11.668230238588055,-18.987469047415306
M3A-w4-1144,-23.876598030043425,-27.561847546179557,-14.724186440255659,-23.685038984409232
M3A-w4-1146,-17.91803943625095,-28.042221659558024,-17.86376772783263,-26.193688055159143
M3A-w4-1148,-24.094178195041852,-28.25212540777779,-21.53201202586775,-27.961235638741233
M3A-w4-1149,-13.473243232724988,-22.1831158740125,-16.306324381676056,-22.653735705879225
M3A-w4-1153,-10.90843063924233,-23.357258108607756,-11.21204113384631,-26.043731366307178
M3A-w4-1155,-18.52291456841465,-27.33869483704087,-14.563856574014231,-20.069675206165975
M3A-w4-1156,-12.416266850616749,-27.88713780456274,-15.160355690923534,-25.052382335671872
M3A-w4-1160,-18.954066904470196,-29.0812713737142,-15.770592532078958,-25.396739493556602
M3A-w4-1161,-14.766905414207114,-26.17960896145346,-16.643321535727637,-26.8638482905318
M3A-w4-1162,-9.705751855060011,-24.28486996820769,-14.267886067445827,-26.623758617384716
M3A-w4-1166,-11.451336782005752,-24.32545407983159,-17.906128104713545,-24.73998360979956
M3A-w4-1169,-14.250600334124893,-20.052375378585133,-13.358542977626875,-21.86248099800176
M3A-w4-1170,-18.699143649747235,-27.928572185668585,-14.624827488415317,-22.777277995067905
M3A-w4-1171,-18.997577474827366,-25.82408161506873,-4.298072430150213,-20.669014608121078
M3A-w4-1177,-22.275277094879016,-27.380855019758904,-17.162444250796508,-25.73170192079772
M3A-w4-1178,-20.080772224098244,-29.348595121631014,-17.15117270804824,-25.296954830796174
M3A-w4-1180,-14.779310348725494,-23.96942332602623,-12.7262912321913,-15.70308231611698
M3A-w4-1183,-19.9799194428266,-25.49297993474463,-15.630687111588289,-21.693059343294905
M3A-w4-1186,-18.337031456132763,-28.18521537556318,-15.681458066949528,-27.02613711014773
M3A-w4-1188,-13.25259688729197,-26.844784310148775,-14.175308841041941,-24.17493837714708
M3A-w4-1190,-7.654612231574943,-18.3808788119904,-13.982545796232477,-23.848226495796155
M3A-w4-1192,-18.43831614979941,-26.36874856529937,-15.172573560148779,-25.952225917376538
M3A-w4-1194,-14.527241699347883,-25.678732366779165,-11.135911398420598,-18.589653281890428
M3A-w4-1195,-14.914306740926166,-26.880672211329962,-14.902806920625192,-20.09266464054398
M3A-w4-1196,-18.023510243178393,-28.18573872854273,-12.70431267204061,-19.199338889458538
M3A-w4-1197,-17.284279790731098,-27.64556806024047,-11.9080462769242,-19.17144090070075
M3A-w4-1200,-15.6537946409423,-22.896130775599396,-10.322083903837505,-17.844715643952785
M3A-w4-1202,-12.497424132713718,-27.050029729151593,-6.605536762078643,-19.38687450584165
M3A-w4-1205,-14.081043548409973,-25.056606969712544,-16.745360723439397,-24.016130317086883
M3A-w4-1210,-18.599155090485546,-26.308469984214213,-14.996034971049676,-23.991912924625925
M3A-w4-1212,-13.36768494598637,-25.41693483232368,-10.566799294623673,-15.910799026673807
M3A-w4-1214,-11.615928946491172,-24.64055115660809,-10.118092899837922,-18.974213972795578
M3A-w4-1216,-13.506312375646264,-20.88625117907402,-11.792404685046046,-19.945225429535057
M3A-w4-1217,-14.523360396055235,-26.249163252977418,-14.374621864351548,-22.613856119777502
M3A-w4-1219,-17.325085258652855,-24.46746103539294,-12.06902951440253,-17.223988167036964
M3A-w4-1220,-17.225926746030936,-28.104426546046405,-15.409332284935996,-24.31855935428815
M3A-w4-1224,-15.909165378371588,-27.11654301596822,-12.925422733589702,-18.071717356024195
M3A-w4-1226,-11.983400710998835,-20.00194804855824,-9.31859750176408,-15.506362226365095
M3A-w4-1230,-15.255914573030449,-24.086096707120312,-12.245857267591191,-18.17230924372057
M3A-w4-1236,-20.33574832858082,-28.612657304435594,-13.281292323015371,-19.710574767624813
M3A-w4-1238,-15.59285990797824,-26.222757832896733,-11.170489875654443,-22.10624698322242
M3A-w4-1241,-19.34133267253007,-29.187769312694467,-13.154968352944588,-20.66731257766621
M3A-w4-1244,-16.16643331591095,-26.991434846750415,-12.512236438805207,-20.605862868076137
M3A-w4-1247,-13.838842491509855,-26.69045210109082,-16.837461846753413,-25.2005892989187
M3A-w4-1248,-10.496491965922662,-20.154597606969922,-9.648985975502967,-17.52870086407664
M3A-w4-1250,-5.0496123814839535,-9.821312021742717,-6.621648086902048,-8.026014129680783
M3A-w4-1251,-9.478588507855752,-14.619510510947224,-8.005467345666204,-12.743089061944769
M3A-w4-1252,-7.020725794229231,-16.491723775259487,-10.262220795947243,-15.591766484303058
M3A-w4-1253,-7.166708601087322,-19.946403617462025,-8.763539340940927,-11.787828834304479
M3A-w4-1256,-16.888180465855278,-22.88523845895633,-16.95598142722467,-20.448537446299415
M3A-w4-1261,-12.857398837407514,-24.72317617068457,-13.668496522561089,-24.987424828556527
M3A-w4-1263,-4.3641980642043805,-4.493820505234699,-5.664806260551507,-3.5673942458218457
M3A-w4-1264,-12.676810170352777,-18.06665970118441,-12.130059093864375,-17.72609730541759
M3A-w4-1267,-13.668787962869342,-22.742529995181116,-12.998315061985421,-16.276379943053985
M3A-w4-1269,-13.86968154544266,-19.174231670965934,-9.33757915271816,-20.312444020686442
M3A-w4-1283,-11.12615157236408,-27.290910144781506,-18.750879607764432,-25.69252949406451
M3A-w4-1291,-19.27972015268239,-27.31353213022104,-20.03722308560959,-27.479319041028067
M3A-w4-1294,-27.201988858158856,-27.195605341570413,-28.20066061048172,-30.428010682879858
M3A-w4-1302,-22.37297208039709,-29.14651364285239,-21.08243505008923,-28.932274348231047
M3A-w4-1309,-21.641491171047544,-26.399544352042234,-21.684246810117457,-27.32097018533235
M3A-w4-1310,-19.411991368200287,-27.073356231872985,-18.730245293558912,-25.78590714916018
M3A-w4-1332,-20.49727524302434,-28.105426899492137,-17.77370214144876,-26.394845022087992
M3A-w4-1336,-11.690021657118958,-18.33250497364695,-9.02690905234772,-17.84553663598023
M3A-w4-1344,-19.1129932320474,-24.437001698370075,-16.222123369840936,-24.171147689158623
M3A-w4-1346,-13.527777262963783,-26.76372135521207,-11.84652793522156,-23.302122877197288
M3A-w4-1364,-18.883731596462113,-26.352703629646147,-19.477153605802457,-27.91525398288141
M3A-w4-1370,-18.7174539233443,-29.54372064371308,-13.329774650803902,-20.899165204253244
M3A-w4-1371,-15.840093967839952,-26.203169853016533,-15.067879443847822,-28.00963152750214
M3A-w4-1377,-12.980655729626056,-25.79240326769564,-10.395615115299773,-23.986097675600448
M3A-w4-1396,-17.220355872672787,-24.845388276241298,-15.154041593833183,-21.446515148448306
M3A-w4-1397,-19.20391609416715,-25.62095494405449,-27.890139492950325,-28.354608968944873
M3A-w4-1399,-22.14531887717247,-26.324546584127614,-22.381324331214117,-26.164094000404916
M3A-w4-1401,-17.367476397192615,-23.12301575807099,-22.580728241878123,-25.722297318654572
M3A-w4-1402,-19.255692306439407,-27.652024003936987,-13.40792182244244,-25.77187899558013
M3A-w4-1404,-14.20707932736265,-21.243591257851918,-18.813025621662867,-27.835355946821274
M3A-w4-1407,-18.29148434853137,-27.73453890827614,-11.70465887168194,-19.810513856999556
M3A-w4-1408,-10.026272607432468,-20.924275794956312,-8.793469280466212,-19.528572857080967
M3A-w4-1417,-11.799100593641707,-21.141446255366354,-13.441675536090306,-22.884340336529604
M3A-w4-1421,-6.870060513502026,-19.473818063933265,-6.59970994345482,-16.123015888272345
M3A-w4-1423,-13.920149695717525,-24.654660636587302,-13.730080686568119,-23.498391284513836
M3A-w4-1428,-11.757124795938608,-17.93291796618766,-8.990499171512148,-13.023356318990931
M3A-w4-1432,-12.000911973241182,-19.254712720504447,-7.847258301109372,-14.737667191325269
M3A-w4-1439,-11.175936123786741,-20.960484201619323,-7.9134906834749525,-17.39658528926578
M3A-w4-1442,-11.55049533226029,-19.028396383049106,-8.399531756912431,-17.25133410180287
M3A-w4-1446,-15.277918786261415,-24.83677179924686,-14.074363844328046,-22.24877180703043
M3A-w4-1448,-16.79647892614879,-25.731765498832964,-12.85663513353259,-20.252363661920686
M3A-w4-1449,-14.096102272992693,-22.31857454035366,-12.589887769548085,-19.4744157702131
M3A-w4-1450,-13.23529276699775,-21.466868621741536,-10.907612156896006,-16.914531699532382
M3A-w4-1451,-18.045904850204458,-27.114590278133885,-16.795247960674082,-25.40906815204707
M3A-w4-1454,-14.424107900550036,-20.178125973214705,-13.13680455909288,-19.478442957691126
M3A-w4-1462,-13.717737587065805,-21.686443049140664,-10.63833853513082,-16.14644041589784
M3A-w4-1463,-16.128541250114793,-27.832016824865672,-14.459021081200898,-21.36792861762195
M3A-w4-1464,-20.750016123546978,-27.880672911205416,-18.668530352779584,-27.130925415655845
M3A-w4-1470,-11.260359435086226,-15.929699203006624,-11.905843728663656,-17.907855756138552
M3A-w4-1472,-13.614887381494533,-20.134158499464757,-13.527283730021205,-18.715145530215583
M3A-w4-1477,-18.31952095376179,-26.744277510061913,-15.456557839327752,-25.093666062160725
M3A-w4-1478,-18.364045097569313,-27.328211933290266,-17.75145388236788,-25.13221761065536
M3A-w4-1480,-14.525443388554017,-23.14885961364688,-12.002570935396646,-21.76752479935681
M3A-w4-1481,-12.998296991781134,-20.733792588744066,-12.341093943886186,-18.410196745639283
M3A-w4-1482,-12.253187664482255,-17.72816222481562,-6.401533455435045,-16.8743324599279
M3A-w4-1483,-17.552049850267252,-25.470965491358918,-15.109886627493953,-20.144767486240465
M3A-w4-1484,-17.853750124198758,-26.42098169635775,-15.876018431173542,-23.092187232301512
M3A-w4-1490,-16.67974177330457,-29.99119071277076,-13.880975821447931,-27.677232485620344
M3A-w4-1491,-18.623736308074097,-25.751294638592306,-16.654006534199294,-23.227643720696456
M3A-w4-1494,-14.277321933341003,-21.74245913281256,-7.356412615627007,-20.13610873249395
M3A-w4-1495,-16.370101324572907,-27.168859989535424,-6.614476435941789,-26.234734605376346
M3A-w4-1497,-14.763768883541333,-25.450986881802457,-15.156312822807152,-22.718272275236036
M3A-w4-1501,-15.369171067642569,-27.27502997735902,-16.632363084405878,-27.635971192820683
M3A-w4-1503,-15.245063227950702,-25.878014017884915,-21.429076678973463,-25.56280586283651
M3A-w4-1504,-16.969954464322143,-27.724674529988352,-18.817704229775902,-25.019273801222244
M3A-w4-1508,-18.21466011687337,-26.483973557248603,-17.42167430303376,-26.94230786781543
M3A-w4-1510,-17.86838489914203,-25.49696635177324,-11.756052243827867,-18.597698765662493
M3A-w4-1513,-17.034969156316755,-25.795111186393726,-16.100723787634205,-21.478429504068064
M3A-w4-1518,-13.7988169602446,-22.745305810542753,-12.985912704031996,-20.881635846958567
M3A-w4-1519,-15.903903021866945,-27.39724091399028,-12.649135047003188,-23.142618240599944
M3A-w4-1521,-14.821336452305774,-25.543071835774697,-11.18504767960603,-18.840661210197375
M3A-w4-1522,-15.4340416195753,-26.707934173759167,-12.122317981866404,-20.129055338638615
M3A-w4-1524,-15.887412839379964,-25.449080161202026,-15.562182592913224,-23.8689796799351
M3A-w4-1525,-9.14293082176971,-20.12516721820633,-10.55608191410013,-16.626361813688696
M3A-w4-1526,-18.496102977697568,-29.820080926955022,-14.665037043418156,-25.829834069690897
M3A-w4-1528,-17.081780357645886,-25.93461548663346,-10.503602120739531,-18.353243671858074
M3A-w4-1531,-13.151550752617478,-25.551392174321848,-19.687014304232232,-24.81348923655853
M3A-w4-1533,-16.496467449023434,-25.628091214632523,-10.891090681014742,-16.89001620084366
M3A-w4-1535,-20.610143626915143,-26.129704988557563,-18.392761780825687,-25.34444816395556
M3A-w4-1537,-7.556564226862652,-15.158726659017177,-6.9781743507353795,-15.65312353373266
M3A-w4-1542,-13.608088314433589,-19.89740108016333,-11.591678827671531,-17.9889508905662
M3A-w4-1545,-12.43142448018611,-21.18645787343248,-11.543417425873383,-19.466344787704223
M3A-w4-1548,-6.751813953479667,-16.140810888438853,-7.306481320002679,-13.350727865185911
M3A-w4-1549,-9.585533130095822,-17.907432615123128,-8.889073826513695,-19.215933568537785
M3A-w4-1551,-5.446155086223817,-14.658252640597835,-7.131229956637332,-17.03249458390834
M3A-w4-1553,-13.287264360654303,-23.18121876789845,-8.594675113577818,-21.10662147443862
M3A-w4-1556,-13.97339636404331,-18.20994112558507,-11.339746448612772,-18.952081510540626
M3A-w4-1557,-16.449440495443532,-23.97817502001505,-12.447498082736804,-19.609654701255025
M3A-w4-1558,-15.843882697796746,-19.994063573951365,-12.796817562521214,-21.23966872675654
M3A-w4-1561,-18.243420983628823,-23.476375398633074,-14.187995593852335,-21.915583332083933
M3A-w4-1567,-16.16394375388878,-15.209617409351598,-13.33491585249795,-19.071405136487385
M3A-w4-1569,-11.646643892833033,-20.757027213286467,-10.45093538615915,-18.59164350280739
M3A-w4-1571,-12.559691274880436,-18.956001825133942,-10.565966023885373,-16.449512926282093
M3A-w4-1573,-10.283027871453088,-17.01613110930423,-11.022197297867356,-19.11577455518406
M3A-w4-1575,-9.505709983126202,-14.559026481754906,-11.233137085490432,-20.41363335506579
M3A-w4-1576,-13.077146776154134,-21.520604260719555,-11.516814221456386,-22.11910846203559
M3A-w4-1587,-18.940097708068258,-25.139637352991578,-13.053946360164428,-23.26938487935391
M3A-w4-1589,-4.28718675230039,-15.091983277728735,-9.67876280513687,-14.59200306263465
M3A-w4-1593,-10.255931728623356,-25.700142371707386,-14.070971034855646,-20.739387112023877
M3A-w4-1615,-16.791609833306275,-26.671486467078193,-16.31154971502478,-23.204313592887758
M3A-w4-1628,-16.403112974913654,-25.51153054131435,-12.690031094616604,-21.334036089306217
M3A-w4-1631,-7.312505747283682,-12.281379176178817,-12.773913291779685,-20.136021925581552
M3A-w4-1638,-11.718719287892576,-18.407160080457878,-0.21232135988572703,-9.711067872552228
M3A-w4-1639,-10.841340514050176,-18.101623974860935,-5.906799617849114,-17.124184355230007
M3A-w4-1644,-15.07665522281374,-23.403554304787182,-15.751368671167207,-24.29546227999687
M3A-w4-1646,-7.629602931932441,-19.247293445037947,-3.9864961824880285,-15.898921836340186
M3A-w4-1648,1.0512482251919393,-7.307272529609214,3.14401306149731,-6.258402696340212
M3A-w4-1654,-17.10414135619223,-24.6338328669921,-15.730899258786742,-22.19587194198742
M3A-w4-1658,-10.994345949286119,-16.59112451417544,-14.107636931211545,-19.938466309032876
M3A-w4-1661,-15.151066694687664,-24.693000794154514,-8.83010935067737,-19.892315980868734
M3A-w4-1665,-12.212482427121703,-19.517234373289934,-10.546942973376096,-18.335115006786047
M3A-w4-1666,-14.095020928298013,-22.807405356254158,-11.399088410123754,-21.809949847342818
M3A-w4-1676,-10.472726324225025,-23.28357884527697,-17.046581623945922,-24.673936692590217
M3A-w4-1678,-11.807056831908739,-21.61006267695165,-9.023134957348626,-19.661831184635133
M3A-w4-1683,-12.81230110056324,-20.8242513894637,-12.338934569989046,-22.981752474550525
M3A-w4-1689,-11.42973426105844,-16.568056316949228,-9.782011888635344,-18.06986630512068
M3A-w4-1690,-12.80919977829001,-18.93660546942064,-5.416377641559675,-17.462841772970233
