point_id,Q1,Q2,conf,note
M3A-w2-0370,否,水体,中,深绿均质 疑藻华水面
M3A-w2-0387,是,落叶灌丛,低,细碎灌团 邻梯田
M3A-w2-0395,是,落叶灌丛,低,灌草斑块 深绿团簇三成
M3A-w2-0397,是,落叶灌丛,低,深绿细灌团密布 无树影
M3A-w2-0402,否,草地,低,草被夹零星暗绿点
M3A-w2-0406,否,草地,中,均质平滑绿被
M3A-w2-0414,是,落叶灌丛,低,路旁细碎灌团 无树影
M3A-w2-0416,否,草地,中,大面积平滑淡绿
M3A-w2-0418,是,落叶灌丛,低,深绿灌团 局部亮隙
M3A-w2-0425,否,草本旱地,中,等高梯田 地表近裸
M3A-w2-0426,否,草地,低,均质平滑绿被
M3A-w2-0429,否,裸地,中,黄土沟壑 裸土为主
M3A-w2-0431,否,草本旱地,中,等高条带 绿带夹裸土
M3A-w2-0432,否,裸地,中,浅色裸土 微见田坎
M3A-w2-0433,否,湖河滩地,低,近水平滑滩地 微绿
M3A-w2-0434,是,落叶灌丛,低,细碎深绿灌点密布
M3A-w2-0435,否,草地,低,平滑青绿草被 邻灌坡
M3A-w2-0436,否,稀疏植被,低,浅色坡地 稀疏草点
M3A-w2-0437,否,草地,低,干黄绿草被夹裸斑
M3A-w2-0439,否,草地,中,大面积均质平滑绿被
M3A-w2-0443,否,草地,低,水平沟条带旁 平滑绿
M3A-w2-0444,否,草地,中,平滑草坡 微见等高纹
M3A-w2-0447,否,草本旱地,中,梯坎分明 地表近裸
M3A-w2-0452,否,草地,低,村旁绿被夹裸斑
M3A-w2-0460,否,草地,低,条纹坡地 平滑草被
M3A-w2-0467,否,草本旱地,低,村旁翻耕地 近裸土
M3A-w2-0469,否,乔灌园地,中,等高行栽点阵 裸土带
M3A-w2-0470,否,乔灌园地,低,行栽苗点 夹裸土带
M3A-w2-0472,否,草地,低,平滑草被 微见等高纹
M3A-w2-0477,否,草本旱地,低,条田夹绿条 点位近裸
M3A-w2-0481,否,乔灌园地,中,规则行栽点阵 裸土
M3A-w2-0482,是,落叶灌丛,低,灌团约四成 夹裸土
M3A-w2-0490,否,草地,低,撂荒梯田 绿褐斑驳
M3A-w2-0520,否,草本旱地,低,新翻耕地 邻大棚
M3A-w2-0539,否,草地,低,暗绿细碎草被 无树冠
M3A-w2-0542,是,落叶灌丛,低,灌团密布 无大树冠
M3A-w2-0543,是,落叶灌丛,低,细碎青绿灌冠 无大树影
M3A-w2-0548,否,草地,低,山前绿坡 邻梯田
M3A-w2-0555,否,不透水面,低,场院碎石地 夹灌点
M3A-w2-0556,否,稀疏植被,低,坡面条带 淡绿稀疏
