point_id,lon,lat,region,wc,zone,src,orig_id
EXPA-000,124.344951,43.288666,w1,10,edge,m3a,M3A-w1-0193
EXPA-001,111.533179,23.092742,w3,10,core,m3a,M3A-w3-0776
EXPA-002,106.539444,34.244158,w2,10,core,m3a,M3A-w2-0418
EXPA-003,106.151372,32.561164,w2,10,core,m3a,M3A-w2-0378
EXPA-004,126.20123,45.98981,w1,10,edge,m3a,M3A-w1-0195
EXPA-005,108.826106,26.387043,w3,10,edge,m3a,M3A-w3-0864
EXPA-006,106.195299,34.255207,w2,10,core,m3a,M3A-w2-0397
EXPA-007,109.406866,26.059607,w3,10,edge,m3a,M3A-w3-0867
EXPA-008,106.465064,31.906023,w2,10,core,m3a,M3A-w2-0381
EXPA-009,106.375861,32.069876,w2,10,edge,m3a,M3A-w2-0537
EXPA-010,112.931317,24.455576,w3,10,core,m3a,M3A-w3-0728
EXPA-011,108.078528,32.569519,w2,10,core,m3a,M3A-w2-0353
EXPA-012,110.64735,23.727401,w3,10,core,m3a,M3A-w3-0747
EXPA-013,111.365014,26.851921,w3,10,core,m3a,M3A-w3-0761
EXPA-014,109.968493,23.462488,w3,10,core,m3a,M3A-w3-0777
EXPA-015,105.93901,34.326354,w2,10,core,m3a,M3A-w2-0402
EXPA-016,106.465064,33.857433,w2,10,core,m3a,M3A-w2-0414
EXPA-017,113.543339,24.035703,w3,10,core,m3a,M3A-w3-0752
EXPA-018,107.627394,32.026757,w2,10,core,m3a,M3A-w2-0371
EXPA-019,107.771843,33.100153,w2,10,edge,m3a,M3A-w2-0549
EXPA-020,112.218234,23.554655,w3,10,core,m3a,M3A-w3-0730
EXPA-021,110.68454,25.872039,w3,10,edge,m3a,M3A-w3-0862
EXPA-022,106.449702,32.341257,w2,10,core,m3a,M3A-w2-0355
EXPA-023,111.074768,28.62843,w3,10,core,m3a,M3A-w3-0723
EXPA-024,108.984568,25.741334,w3,10,core,m3a,M3A-w3-0731
EXPA-025,109.389349,32.153958,w2,10,core,m3a,M3A-w2-0405
EXPA-026,125.233205,43.906886,w1,10,core,m3a,M3A-w1-0002
EXPA-027,108.748491,23.02968,w3,10,core,m3a,M3A-w3-0770
EXPA-028,109.630547,25.385332,w3,10,core,m3a,M3A-w3-0745
EXPA-029,108.250465,32.684054,w2,10,core,m3a,M3A-w2-0366
EXPA-030,108.026785,31.858322,w2,10,core,m3a,M3A-w2-0403
EXPA-031,107.502079,33.609229,w2,10,core,m3a,M3A-w2-0360
EXPA-032,108.248848,24.318942,w3,10,core,m3a,M3A-w3-0719
EXPA-033,122.805329,46.728495,w1,10,edge,m3a,M3A-w1-0202
EXPA-034,113.910121,23.418291,w3,10,core,m3a,M3A-w3-0746
EXPA-035,122.217561,46.105962,w1,10,edge,m3a,M3A-w1-0203
EXPA-036,125.958415,43.1585,w1,10,core,m3a,M3A-w1-0013
EXPA-037,109.25056,32.606709,w2,10,core,m3a,M3A-w2-0396
EXPA-038,112.544861,23.246892,w3,10,core,m3a,M3A-w3-0740
EXPA-039,112.997882,24.942822,w3,10,core,m3a,M3A-w3-0721
EXPA-040,105.926074,34.165735,w2,10,core,m3a,M3A-w2-0370
EXPA-041,126.209584,43.625534,w1,10,core,m3a,M3A-w1-0018
EXPA-042,106.879277,34.073298,w2,10,core,m3a,M3A-w2-0394
EXPA-043,106.269141,34.355998,w2,10,core,m3a,M3A-w2-0406
EXPA-044,109.549968,32.191687,w2,10,core,m3a,M3A-w2-0379
EXPA-045,108.97325,35.79483,w2,10,edge,m3a,M3A-w2-0538
EXPA-046,108.01304,32.289783,w2,10,edge,m3a,M3A-w2-0540
EXPA-047,122.059907,47.456399,w1,10,edge,m3a,M3A-w1-0207
EXPA-048,108.069904,31.842422,w2,10,core,m3a,M3A-w2-0363
EXPA-049,106.854483,31.849699,w2,10,edge,m3a,M3A-w2-0547
EXPA-050,109.590392,24.956027,w3,10,core,m3a,M3A-w3-0762
EXPA-051,123.529461,43.222909,w1,10,edge,m3a,M3A-w1-0199
EXPA-052,109.990053,36.024709,w2,10,core,m3a,M3A-w2-0357
EXPA-053,110.644655,26.827936,w3,10,core,m3a,M3A-w3-0732
EXPA-054,112.175654,27.738828,w3,10,core,m3a,M3A-w3-0768
EXPA-055,105.791597,32.698068,w2,10,core,m3a,M3A-w2-0376
EXPA-056,112.742401,24.802685,w3,10,core,m3a,M3A-w3-0742
EXPA-057,113.899341,24.842839,w3,10,core,m3a,M3A-w3-0759
EXPA-058,108.54664,32.799667,w2,10,core,m3a,M3A-w2-0362
EXPA-059,125.569804,43.146912,w1,10,core,m3a,M3A-w1-0011
EXPA-060,106.091275,31.960191,w2,10,core,m3a,M3A-w2-0368
EXPA-061,113.245278,23.854064,w3,10,core,m3a,M3A-w3-0724
EXPA-062,123.963077,43.385414,w1,10,edge,m3a,M3A-w1-0198
EXPA-063,106.799237,34.318808,w2,10,core,m3a,M3A-w2-0407
EXPA-064,107.993098,35.762221,w2,10,core,m3a,M3A-w2-0387
EXPA-065,122.210824,47.304674,w1,10,edge,m3a,M3A-w1-0208
EXPA-066,112.365378,24.30924,w3,10,core,m3a,M3A-w3-0733
EXPA-067,109.583924,25.353801,w3,10,edge,m3a,M3A-w3-0868
EXPA-068,110.734127,26.364136,w3,10,core,m3a,M3A-w3-0779
EXPA-069,106.7227,32.844134,w2,10,core,m3a,M3A-w2-0367
EXPA-070,122.966486,43.513424,w1,10,core,m3a,M3A-w1-0005
EXPA-071,126.373706,43.74492,w1,10,core,m3a,M3A-w1-0017
EXPA-072,107.26142,33.955529,w2,10,core,m3a,M3A-w2-0359
EXPA-073,113.716893,24.497078,w3,10,core,m3a,M3A-w3-0760
EXPA-074,113.934106,26.643602,w3,10,core,m3a,M3A-w3-0767
EXPA-075,109.698729,33.476368,w2,10,core,m3a,M3A-w2-0386
EXPA-076,106.53082,35.184425,w2,10,edge,m3a,M3A-w2-0548
EXPA-077,105.835794,33.942863,w2,10,core,m3a,M3A-w2-0395
EXPA-078,125.215958,44.148353,w1,10,edge,m3a,M3A-w1-0197
EXPA-079,105.502698,32.110839,w2,10,core,m3a,M3A-w2-0390
EXPA-080,109.113387,32.179021,w2,10,core,m3a,M3A-w2-0369
EXPA-081,109.233851,36.083459,w2,10,core,m3a,M3A-w2-0410
EXPA-082,109.995443,23.498331,w3,10,core,m3a,M3A-w3-0764
EXPA-083,105.705897,32.783767,w2,10,core,m3a,M3A-w2-0413
EXPA-084,126.384756,43.780493,w1,10,core,m3a,M3A-w1-0007
EXPA-085,111.097136,28.565907,w3,10,core,m3a,M3A-w3-0765
EXPA-086,113.590231,25.417132,w3,10,core,m3a,M3A-w3-0727
EXPA-087,107.340921,31.941596,w2,10,core,m3a,M3A-w2-0404
EXPA-088,110.654626,25.694173,w3,10,core,m3a,M3A-w3-0758
EXPA-089,109.321437,35.132682,w2,10,edge,m3a,M3A-w2-0535
EXPA-090,124.36705,46.632555,w1,10,core,m3a,M3A-w1-0008
EXPA-091,107.557864,35.329143,w2,10,edge,m3a,M3A-w2-0542
EXPA-092,109.076736,33.00044,w2,10,core,m3a,M3A-w2-0383
EXPA-093,107.75729,34.14202,w2,10,edge,m3a,M3A-w2-0546
EXPA-094,110.109978,25.942916,w3,10,core,m3a,M3A-w3-0720
EXPA-095,126.402003,44.199557,w1,10,edge,m3a,M3A-w1-0200
EXPA-096,126.063518,45.157072,w1,10,core,m3a,M3A-w1-0003
EXPA-097,108.317569,32.43019,w2,10,core,m3a,M3A-w2-0365
EXPA-098,108.280918,31.648925,w2,10,core,m3a,M3A-w2-0385
EXPA-099,108.958697,31.680186,w2,10,core,m3a,M3A-w2-0380
EXPA-100,109.419533,27.757693,w3,10,core,m3a,M3A-w3-0755
EXPA-101,112.255424,27.430257,w3,10,edge,m3a,M3A-w3-0865
EXPA-102,106.119302,34.048505,w2,10,core,m3a,M3A-w2-0416
EXPA-103,106.426256,31.942405,w2,10,core,m3a,M3A-w2-0356
EXPA-104,110.901753,27.894057,w3,10,core,m3a,M3A-w3-0754
EXPA-105,107.63979,34.585338,w2,10,core,m3a,M3A-w2-0364
EXPA-106,110.216159,27.134082,w3,10,core,m3a,M3A-w3-0756
EXPA-107,106.016894,34.49344,w2,10,edge,m3a,M3A-w2-0539
EXPA-108,111.509194,25.131199,w3,10,core,m3a,M3A-w3-0744
EXPA-109,108.083917,31.973936,w2,10,core,m3a,M3A-w2-0374
EXPA-110,126.314148,43.452249,w1,10,core,m3a,M3A-w1-0015
EXPA-111,109.841561,31.920037,w2,10,core,m3a,M3A-w2-0393
EXPA-112,125.602682,43.89961,w1,10,core,m3a,M3A-w1-0020
EXPA-113,125.816931,43.088431,w1,10,core,m3a,M3A-w1-0014
EXPA-114,110.764041,24.360983,w3,10,core,m3a,M3A-w3-0778
EXPA-115,111.774107,24.550977,w3,10,core,m3a,M3A-w3-0725
EXPA-116,107.897697,33.705977,w2,10,edge,m3a,M3A-w2-0536
EXPA-117,123.079135,46.986131,w1,10,core,m3a,M3A-w1-0009
EXPA-118,107.06927,32.687827,w2,10,core,m3a,M3A-w2-0358
EXPA-119,107.526872,33.921842,w2,10,core,m3a,M3A-w2-0352
EXPA-120,110.183011,23.996626,w3,10,core,m3a,M3A-w3-0749
EXPA-121,122.587038,47.405196,w1,10,core,m3a,M3A-w1-0012
EXPA-122,123.89247,43.482432,w1,10,core,m3a,M3A-w1-0016
EXPA-123,109.199086,33.278289,w2,10,edge,m3a,M3A-w2-0550
EXPA-124,109.050595,35.46389,w2,10,core,m3a,M3A-w2-0382
EXPA-125,109.72514,28.496108,w3,10,core,m3a,M3A-w3-0769
EXPA-126,112.305281,24.784359,w3,10,core,m3a,M3A-w3-0739
EXPA-127,113.732524,25.073796,w3,10,core,m3a,M3A-w3-0718
EXPA-128,122.363897,46.900971,w1,10,edge,m3a,M3A-w1-0192
EXPA-129,108.238877,23.279771,w3,10,core,m3a,M3A-w3-0753
EXPA-130,108.124072,25.678812,w3,10,core,m3a,M3A-w3-0729
EXPA-131,109.907048,27.926935,w3,10,core,m3a,M3A-w3-0773
EXPA-132,107.49076,32.003849,w2,10,edge,m3a,M3A-w2-0541
EXPA-133,123.880882,46.385428,w1,10,edge,m3a,M3A-w1-0201
EXPA-134,110.629024,24.230009,w3,10,core,m3a,M3A-w3-0738
EXPA-135,124.795546,46.713942,w1,10,edge,m3a,M3A-w1-0204
EXPA-136,108.629105,26.496997,w3,10,core,m3a,M3A-w3-0737
EXPA-137,110.194869,26.195163,w3,10,core,m3a,M3A-w3-0757
EXPA-138,113.93734,24.190662,w3,10,core,m3a,M3A-w3-0775
EXPA-139,109.054637,28.060874,w3,10,core,m3a,M3A-w3-0722
EXPA-140,109.009631,26.670013,w3,10,edge,m3a,M3A-w3-0866
EXPA-141,106.337323,31.786906,w2,10,core,m3a,M3A-w2-0408
EXPA-142,111.008203,26.370874,w3,10,core,m3a,M3A-w3-0748
EXPA-143,113.822805,25.534901,w3,10,core,m3a,M3A-w3-0772
EXPA-144,108.945492,32.61668,w2,10,core,m3a,M3A-w2-0415
EXPA-145,125.266892,43.751657,w1,10,edge,m3a,M3A-w1-0206
EXPA-146,126.118226,43.258213,w1,10,core,m3a,M3A-w1-0010
EXPA-147,109.874978,24.274745,w3,10,edge,m3a,M3A-w3-0861
EXPA-148,108.366887,33.088565,w2,10,core,m3a,M3A-w2-0388
EXPA-149,109.77284,27.178818,w3,10,edge,m3a,M3A-w3-0863
EXPA-150,105.759527,32.581107,w2,10,core,m3a,M3A-w2-0361
EXPA-151,105.706436,31.653776,w2,10,core,m3a,M3A-w2-0409
EXPA-152,108.358532,27.157259,w3,10,core,m3a,M3A-w3-0743
EXPA-153,125.937934,43.023214,w1,10,core,m3a,M3A-w1-0001
EXPA-154,108.987802,33.992989,w2,10,core,m3a,M3A-w2-0417
EXPA-155,108.010076,23.103521,w3,10,core,m3a,M3A-w3-0780
EXPA-156,108.5143,36.022283,w2,10,edge,m3a,M3A-w2-0543
EXPA-157,113.930064,28.789857,w3,10,core,m3a,M3A-w3-0736
EXPA-158,126.212818,43.311034,w1,10,core,m3a,M3A-w1-0004
EXPA-159,123.137077,43.379755,w1,10,edge,m3a,M3A-w1-0209
EXPA-160,109.549699,26.828475,w3,10,core,m3a,M3A-w3-0763
EXPA-161,124.594234,46.790209,w1,10,edge,m3a,M3A-w1-0205
EXPA-162,106.304445,32.15827,w2,10,core,m3a,M3A-w2-0391
EXPA-163,112.866099,24.420811,w3,10,core,m3a,M3A-w3-0751
EXPA-164,108.632608,35.399481,w2,10,core,m3a,M3A-w2-0401
EXPA-165,106.798698,34.06737,w2,10,core,m3a,M3A-w2-0384
EXPA-166,108.246423,32.131051,w2,10,core,m3a,M3A-w2-0392
EXPA-167,125.786747,43.184641,w1,10,core,m3a,M3A-w1-0019
EXPA-168,125.959493,43.541991,w1,10,core,m3a,M3A-w1-0006
EXPA-169,107.605834,34.900108,w2,10,core,m3a,M3A-w2-0354
EXPA-170,109.487445,33.7367,w2,10,edge,m3a,M3A-w2-0545
EXPA-171,126.134395,43.318849,w1,10,core,m3a,M3A-w1-0000
EXPA-172,110.107013,25.472648,w3,10,core,m3a,M3A-w3-0771
EXPA-173,108.262053,27.616208,w3,10,core,m3a,M3A-w3-0734
EXPA-174,113.473809,28.108844,w3,10,core,m3a,M3A-w3-0726
EXPA-175,108.821524,31.918959,w2,10,core,m3a,M3A-w2-0411
EXPA-176,110.650045,28.176218,w3,10,core,m3a,M3A-w3-0766
EXPA-177,110.598032,27.307906,w3,10,core,m3a,M3A-w3-0735
EXPA-178,106.54133,32.997207,w2,10,core,m3a,M3A-w2-0372
EXPA-179,106.787918,34.594231,w2,10,core,m3a,M3A-w2-0400
EXPA-180,107.73573,34.760779,w2,10,core,m3a,M3A-w2-0398
EXPA-181,108.561731,32.405666,w2,10,core,m3a,M3A-w2-0389
EXPA-182,123.379622,44.279597,w1,10,edge,m3a,M3A-w1-0194
EXPA-183,109.621923,23.463297,w3,10,core,m3a,M3A-w3-0741
EXPA-184,107.338495,32.197616,w2,10,edge,m3a,M3A-w2-0544
EXPA-185,106.897872,33.637795,w2,10,core,m3a,M3A-w2-0412
EXPA-186,110.867258,27.091502,w3,10,core,m3a,M3A-w3-0750
EXPA-187,109.059488,33.606803,w2,10,core,m3a,M3A-w2-0373
EXPA-188,122.208398,47.479846,w1,10,edge,m3a,M3A-w1-0196
EXPA-189,109.084551,27.132196,w3,10,core,m3a,M3A-w3-0774
