point_id,lon,lat,region,stratum,fcs10_code,row_id
EXPA2-000,123.2370441352122,42.57057740948945,w1,needle,71,800163
EXPA2-001,121.56887265260224,46.92075900436664,w1,needle,81,831980
EXPA2-002,124.97070280203444,42.753025243694125,w1,needle,81,843301
EXPA2-003,125.25609756779924,42.969429395638514,w1,needle,71,803006
EXPA2-004,125.37305821779158,43.23919347545961,w1,needle,81,844320
EXPA2-005,124.40772861347676,47.903066767551344,w1,needle,71,801978
EXPA2-006,126.86012933912303,43.221945822004514,w1,needle,71,804215
EXPA2-007,124.99387933636474,42.78779004518955,w1,needle,81,843372
EXPA2-008,125.52990406639886,43.52593571415056,w1,needle,71,803331
EXPA2-009,122.48165081279608,42.83063968424205,w1,needle,71,798906
EXPA2-010,125.81260388631128,43.96548138267024,w1,needle,81,845284
EXPA2-011,123.87628529139164,43.70164618372434,w1,needle,81,840852
EXPA2-012,125.52128023967131,43.075610262221446,w1,needle,71,803306
EXPA2-013,126.20768294826703,43.57525322324872,w1,needle,71,803742
EXPA2-014,124.99792175514328,42.87295033412408,w1,needle,71,802517
EXPA2-015,125.9923567746636,42.73658607399474,w1,needle,71,803589
EXPA2-016,124.92434973337387,42.69993481040266,w1,needle,71,802358
EXPA2-017,126.4027970279778,43.64747777209193,w1,needle,71,803861
EXPA2-018,121.88849323069196,47.87557831985728,w1,needle,81,833518
EXPA2-019,125.33209504083574,42.95406820428008,w1,needle,71,803108
EXPA2-020,122.45227590300536,47.60365828335431,w1,needle,81,836158
EXPA2-021,121.673706046259,46.946091495378816,w1,needle,81,832477
EXPA2-022,125.07903962529927,42.58243517123983,w1,needle,81,843624
EXPA2-023,126.14030930195808,44.04390430697388,w1,needle,81,845875
EXPA2-024,126.63321489835444,43.82372723083618,w1,needle,71,804044
EXPA2-025,121.70146398853828,47.853479763867945,w1,needle,81,832733
EXPA2-026,122.83010731150604,47.79041803092275,w1,needle,81,837421
EXPA2-027,124.95722807277266,42.58216567665459,w1,needle,81,843296
EXPA2-028,126.2254695908926,44.146851238533976,w1,needle,81,846039
EXPA2-029,126.48768782232708,43.65798806091613,w1,needle,71,803917
EXPA2-030,126.57311760584686,44.27647813403242,w1,needle,81,846517
EXPA2-031,124.9297396250786,43.48443354802424,w1,needle,81,843239
EXPA2-032,124.95992301862502,42.6506173013045,w1,needle,71,802461
EXPA2-033,126.18100298432869,44.28132903656667,w1,needle,71,803729
EXPA2-034,126.38096796657368,43.11845990127394,w1,needle,81,846242
EXPA2-035,125.56871128667282,43.11145304205781,w1,needle,81,844827
EXPA2-036,125.28089106964092,42.99071946787215,w1,needle,81,844141
EXPA2-037,126.04005731625033,43.70892253752571,w1,needle,81,845701
EXPA2-038,121.6136087537514,46.85419384181339,w1,needle,81,832236
EXPA2-039,125.8864454026659,43.29632632752961,w1,needle,71,803539
EXPA2-040,105.33613580550566,33.06415591529461,w2,needle,71,724780
EXPA2-041,109.8083984474947,33.27247522968193,w2,needle,71,747499
EXPA2-042,106.64210656555862,31.61454454131094,w2,needle,71,730561
EXPA2-043,109.16915729131524,33.80418804635227,w2,needle,71,744051
EXPA2-044,109.449970649131,33.10943100561423,w2,needle,71,745427
EXPA2-045,105.96432768369044,33.49777270293911,w2,needle,71,727208
EXPA2-046,108.82474321138382,35.27535898715482,w2,needle,71,742096
EXPA2-047,107.7114610797745,32.754506636858615,w2,needle,71,735918
EXPA2-048,106.71028869562328,33.71714129532109,w2,needle,71,730964
EXPA2-049,106.47879284690568,31.791602483810895,w2,needle,71,729850
EXPA2-050,110.45356848454934,34.34587216267634,w2,needle,71,751311
EXPA2-051,108.43882696532609,35.65022595521789,w2,needle,71,740114
EXPA2-052,106.39363255797116,35.140342199951654,w2,needle,71,729343
EXPA2-053,106.80083887626252,32.4079366002453,w2,needle,71,731456
EXPA2-054,109.26590584741491,31.317831002966265,w2,needle,71,744571
EXPA2-055,110.2721986286856,33.97154418378374,w2,needle,71,750137
EXPA2-056,105.66815313451625,31.99641836859015,w2,needle,71,726006
EXPA2-057,108.81746685758245,35.50065646041199,w2,needle,71,742101
EXPA2-058,106.65800674608754,31.674911328403773,w2,needle,71,730688
EXPA2-059,106.99218003178,32.773371257825126,w2,needle,71,732328
EXPA2-060,109.97791054160804,26.56313803565005,w3,needle,71,748605
EXPA2-061,113.02131289267658,26.760408072042694,w3,needle,71,763650
EXPA2-062,109.88628238262784,28.826623057046007,w3,needle,71,747985
EXPA2-063,112.84236848807996,22.96808026860372,w3,needle,71,762921
EXPA2-064,109.15999447541722,29.07348009712205,w3,needle,71,743993
EXPA2-065,112.56317209777562,28.098179193153484,w3,needle,71,762031
EXPA2-066,108.6344800342073,25.330200308196005,w3,needle,71,741040
EXPA2-067,107.75269375131558,26.090983522316822,w3,needle,71,736140
EXPA2-068,110.29833960345348,27.11452395704261,w3,needle,71,750206
EXPA2-069,108.11920638723636,26.82454778332883,w3,needle,71,738084
EXPA2-070,112.79466794649322,27.873690203652018,w3,needle,71,762795
EXPA2-071,114.05024321910707,23.49386420439888,w3,needle,71,769051
EXPA2-072,107.84674736156288,23.9908122195738,w3,needle,71,736542
EXPA2-073,109.23275801343092,28.846296161768223,w3,needle,71,744390
EXPA2-074,111.65228039967845,27.316644895969503,w3,needle,71,757435
EXPA2-075,112.05517480460604,27.512836954021203,w3,needle,71,759507
EXPA2-076,112.8590771523646,25.07795337641524,w3,needle,71,763027
EXPA2-077,112.06460711508927,27.70040518534536,w3,needle,71,759511
EXPA2-078,110.99929501965194,28.14183731596169,w3,needle,71,753840
EXPA2-079,113.7422109081825,28.74119327352624,w3,needle,71,767280
EXPA2-080,126.8665972091687,44.17568715915421,w1,decid_broad,61,634677
EXPA2-081,126.91591471826686,42.68241766236233,w1,decid_broad,61,634887
EXPA2-082,124.41796940771572,42.59644888967209,w1,decid_broad,61,623963
EXPA2-083,122.10624485556254,46.88922813789405,w1,decid_broad,61,612678
EXPA2-084,124.95291615940889,43.00257722962253,w1,decid_broad,61,626716
EXPA2-085,122.4336807766241,47.72412236295473,w1,decid_broad,61,614385
EXPA2-086,122.28141633596584,47.07571839087726,w1,decid_broad,61,613607
EXPA2-087,126.34377771381114,43.34483535287207,w1,decid_broad,61,632374
EXPA2-088,126.95364396019988,45.00087957914641,w1,decid_broad,61,635145
EXPA2-089,121.61410282715765,47.00731168199156,w1,decid_broad,62,662401
EXPA2-090,124.96477392115926,42.81554798746885,w1,decid_broad,61,626714
EXPA2-091,126.7334668840622,42.75976260832502,w1,decid_broad,61,634096
EXPA2-092,126.5313459451353,43.553154667259385,w1,decid_broad,61,633236
EXPA2-093,122.8869706689908,46.871441495268485,w1,decid_broad,61,616535
EXPA2-094,124.62709720585872,42.882921633777805,w1,decid_broad,61,625135
EXPA2-095,121.57183709303985,47.44034456470138,w1,decid_broad,61,609917
EXPA2-096,124.95129919189748,43.3909189269474,w1,decid_broad,61,626718
EXPA2-097,121.66669918704284,46.883838246189335,w1,decid_broad,61,610414
EXPA2-098,122.29974196776188,47.822487886565824,w1,decid_broad,61,613621
EXPA2-099,122.02674395291795,46.62188950934008,w1,decid_broad,61,612302
EXPA2-100,126.91187229948832,44.2379404083437,w1,decid_broad,61,634918
EXPA2-101,121.51928564891884,46.6881851773081,w1,decid_broad,61,609645
EXPA2-102,122.00841832112192,47.70175431238016,w1,decid_broad,61,612191
EXPA2-103,126.15890442833934,43.43403806058513,w1,decid_broad,61,631589
EXPA2-104,126.41627175723958,43.09474437777319,w1,decid_broad,61,632704
EXPA2-105,121.8000990067346,47.96612850049653,w1,decid_broad,61,611206
EXPA2-106,122.5147986467801,47.31071766920293,w1,decid_broad,61,614751
EXPA2-107,126.49523367071367,47.89686839209092,w1,decid_broad,61,633035
EXPA2-108,126.1788470276468,43.58845845792528,w1,decid_broad,61,631707
EXPA2-109,126.66609323775324,44.06088246584373,w1,decid_broad,61,633779
EXPA2-110,109.23275801343092,32.01393551663048,w2,decid_broad,61,565604
EXPA2-111,108.91610187577878,35.150313499605375,w2,decid_broad,61,563982
EXPA2-112,109.5672007937086,33.2662768542215,w2,decid_broad,61,567208
EXPA2-113,109.88197046926408,32.615986420047385,w2,decid_broad,61,568874
EXPA2-114,110.33795530748316,35.76125772433507,w2,decid_broad,61,571053
EXPA2-115,105.6422816543336,32.55508064378408,w2,decid_broad,61,552060
EXPA2-116,109.90945891695814,35.510358265480484,w2,decid_broad,61,569068
EXPA2-117,109.84882263528009,33.14500429086537,w2,decid_broad,61,568596
EXPA2-118,109.04923220088529,33.74921115096416,w2,decid_broad,61,564631
EXPA2-119,105.28061992094707,33.60718750454486,w2,decid_broad,61,551440
EXPA2-120,110.17787552385306,35.574767471351855,w2,decid_broad,61,570387
EXPA2-121,106.4720554822748,33.180308081531265,w2,decid_broad,61,554180
EXPA2-122,109.16915729131524,32.09559237595695,w2,decid_broad,61,565253
EXPA2-123,106.74828743214157,34.79592812002023,w2,decid_broad,61,555018
EXPA2-124,106.69600548260578,35.32817992586104,w2,decid_broad,61,554897
EXPA2-125,107.97583526789089,35.00559490733372,w2,decid_broad,61,559509
EXPA2-126,109.67284267112106,33.48483696284779,w2,decid_broad,61,567750
EXPA2-127,109.3168403240245,34.01520230659195,w2,decid_broad,61,566008
EXPA2-128,110.18137895346112,34.27795952719691,w2,decid_broad,61,570376
EXPA2-129,109.30633003520028,31.93578208691208,w2,decid_broad,61,565978
EXPA2-130,108.48275458271952,24.11720518004941,w3,decid_broad,61,561391
EXPA2-131,113.6724118106064,27.969360781410742,w3,decid_broad,61,584611
EXPA2-132,108.54689429400564,24.01398875390408,w3,decid_broad,61,561665
EXPA2-133,109.2206307570953,24.17918893465366,w3,decid_broad,61,565444
EXPA2-134,107.91088707284904,27.45004471566125,w3,decid_broad,61,559072
EXPA2-135,111.09200115697308,26.051367818287154,w3,decid_broad,61,574583
EXPA2-136,107.81333003299363,27.00969056338586,w3,decid_broad,61,558638
EXPA2-137,109.86202786995663,26.028730273127344,w3,decid_broad,61,568679
EXPA2-138,107.82330133264738,24.186195793869796,w3,decid_broad,61,558629
EXPA2-139,111.02705296193125,25.436111680193694,w3,decid_broad,61,574308
EXPA2-140,109.86148888078615,31.92877522769595,w2,ever_broad,51,463619
EXPA2-141,108.76949682141048,31.555794721729523,w2,ever_broad,51,454223
EXPA2-142,107.42337136815736,32.32681873008931,w2,ever_broad,51,443549
EXPA2-143,106.9358556634657,33.43902288335769,w2,ever_broad,51,439890
EXPA2-144,107.70041180177982,31.13457468500588,w2,ever_broad,51,445920
EXPA2-145,107.4476258808286,33.87021421973506,w2,ever_broad,51,443773
EXPA2-146,108.70535711012434,31.275520353084232,w2,ever_broad,51,453823
EXPA2-147,106.05433887515922,33.47513515777929,w2,ever_broad,51,434417
EXPA2-148,110.22611505461028,32.35269021027195,w2,ever_broad,51,466894
EXPA2-149,109.37127823024214,32.34164093227728,w2,ever_broad,51,459175
EXPA2-150,109.4197872555846,33.019150319560225,w2,ever_broad,51,459576
EXPA2-151,105.3469155889151,32.72836566209074,w2,ever_broad,51,430643
EXPA2-152,107.68532010500662,33.353862594423155,w2,ever_broad,51,445753
EXPA2-153,107.60123779441304,32.31118804414563,w2,ever_broad,51,445114
EXPA2-154,107.60339375109491,33.409917468152216,w2,ever_broad,51,445130
EXPA2-155,107.668611440722,25.828765290882338,w3,ever_broad,51,445419
EXPA2-156,113.88073112499372,28.048861684055325,w3,ever_broad,51,488695
EXPA2-157,110.31989917027236,28.14399327264358,w3,ever_broad,51,467425
EXPA2-158,111.66494664518451,27.089460960615675,w3,ever_broad,51,477771
EXPA2-159,110.5419627085067,27.524964210356817,w3,ever_broad,51,469242
EXPA2-160,112.77607282011196,22.838453373105278,w3,ever_broad,51,483255
EXPA2-161,112.47316090630684,23.433766911891283,w3,ever_broad,51,481888
EXPA2-162,109.9827614441423,25.373588936418976,w3,ever_broad,51,464553
EXPA2-163,110.45599393581648,26.337571067807637,w3,ever_broad,51,468609
EXPA2-164,108.54231288605664,24.144963122328708,w3,ever_broad,51,452271
EXPA2-165,108.71883183938613,23.661759331000816,w3,ever_broad,51,453689
EXPA2-166,109.05974248970948,28.682982443115293,w3,ever_broad,51,456621
EXPA2-167,110.55435945942754,26.122244894204183,w3,ever_broad,51,469435
EXPA2-168,114.13297805677448,25.96189561598885,w3,ever_broad,51,490211
EXPA2-169,111.41485567008564,23.158073951195,w3,ever_broad,51,476168
EXPA2-170,110.34415368294358,24.14927503569248,w3,ever_broad,51,467585
EXPA2-171,107.95238923897536,25.76166113915861,w3,ever_broad,51,447844
EXPA2-172,109.77794555936303,26.93234561742317,w3,ever_broad,51,462823
EXPA2-173,114.02760567394726,27.478341647111016,w3,ever_broad,51,489631
EXPA2-174,109.20769501700396,26.57688225949708,w3,ever_broad,51,457847
EXPA2-175,126.84804699855162,47.96886836211309,w1,mixed,92,879868
EXPA2-176,125.16244819942976,46.49661944296961,w1,mixed,92,879832
EXPA2-177,125.84759326662771,43.1804885716424,w1,mixed,92,879676
EXPA2-178,126.66658731115949,45.19010969374618,w1,mixed,91,9000029
EXPA2-179,125.2784207026096,42.82628285511407,w1,mixed,91,9000938
EXPA2-180,125.50596396407707,43.49283279593075,w1,mixed,92,879682
EXPA2-181,126.60684934476554,43.52786709201142,w1,mixed,92,879717
EXPA2-182,126.63101402590836,43.46776979950382,w1,mixed,92,879720
EXPA2-183,126.62185121001033,43.39033502201272,w1,mixed,92,879716
EXPA2-184,125.0973203413311,43.03765644146739,w1,mixed,91,878401
EXPA2-185,109.89998169071067,34.30082165117775,w2,mixed,92,879390
EXPA2-186,106.03048860436584,34.91832357748151,w2,mixed,92,879388
EXPA2-187,108.75516869262876,34.91967105040769,w2,mixed,92,879389
