point_id,lon,lat,zone,src,orig_id,wc,code
EXPB-000,104.512575,25.451628,w7,wc20,M3A-w7-3049,20,
EXPB-001,103.067545,25.745916,w7,m3a,M3A-w7-2912,40,
EXPB-002,104.977992,25.734327,w7,wc20,M3A-w7-3035,20,
EXPB-003,102.92600081397718,24.82090045786444,w7,fcs10layer_audit,M5A-14718,,120
EXPB-004,109.587697,23.890445,w3,m3a,M3A-w3-0831,60,
EXPB-005,101.79331507223088,24.052212069243364,w7,fcs10layer_audit,M5A-14449,,120
EXPB-006,111.46053500228312,25.98853066416299,w3,fcs10layer_m3bA,M3B-A066,,
EXPB-007,104.748383,26.477324,w7,wc20,M3A-w7-3040,20,
EXPB-008,113.936801,23.517195,w3,m3a,M3A-w3-0914,30,
EXPB-009,109.3251497404026,25.15372627063072,w3,fcs10layer_m3bA,M3B-A277,,
EXPB-010,111.99772754218658,24.648513754841904,w3,fcs10layer_m3bA,M3B-A091,,
EXPB-011,101.7979863117083,24.38413956672553,w7,fcs10layer_audit,M5A-13896,,120
EXPB-012,102.649559,24.72534,w7,m3a,M3A-w7-2970,80,
EXPB-013,104.83078854242422,24.05014594408989,w7,fcs10layer_audit,M5A-13349,,120
EXPB-014,105.393284,26.598866,w7,wc20,M3A-w7-3017,20,
EXPB-015,105.47281447598444,25.37587964039348,w7,fcs10layer_audit,M5A-14011,,120
EXPB-016,113.1808986029004,27.32432549164872,w3,fcs10layer_m3bA,M3B-A239,,
EXPB-017,105.352859,25.651323,w7,m3a,M3A-w7-3128,40,
EXPB-018,112.445687,28.815729,w3,wc20,M3A-w3-0871,20,
EXPB-019,102.98160653006418,25.62749775147536,w7,fcs10layer_audit,M5A-14548,,120
EXPB-020,103.26152157259584,25.917833251302785,w7,fcs10layer_audit,M5A-13933,,120
EXPB-021,103.892468,23.633348,w7,m3a,M3A-w7-3083,30,
EXPB-022,105.269855,24.592748,w7,wc20,M3A-w7-3026,20,
EXPB-023,101.86167686535236,23.88449660569825,w7,fcs10layer_audit,M5A-11359,,120
EXPB-024,113.643591,25.091044,w3,wc20,M3A-w3-0874,20,
EXPB-025,109.610604,23.125081,w3,wc20,M3A-w3-0887,20,
EXPB-026,113.43898458402792,28.452519656974427,w3,fcs10layer_m3bA,M3B-A074,,
EXPB-027,112.669098,27.825875,w3,m3a,M3A-w3-0807,40,
EXPB-028,110.41444685392592,24.92627284069166,w3,fcs10layer_m3bA,M3B-A270,,
EXPB-029,104.777488,25.672883,w7,wc20,M3A-w7-3018,20,
EXPB-030,112.783634,28.792821,w3,m3a,M3A-w3-1054,90,
EXPB-031,102.902076,24.95468,w7,m3a,M3A-w7-2932,50,
EXPB-032,104.752156,26.812036,w7,m3a,M3A-w7-2868,30,
EXPB-033,105.007098,25.846168,w7,wc20,M3A-w7-3042,20,
EXPB-034,105.294379,26.644411,w7,wc20,M3A-w7-3015,20,
EXPB-035,110.069823,23.55762,w3,wc20,M3A-w3-0869,20,
EXPB-036,109.19462452962004,24.872194260587666,w3,fcs10layer_m3bA,M3B-A253,,
EXPB-037,113.672966,24.02142,w3,wc20,M3A-w3-0893,20,
EXPB-038,103.234093,26.564371,w7,wc20,M3A-w7-3050,20,
EXPB-039,109.748586,23.120769,w3,wc20,M3A-w3-0881,20,
EXPB-040,112.445148,28.821118,w3,wc20,M3A-w3-0896,20,
EXPB-041,103.177769,26.349314,w7,m3a,M3A-w7-2919,40,
EXPB-042,111.68170022523331,25.271585235907203,w3,fcs10layer_m3bA,M3B-A274,,
EXPB-043,111.095519,28.372949,w3,m3a,M3A-w3-1026,60,
EXPB-044,104.087852,25.925938,w7,m3a,M3A-w7-2917,40,
EXPB-045,103.406839,24.8264,w7,m3a,M3A-w7-3207,80,
EXPB-046,110.15429474764493,25.48179101239117,w3,fcs10layer_m3bA,M3B-A057,,
EXPB-047,111.913166,27.79111,w3,m3a,M3A-w3-0925,30,
EXPB-048,103.689808,26.338804,w7,m3a,M3A-w7-2911,40,
EXPB-049,102.52562169184512,24.897436920071424,w7,fcs10layer_audit,M5A-10755,,120
EXPB-050,104.817374,24.992678,w7,wc20,M3A-w7-3006,20,
EXPB-051,104.863996,25.306101,w7,m3a,M3A-w7-2935,60,
EXPB-052,112.147896,26.572995,w3,m3a,M3A-w3-0819,50,
EXPB-053,103.689838300064,23.90003746011352,w7,fcs10layer_audit,M5A-14246,,120
EXPB-054,113.885866,23.183831,w3,m3a,M3A-w3-1017,60,
EXPB-055,109.3624,23.387838,w3,m3a,M3A-w3-0804,40,
EXPB-056,110.80835810601234,28.37679167852315,w3,fcs10layer_m3bA,M3B-A090,,
EXPB-057,108.35961,27.090963,w3,m3a,M3A-w3-0928,30,
EXPB-058,105.073663,26.933309,w7,wc20,M3A-w7-3036,20,
EXPB-059,101.89060261750102,23.94387524597855,w7,fcs10layer_audit,M5A-18823,,121
EXPB-060,112.82435726663336,26.042070255096515,w3,fcs10layer_m3bA,M3B-A003,,
EXPB-061,108.22543216958348,23.62811742361054,w3,fcs10layer_m3bA,M3B-A298,,
EXPB-062,110.5472178529188,26.46652422684299,w3,fcs10layer_m3bA,M3B-A114,,
EXPB-063,109.355932,24.308162,w3,m3a,M3A-w3-0822,50,
EXPB-064,103.31353402754634,25.76251453867852,w7,fcs10layer_audit,M5A-19096,,121
EXPB-065,110.26820112567128,25.76826375649689,w3,fcs10layer_m3bA,M3B-A271,,
EXPB-066,112.48153,28.879329,w3,wc20,M3A-w3-0891,20,
EXPB-067,101.861018,26.688338,w7,m3a,M3A-w7-2990,10,
EXPB-068,103.0788042438059,25.27275304577656,w7,fcs10layer_audit,M5A-16271,,121
EXPB-069,112.312288,28.794438,w3,m3a,M3A-w3-0832,80,
EXPB-070,112.793066,28.661578,w3,wc20,M3A-w3-0902,20,
EXPB-071,112.120407,23.083579,w3,m3a,M3A-w3-1047,80,
EXPB-072,104.29224852959456,24.51286814693985,w7,fcs10layer_audit,M5A-15889,,121
EXPB-073,103.37084654267316,24.65246634209203,w7,fcs10layer_audit,M5A-12092,,120
EXPB-074,108.999121,23.270069,w3,wc20,M3A-w3-0884,20,
EXPB-075,108.95423535958965,23.85673866341896,w3,fcs10layer_m3bA,M3B-A182,,
EXPB-076,113.1215199626201,27.663170016818604,w3,fcs10layer_m3bA,M3B-A037,,
EXPB-077,101.624941,24.696773,w7,m3a,M3A-w7-3178,60,
EXPB-078,103.96580075534553,23.851169108657416,w7,fcs10layer_audit,M5A-15814,,121
EXPB-079,110.94598000753945,23.623895341775174,w3,fcs10layer_m3bA,M3B-A262,,
EXPB-080,104.998743,25.389105,w7,wc20,M3A-w7-3022,20,
EXPB-081,102.62057361737656,24.78272205828936,w7,fcs10layer_audit,M5A-10103,,120
EXPB-082,104.873159,23.563549,w7,m3a,M3A-w7-2945,60,
EXPB-083,108.312988,28.100759,w3,m3a,M3A-w3-0948,30,
EXPB-084,102.09979,25.267024,w7,m3a,M3A-w7-3153,50,
EXPB-085,112.435447,28.639749,w3,m3a,M3A-w3-0857,90,
EXPB-086,104.62309804873578,25.58680406910474,w7,fcs10layer_audit,M5A-13549,,120
EXPB-087,105.02787891576004,23.77175803754125,w7,fcs10layer_audit,M5A-11927,,120
EXPB-088,112.45847345141148,24.68498535537716,w3,fcs10layer_m3bA,M3B-A081,,
EXPB-089,111.740959,26.684296,w3,m3a,M3A-w3-1042,80,
EXPB-090,105.468473,26.473821,w7,wc20,M3A-w7-3023,20,
EXPB-091,105.386816,25.089427,w7,m3a,M3A-w7-3202,60,
EXPB-092,105.070699,26.333683,w7,wc20,M3A-w7-3037,20,
EXPB-093,105.476557,26.486217,w7,wc20,M3A-w7-3025,20,
EXPB-094,102.86219,24.528339,w7,m3a,M3A-w7-2981,80,
EXPB-095,109.10964390374232,27.36501917401933,w3,fcs10layer_m3bA,M3B-A206,,
EXPB-096,108.970824,23.079536,w3,m3a,M3A-w3-0798,40,
EXPB-097,102.91234642165855,25.79718950864553,w7,fcs10layer_audit,M5A-19584,,121
EXPB-098,112.742131,28.999524,w3,m3a,M3A-w3-1066,90,
EXPB-099,109.40896255641094,24.976937822716,w3,fcs10layer_m3bA,M3B-A156,,
EXPB-100,102.846021,24.852272,w7,m3a,M3A-w7-3162,50,
EXPB-101,105.25099,24.628861,w7,wc20,M3A-w7-3032,20,
EXPB-102,105.494344,26.501848,w7,wc20,M3A-w7-3021,20,
EXPB-103,103.66827873324516,23.51915177964684,w7,fcs10layer_audit,M5A-10886,,120
EXPB-104,104.534404,25.978759,w7,m3a,M3A-w7-3190,60,
EXPB-105,109.419533,27.757693,w3,m3a,M3A-w3-0755,10,
EXPB-106,112.732969,28.818693,w3,m3a,M3A-w3-0806,40,
EXPB-107,112.22230636321646,26.228650339608137,w3,fcs10layer_m3bA,M3B-A108,,
EXPB-108,103.573387,23.906885,w7,m3a,M3A-w7-3001,10,
EXPB-109,102.685941,25.787418,w7,m3a,M3A-w7-3004,10,
EXPB-110,102.60431411073398,25.6488776552374,w7,fcs10layer_audit,M5A-14139,,120
EXPB-111,109.89072904328424,25.472358701907915,w3,fcs10layer_m3bA,M3B-A179,,
EXPB-112,109.84749,23.272494,w3,wc20,M3A-w3-0880,20,
EXPB-113,113.051781,23.51504,w3,wc20,M3A-w3-0889,20,
EXPB-114,101.76358083632653,23.67923156327694,w7,fcs10layer_audit,M5A-13209,,120
EXPB-115,113.669732,23.653829,w3,wc20,M3A-w3-0870,20,
EXPB-116,105.210566,25.713037,w7,wc20,M3A-w7-3039,20,
EXPB-117,109.961756,23.083848,w3,m3a,M3A-w3-0799,40,
EXPB-118,111.23916,24.958722,w3,wc20,M3A-w3-0878,20,
EXPB-119,109.999485,23.275728,w3,wc20,M3A-w3-0905,20,
EXPB-120,108.296818,26.254182,w3,wc20,M3A-w3-0886,20,
EXPB-121,113.02782567848644,23.073856893308797,w3,fcs10layer_m3bA,M3B-A181,,
EXPB-122,110.327999,24.966807,w3,wc20,M3A-w3-0903,20,
EXPB-123,112.617625,28.715477,w3,m3a,M3A-w3-0808,40,
EXPB-124,112.14008,26.95918,w3,m3a,M3A-w3-0992,50,
EXPB-125,105.221615,25.716541,w7,wc20,M3A-w7-3064,20,
EXPB-126,109.936962,23.183561,w3,wc20,M3A-w3-0882,20,
EXPB-127,103.982479,23.700991,w7,m3a,M3A-w7-2920,40,
EXPB-128,112.863404,28.877712,w3,m3a,M3A-w3-1071,90,
EXPB-129,103.234632,26.776194,w7,wc20,M3A-w7-3020,20,
EXPB-130,108.913691,23.384604,w3,wc20,M3A-w3-0885,20,
EXPB-131,112.98030479995651,27.367444625286456,w3,fcs10layer_m3bA,M3B-A080,,
EXPB-132,104.13037211539624,24.596052142249324,w7,fcs10layer_audit,M5A-12033,,120
EXPB-133,102.68621,25.049542,w7,m3a,M3A-w7-2921,50,
EXPB-134,102.604015,25.222288,w7,m3a,M3A-w7-3183,60,
EXPB-135,109.583924,25.353801,w3,m3a,M3A-w3-0868,10,
EXPB-136,102.83039,25.126348,w7,m3a,M3A-w7-2944,60,
EXPB-137,102.92851609677273,25.128124285033312,w7,fcs10layer_audit,M5A-18814,,121
EXPB-138,113.358196,23.759202,w3,wc20,M3A-w3-0890,20,
EXPB-139,110.58171315982898,23.737352562159472,w3,fcs10layer_m3bA,M3B-A244,,
