point_id,lon,lat,A00,A01,A02,A03,A04,A05,A06,A07,A08,A09,A10,A11,A12,A13,A14,A15,A16,A17,A18,A19,A20,A21,A22,A23,A24,A25,A26,A27,A28,A29,A30,A31,A32,A33,A34,A35,A36,A37,A38,A39,A40,A41,A42,A43,A44,A45,A46,A47,A48,A49,A50,A51,A52,A53,A54,A55,A56,A57,A58,A59,A60,A61,A62,A63,s1_vv_w,s1_vh_w,s1_vv_s,s1_vh_s,ndvi_djf,ndwi_djf,mndwi_djf,ndvi_mam,ndwi_mam,mndwi_mam,ndvi_jja,ndwi_jja,mndwi_jja,ndvi_son,ndwi_son,mndwi_son,dem,slope
EXPC4-000,134.1804107578846,46.20336441846879,-0.07535563244905807,-0.019930795847750864,0.11374086889657825,-0.07111111111111111,0.003936947327950788,-0.16633602460592078,-0.08421376393694734,0.40359861591695495,0.1929104190695886,-0.010396001537870049,0.34602076124567477,-0.06698961937716265,-0.029773164167627833,-0.044844290657439445,-0.19986159169550174,0.13016532103037293,0.019930795847750864,-0.13016532103037293,-0.14173010380622836,-0.08882737408688965,0.1929104190695886,-0.00024605920799692423,0.029773164167627833,-0.05536332179930796,0.186082276047674,0.1085121107266436,-0.01384083044982699,0.13016532103037293,0.16633602460592078,0.007443291041906958,-0.008858131487889272,0.05173394848135333,-0.05911572472126105,0.03254133025759323,0.0629911572472126,0.06698961937716265,0.01384083044982699,-0.17279507881584008,0.05911572472126105,-0.14769703960015382,-0.07111111111111111,-0.11374086889657825,0.029773164167627833,0.05536332179930796,-0.05173394848135333,0.08882737408688965,0.2288965782391388,-0.2288965782391388,0.1085121107266436,-0.05536332179930796,0.022206843521722412,0.007443291041906958,-0.12456747404844293,0.03543252595155709,0.08882737408688965,0.22145328719723184,0.1929104190695886,-0.003936947327950788,-0.019930795847750864,-0.08421376393694734,-0.17279507881584008,0.05536332179930796,-0.0271280276816609,0.041584006151480196,,,,,0.11129431426525116,-0.11774460971355438,0.3545512557029724,0.4297664761543274,-0.559695839881897,-0.3552338480949402,0.8639485836029053,-0.7484930157661438,-0.5227765440940857,0.5496944189071655,-0.6596624255180359,-0.5300832390785217,136.47470092773438,0.03902566060423851
EXPC4-001,134.070816293222,44.30755984286295,-0.041584006151480196,-0.0629911572472126,0.17937716262975778,-0.07972318339100345,-0.002214532871972318,-0.186082276047674,-0.13016532103037293,0.39369473279507883,0.22145328719723184,0.07111111111111111,0.3014225297962323,-0.07111111111111111,-0.044844290657439445,-0.041584006151480196,-0.186082276047674,0.09356401384083046,-0.003014225297962322,-0.07111111111111111,-0.08421376393694734,-0.14173010380622836,0.21413302575932336,0.03844675124951941,0.041584006151480196,-0.07535563244905807,0.10340638216070744,0.0629911572472126,-0.12456747404844293,0.12456747404844293,0.2364628988850442,-0.017777777777777778,0.07535563244905807,0.09356401384083046,-0.07111111111111111,0.08882737408688965,0.07111111111111111,0.05911572472126105,0.05173394848135333,-0.186082276047674,0.041584006151480196,-0.13016532103037293,-0.07111111111111111,-0.08421376393694734,0.012056901191849288,0.11909265667051133,-0.08421376393694734,0.08421376393694734,0.17937716262975778,-0.2288965782391388,0.10340638216070744,-0.07972318339100345,0.003014225297962322,-0.03254133025759323,-0.11374086889657825,0.041584006151480196,0.07972318339100345,0.1929104190695886,0.17279507881584008,-0.004982698961937716,-0.09356401384083046,-0.08421376393694734,-0.14769703960015382,0.07111111111111111,-0.01384083044982699,0.008858131487889272,,,,,0.29128631949424744,-0.28680118918418884,0.11536471545696259,0.292268842458725,-0.3084245026111603,0.10964212566614151,0.900148868560791,-0.7732421159744263,-0.5555090308189392,0.6893558502197266,-0.6805271506309509,-0.6146889328956604,447.2779235839844,0.11283154040575027
EXPC4-002,134.32593783391195,46.1853981127864,-0.0629911572472126,0.03543252595155709,0.16000000000000003,-0.13588619761630144,0.044844290657439445,-0.1929104190695886,-0.14173010380622836,0.4444444444444444,0.2069357939254133,0.004982698961937716,0.22145328719723184,-0.06698961937716265,-0.03254133025759323,-0.0271280276816609,-0.2761399461745483,0.16633602460592078,0.019930795847750864,-0.0629911572472126,-0.15378700499807765,-0.09842368319876971,0.17279507881584008,0.11374086889657825,-0.017777777777777778,-0.03254133025759323,0.16000000000000003,0.04822760476739715,-0.05911572472126105,0.16000000000000003,0.17279507881584008,-0.003014225297962322,0.010396001537870049,-0.0271280276816609,-0.12456747404844293,0.06698961937716265,0.07972318339100345,0.07535563244905807,-0.010396001537870049,-0.16000000000000003,0.010396001537870049,-0.1085121107266436,-0.024605920799692427,-0.03844675124951941,0.044844290657439445,-0.007443291041906958,-0.0629911572472126,0.14769703960015382,0.2069357939254133,-0.2069357939254133,0.044844290657439445,-0.1085121107266436,0.05911572472126105,0.003936947327950788,-0.08882737408688965,-0.05536332179930796,0.017777777777777778,0.19986159169550174,0.16633602460592078,0.03254133025759323,-0.05173394848135333,-0.0271280276816609,-0.17279507881584008,0.03543252595155709,-0.1085121107266436,0.006151480199923107,,,,,0.052284643054008484,-0.08294788748025894,0.47703003883361816,0.49581485986709595,-0.5997893810272217,-0.43682846426963806,0.8706210851669312,-0.7676685452461243,-0.5185185074806213,0.6377952694892883,-0.7383129000663757,-0.5513767600059509,222.58078002929688,0.03902566060423851
EXPC4-003,130.5720579246333,42.56985875726215,-0.07535563244905807,-0.041584006151480196,0.11909265667051133,-0.05173394848135333,-0.03844675124951941,-0.22145328719723184,-0.14173010380622836,0.37425605536332185,0.13016532103037293,0.019930795847750864,0.3014225297962323,-0.05536332179930796,-0.0271280276816609,-0.05911572472126105,-0.14769703960015382,0.07972318339100345,-0.03543252595155709,-0.019930795847750864,-0.29287197231833906,0.003014225297962322,0.13016532103037293,-0.01574778931180315,0.03844675124951941,0.019930795847750864,0.15378700499807765,0.16000000000000003,-0.0271280276816609,0.007443291041906958,0.17279507881584008,0.07111111111111111,-0.04822760476739715,0.09356401384083046,0.003936947327950788,0.017777777777777778,0.09356401384083046,0.029773164167627833,-0.012056901191849288,-0.17937716262975778,0.13588619761630144,-0.19986159169550174,-0.03543252595155709,-0.1085121107266436,0.09356401384083046,0.05536332179930796,-0.03254133025759323,0.05173394848135333,0.31009611687812383,-0.14769703960015382,0.14173010380622836,-0.05911572472126105,0.0271280276816609,0.029773164167627833,-0.11909265667051133,0.11909265667051133,0.007443291041906958,0.1085121107266436,0.16633602460592078,-0.041584006151480196,-0.08882737408688965,-0.04822760476739715,-0.19986159169550174,0.01574778931180315,-0.11909265667051133,0.044844290657439445,-11.096774583889687,-18.023183363027634,-8.721394400933221,-17.870189901828752,0.1325301229953766,-0.15845070779323578,-0.002087682718411088,0.354791522026062,-0.43426913022994995,-0.5560619831085205,0.8586932420730591,-0.7821193337440491,-0.6079480051994324,0.5204868316650391,-0.6010252237319946,-0.6350136995315552,126.85684967041016,0.31866714358329773
EXPC4-004,131.30544252258846,45.5292686292655,-0.07535563244905807,0.017777777777777778,0.14173010380622836,-0.12456747404844293,-0.003936947327950788,-0.2364628988850442,-0.16000000000000003,0.454963475586313,0.19986159169550174,0.019930795847750864,0.2364628988850442,-0.08882737408688965,-0.03844675124951941,-0.029773164167627833,-0.2288965782391388,0.1085121107266436,-0.01384083044982699,-0.029773164167627833,-0.186082276047674,-0.08882737408688965,0.14769703960015382,0.1085121107266436,-0.003014225297962322,-0.01384083044982699,0.17279507881584008,0.1085121107266436,-0.03543252595155709,0.11909265667051133,0.1929104190695886,0.012056901191849288,-0.01384083044982699,0.024605920799692427,-0.11909265667051133,0.04822760476739715,0.09842368319876971,0.07972318339100345,-0.002214532871972318,-0.17937716262975778,0.09842368319876971,-0.13016532103037293,-0.024605920799692427,-0.05911572472126105,0.08882737408688965,-0.019930795847750864,-0.1085121107266436,0.13016532103037293,0.2519646289888504,-0.16633602460592078,0.044844290657439445,-0.09356401384083046,0.041584006151480196,0.000984236831987697,-0.06698961937716265,-0.010396001537870049,-0.0015378700499807767,0.15378700499807765,0.13016532103037293,0.04822760476739715,-0.07972318339100345,-0.012056901191849288,-0.14769703960015382,0.022206843521722412,-0.12456747404844293,-0.0271280276816609,,,,,0.09884322434663773,-0.14762793481349945,0.38360968232154846,0.37859007716178894,-0.47133758664131165,-0.4872586727142334,0.8715783953666687,-0.7597113847732544,-0.4967254400253296,0.594936728477478,-0.6952504515647888,-0.523326575756073,325.8261413574219,0.10226807743310928
EXPC4-005,134.6133987248302,47.0459841549729,-0.06698961937716265,-0.07972318339100345,0.13016532103037293,-0.05173394848135333,-0.0629911572472126,-0.10340638216070744,-0.11909265667051133,0.41362552864282975,0.21413302575932336,-0.024605920799692427,0.39369473279507883,-0.017777777777777778,0.003014225297962322,-0.03543252595155709,-0.1085121107266436,0.041584006151480196,0.05536332179930796,-0.05536332179930796,-0.08421376393694734,-0.14769703960015382,0.17937716262975778,-0.11374086889657825,0.05536332179930796,-0.0271280276816609,0.16000000000000003,0.12456747404844293,-0.07972318339100345,0.07972318339100345,0.1929104190695886,0.019930795847750864,0.05173394848135333,0.13016532103037293,0.022206843521722412,0.14769703960015382,-0.0015378700499807767,0.0271280276816609,0.029773164167627833,-0.13588619761630144,0.08882737408688965,-0.08421376393694734,-0.13588619761630144,-0.186082276047674,0.06698961937716265,0.09356401384083046,-0.0629911572472126,0.08421376393694734,0.11374086889657825,-0.13016532103037293,0.11909265667051133,-0.03844675124951941,0.022206843521722412,-0.1085121107266436,-0.11909265667051133,0.03254133025759323,0.16633602460592078,0.17937716262975778,0.17279507881584008,0.022206843521722412,-0.07535563244905807,-0.11374086889657825,-0.16000000000000003,0.11374086889657825,0.05911572472126105,0.08421376393694734,,,,,0.2927453815937042,-0.27140459418296814,0.17615176737308502,0.42446669936180115,-0.41034483909606934,-0.2305961698293686,0.8693816065788269,-0.7540333867073059,-0.565173864364624,0.7007762789726257,-0.674774169921875,-0.596203625202179,437.0614318847656,0.053358353674411774
EXPC4-006,134.77329884540347,46.4063836726798,-0.03543252595155709,-0.01574778931180315,0.15378700499807765,-0.07535563244905807,0.01574778931180315,-0.17279507881584008,-0.14173010380622836,0.41362552864282975,0.186082276047674,0.03543252595155709,0.29287197231833906,-0.01574778931180315,-0.04822760476739715,-0.05536332179930796,-0.2364628988850442,0.09356401384083046,-0.01384083044982699,-0.0629911572472126,-0.14769703960015382,-0.029773164167627833,0.1929104190695886,0.05536332179930796,0.01384083044982699,-0.041584006151480196,0.15378700499807765,0.03844675124951941,-0.0629911572472126,0.12456747404844293,0.15378700499807765,0.0005536332179930795,0.041584006151480196,0.08882737408688965,-0.06698961937716265,0.07111111111111111,0.05536332179930796,0.10340638216070744,0.04822760476739715,-0.2364628988850442,0.03844675124951941,-0.11374086889657825,-0.09356401384083046,-0.05911572472126105,0.0271280276816609,0.05173394848135333,-0.041584006151480196,0.12456747404844293,0.24415224913494812,-0.29287197231833906,0.08882737408688965,-0.09842368319876971,0.012056901191849288,-0.022206843521722412,-0.09356401384083046,-0.029773164167627833,0.03543252595155709,0.17279507881584008,0.17937716262975778,0.003014225297962322,-0.05911572472126105,-0.08421376393694734,-0.14173010380622836,0.05911572472126105,-0.10340638216070744,-0.01574778931180315,,,,,0.16786354780197144,-0.18867062032222748,0.26766595244407654,0.5366470217704773,-0.6042216420173645,-0.43253466486930847,0.8899595737457275,-0.7891123294830322,-0.5889101624488831,0.7067338228225708,-0.7639024257659912,-0.6388059854507446,178.10829162597656,0.03902566060423851
EXPC4-007,134.81282471790473,47.11784937770246,0.007443291041906958,-0.019930795847750864,0.2069357939254133,-0.06698961937716265,-0.022206843521722412,-0.13588619761630144,-0.14769703960015382,0.41362552864282975,0.186082276047674,0.04822760476739715,0.28444444444444444,0.008858131487889272,-0.05536332179930796,-0.05911572472126105,-0.16000000000000003,0.05911572472126105,-0.007443291041906958,-0.029773164167627833,-0.0271280276816609,-0.09842368319876971,0.2069357939254133,0.024605920799692427,0.06698961937716265,-0.07972318339100345,0.13016532103037293,0.05173394848135333,-0.10340638216070744,0.12456747404844293,0.17937716262975778,-0.03844675124951941,0.11374086889657825,0.14173010380622836,-0.029773164167627833,0.09842368319876971,0.029773164167627833,0.10340638216070744,0.08882737408688965,-0.2599000384467512,0.041584006151480196,-0.08421376393694734,-0.15378700499807765,-0.06698961937716265,-0.022206843521722412,0.11909265667051133,-0.06698961937716265,0.13016532103037293,0.16000000000000003,-0.24415224913494812,0.07972318339100345,-0.09356401384083046,0.01384083044982699,-0.11374086889657825,-0.11374086889657825,-0.017777777777777778,0.05911572472126105,0.13588619761630144,0.17937716262975778,0.029773164167627833,-0.12456747404844293,-0.09842368319876971,-0.13588619761630144,0.08882737408688965,-0.0271280276816609,-0.010396001537870049,,,,,0.25313806533813477,-0.2877104878425598,0.14979757368564606,0.3586956560611725,-0.3925294876098633,-0.018788039684295654,0.9014050960540771,-0.7994140386581421,-0.5707740783691406,0.7117516398429871,-0.6593229174613953,-0.5977157354354858,441.9718017578125,0.053358353674411774
EXPC4-008,130.55948151065562,48.72259980125358,-0.04822760476739715,-0.017777777777777778,0.19986159169550174,-0.12456747404844293,-0.00024605920799692423,-0.15378700499807765,-0.17937716262975778,0.41362552864282975,0.16633602460592078,0.03543252595155709,0.24415224913494812,-0.04822760476739715,0.004982698961937716,-0.022206843521722412,-0.2288965782391388,0.11909265667051133,0.041584006151480196,-0.0629911572472126,-0.186082276047674,-0.022206843521722412,0.17279507881584008,0.06698961937716265,0.017777777777777778,-0.044844290657439445,0.14173010380622836,0.044844290657439445,0.003014225297962322,0.14769703960015382,0.2288965782391388,-0.0015378700499807767,0.017777777777777778,0.04822760476739715,-0.12456747404844293,0.03254133025759323,0.003936947327950788,0.11909265667051133,0.022206843521722412,-0.2069357939254133,0.022206843521722412,-0.09842368319876971,-0.05911572472126105,-0.044844290657439445,-0.003936947327950788,0.03844675124951941,-0.044844290657439445,0.13016532103037293,0.2364628988850442,-0.28444444444444444,0.05536332179930796,-0.07111111111111111,0.05173394848135333,-0.019930795847750864,-0.09842368319876971,-0.03844675124951941,0.01574778931180315,0.16633602460592078,0.14173010380622836,-0.012056901191849288,-0.07972318339100345,-0.09356401384083046,-0.19986159169550174,0.03254133025759323,-0.13016532103037293,0.01574778931180315,,,,,0.11720983684062958,-0.17569193243980408,0.3817448318004608,0.4408157765865326,-0.539231538772583,-0.48358356952667236,0.8924731016159058,-0.781566321849823,-0.5349364876747131,0.578352689743042,-0.6776232719421387,-0.5363636612892151,132.89393615722656,0.0640474185347557
EXPC4-009,130.89185816577987,46.28421279403955,-0.06698961937716265,-0.0629911572472126,0.16633602460592078,-0.0629911572472126,-0.11374086889657825,-0.11374086889657825,-0.15378700499807765,0.4982698961937717,0.17937716262975778,-0.019930795847750864,0.34602076124567477,-0.08882737408688965,0.05536332179930796,-0.01574778931180315,-0.10340638216070744,0.00024605920799692423,0.00024605920799692423,-0.044844290657439445,-0.07972318339100345,-0.14173010380622836,0.12456747404844293,-0.08421376393694734,0.01384083044982699,-0.004982698961937716,0.17279507881584008,0.15378700499807765,-0.044844290657439445,0.12456747404844293,0.17937716262975778,-0.003936947327950788,0.07111111111111111,0.0629911572472126,-0.007443291041906958,0.11909265667051133,0.029773164167627833,0.03543252595155709,-0.03844675124951941,-0.15378700499807765,0.08882737408688965,-0.0629911572472126,-0.14769703960015382,-0.14173010380622836,0.0629911572472126,0.07535563244905807,-0.12456747404844293,0.07535563244905807,0.13588619761630144,-0.09356401384083046,0.14173010380622836,-0.05911572472126105,0.024605920799692427,-0.03543252595155709,-0.10340638216070744,0.03254133025759323,0.12456747404844293,0.15378700499807765,0.17279507881584008,0.03254133025759323,-0.11909265667051133,-0.04822760476739715,-0.1929104190695886,0.029773164167627833,-0.022206843521722412,0.1085121107266436,,,,,0.10256051272153854,-0.1281317174434662,0.10747408866882324,0.4512999653816223,-0.5062424540519714,-0.43671032786369324,0.7988890409469604,-0.6828780770301819,-0.38069215416908264,0.49093306064605713,-0.5133869051933289,-0.2686116695404053,329.7132568359375,0.0630452111363411
EXPC4-010,131.6881248336234,49.01904384501302,-0.03254133025759323,-0.05911572472126105,0.21413302575932336,-0.14769703960015382,-0.019930795847750864,-0.13588619761630144,-0.15378700499807765,0.40359861591695495,0.15378700499807765,0.041584006151480196,0.3014225297962323,-0.09356401384083046,0.022206843521722412,0.007443291041906958,-0.21413302575932336,0.11909265667051133,0.03844675124951941,-0.05536332179930796,-0.13016532103037293,-0.11909265667051133,0.14769703960015382,0.041584006151480196,-0.012056901191849288,-0.06698961937716265,0.11909265667051133,0.06698961937716265,-0.03543252595155709,0.17279507881584008,0.2519646289888504,-0.017777777777777778,0.019930795847750864,0.05536332179930796,-0.14769703960015382,0.08421376393694734,0.017777777777777778,0.11374086889657825,0.0271280276816609,-0.15378700499807765,-0.017777777777777778,-0.09842368319876971,-0.05536332179930796,-0.09356401384083046,0.01384083044982699,0.07535563244905807,-0.07111111111111111,0.12456747404844293,0.14173010380622836,-0.2599000384467512,0.08882737408688965,-0.10340638216070744,0.05173394848135333,-0.008858131487889272,-0.05911572472126105,-0.024605920799692427,0.01384083044982699,0.22145328719723184,0.16000000000000003,0.00024605920799692423,-0.0629911572472126,-0.0629911572472126,-0.2069357939254133,0.06698961937716265,-0.029773164167627833,0.029773164167627833,,,,,0.08503960818052292,-0.12436115741729736,0.47258758544921875,0.24633155763149261,-0.3317764699459076,-0.3101429343223572,0.8229824304580688,-0.7137923836708069,-0.4803057014942169,0.5697149038314819,-0.6731982827186584,-0.5842838883399963,301.89215087890625,0.24815645813941956
EXPC4-011,132.63494914308535,44.282407014907605,-0.0271280276816609,-0.03254133025759323,0.17279507881584008,-0.11909265667051133,-0.01384083044982699,-0.186082276047674,-0.15378700499807765,0.42377547097270285,0.11909265667051133,0.041584006151480196,0.31009611687812383,-0.07111111111111111,-0.029773164167627833,-0.019930795847750864,-0.19986159169550174,0.05536332179930796,-0.019930795847750864,-0.10340638216070744,-0.2069357939254133,-0.08421376393694734,0.13588619761630144,-0.007443291041906958,-0.0015378700499807767,-0.05911572472126105,0.11374086889657825,0.12456747404844293,-0.08421376393694734,0.05173394848135333,0.2288965782391388,0.044844290657439445,-0.017777777777777778,0.044844290657439445,-0.09842368319876971,0.03543252595155709,0.05911572472126105,0.11374086889657825,0.06698961937716265,-0.14769703960015382,0.0271280276816609,-0.16633602460592078,-0.06698961937716265,-0.10340638216070744,0.0271280276816609,0.07972318339100345,-0.05911572472126105,0.11374086889657825,0.2288965782391388,-0.22145328719723184,0.17279507881584008,-0.10340638216070744,-0.006151480199923107,0.022206843521722412,-0.08421376393694734,0.05536332179930796,0.01574778931180315,0.14769703960015382,0.2069357939254133,-0.024605920799692427,-0.05911572472126105,-0.029773164167627833,-0.16000000000000003,0.012056901191849288,-0.05536332179930796,0.041584006151480196,,,,,0.14998410642147064,-0.09849749505519867,0.2997811734676361,0.5258368849754333,-0.5546615123748779,-0.44616052508354187,0.898747980594635,-0.7772342562675476,-0.5258134603500366,0.5774027705192566,-0.6220294237136841,-0.5097847580909729,139.95755004882812,0.06434763222932816
EXPC4-012,134.83977417642834,48.154864541690046,-0.06698961937716265,0.006151480199923107,0.14769703960015382,-0.11374086889657825,-0.007443291041906958,-0.1929104190695886,-0.13588619761630144,0.4340484429065744,0.22145328719723184,0.024605920799692427,0.2288965782391388,-0.024605920799692427,-0.03543252595155709,-0.017777777777777778,-0.2364628988850442,0.14769703960015382,-0.008858131487889272,-0.07111111111111111,-0.1085121107266436,-0.12456747404844293,0.186082276047674,0.1085121107266436,0.01384083044982699,-0.03844675124951941,0.14769703960015382,0.03844675124951941,-0.0629911572472126,0.15378700499807765,0.1929104190695886,-0.0271280276816609,0.022206843521722412,0.03844675124951941,-0.1085121107266436,0.041584006151480196,0.08421376393694734,0.11374086889657825,0.0271280276816609,-0.1929104190695886,-0.006151480199923107,-0.1085121107266436,-0.044844290657439445,-0.041584006151480196,0.017777777777777778,0.003936947327950788,-0.07111111111111111,0.14173010380622836,0.1929104190695886,-0.2364628988850442,0.03543252595155709,-0.1085121107266436,0.07111111111111111,-0.002214532871972318,-0.07535563244905807,-0.041584006151480196,0.010396001537870049,0.17279507881584008,0.186082276047674,0.03254133025759323,-0.07535563244905807,-0.0629911572472126,-0.1929104190695886,0.06698961937716265,-0.09356401384083046,-0.007443291041906958,,,,,0.06949040293693542,-0.0957789421081543,0.4265846610069275,0.4117647111415863,-0.4555712342262268,-0.3769168555736542,0.9188997745513916,-0.8211132287979126,-0.5983624458312988,0.6952981352806091,-0.7638698816299438,-0.584015429019928,371.661865234375,0.04811146482825279
EXPC4-013,130.87029859896097,44.08837091353779,-0.05536332179930796,-0.03543252595155709,0.17937716262975778,-0.10340638216070744,0.010396001537870049,-0.14769703960015382,-0.19986159169550174,0.39369473279507883,0.13588619761630144,0.05173394848135333,0.29287197231833906,-0.0629911572472126,-0.024605920799692427,-0.017777777777777778,-0.19986159169550174,0.07111111111111111,0.044844290657439445,-0.08421376393694734,-0.2679584775086506,0.01384083044982699,0.16633602460592078,-0.008858131487889272,0.07972318339100345,-0.05173394848135333,0.12456747404844293,0.0629911572472126,-0.05536332179930796,0.01574778931180315,0.21413302575932336,0.07535563244905807,-0.04822760476739715,0.1085121107266436,0.0,0.03543252595155709,0.07972318339100345,0.13016532103037293,0.029773164167627833,-0.16000000000000003,0.024605920799692427,-0.11909265667051133,-0.08882737408688965,-0.06698961937716265,0.044844290657439445,0.03543252595155709,-0.05911572472126105,0.11909265667051133,0.2599000384467512,-0.2364628988850442,0.08421376393694734,-0.07972318339100345,0.1085121107266436,0.03543252595155709,-0.09842368319876971,0.07972318339100345,0.05173394848135333,0.13588619761630144,0.15378700499807765,-0.03543252595155709,-0.05173394848135333,-0.07535563244905807,-0.186082276047674,0.024605920799692427,-0.1085121107266436,-0.05536332179930796,,,,,0.08627648651599884,-0.11662884801626205,0.43115219473838806,0.31702274084091187,-0.4387351870536804,-0.5623073577880859,0.68684983253479,-0.5612887144088745,-0.3583679497241974,0.43322476744651794,-0.5778321027755737,-0.5274584889411926,360.7680969238281,0.130340114235878
EXPC4-014,134.8433674375648,45.358588725282786,-0.006151480199923107,0.041584006151480196,0.2069357939254133,-0.13016532103037293,0.006151480199923107,-0.14173010380622836,-0.17937716262975778,0.48725874663590923,0.16000000000000003,0.07111111111111111,0.14769703960015382,-0.03844675124951941,-0.044844290657439445,-0.006151480199923107,-0.186082276047674,0.1085121107266436,0.019930795847750864,0.008858131487889272,-0.03254133025759323,-0.07972318339100345,0.2069357939254133,0.08882737408688965,0.01384083044982699,-0.07535563244905807,0.1085121107266436,-0.03543252595155709,-0.11909265667051133,0.12456747404844293,0.17279507881584008,-0.03543252595155709,0.13588619761630144,0.09356401384083046,-0.06698961937716265,0.14769703960015382,0.044844290657439445,0.16633602460592078,0.04822760476739715,-0.1929104190695886,-0.0629911572472126,-0.044844290657439445,-0.10340638216070744,0.041584006151480196,-0.022206843521722412,0.09842368319876971,-0.05173394848135333,0.21413302575932336,0.16000000000000003,-0.19986159169550174,0.03254133025759323,-0.13588619761630144,0.029773164167627833,-0.09356401384083046,-0.09356401384083046,-0.019930795847750864,0.07972318339100345,0.186082276047674,0.11909265667051133,0.09842368319876971,-0.1085121107266436,-0.044844290657439445,-0.12456747404844293,0.041584006151480196,-0.05911572472126105,-0.022206843521722412,,,,,0.3171372413635254,-0.3535762429237366,0.2562286853790283,0.575183093547821,-0.5640641450881958,-0.5251631140708923,0.8937954306602478,-0.7968708276748657,-0.6336681246757507,0.815912663936615,-0.785960853099823,-0.6840317249298096,548.8732299804688,0.285160630941391
EXPC4-015,130.18757898303014,43.462784149676956,0.029773164167627833,-0.07972318339100345,0.13016532103037293,-0.05173394848135333,-0.06698961937716265,-0.09356401384083046,-0.09842368319876971,0.3839138792772011,0.16633602460592078,0.07111111111111111,0.36472126105344094,-0.04822760476739715,-0.044844290657439445,-0.04822760476739715,-0.05173394848135333,0.022206843521722412,-0.019930795847750864,-0.044844290657439445,-0.0271280276816609,-0.11374086889657825,0.16633602460592078,-0.11909265667051133,0.10340638216070744,-0.07535563244905807,0.16633602460592078,0.06698961937716265,-0.15378700499807765,0.05536332179930796,0.14769703960015382,0.004982698961937716,0.09356401384083046,0.1929104190695886,0.07535563244905807,0.13016532103037293,0.008858131487889272,0.0629911572472126,0.029773164167627833,-0.24415224913494812,0.0629911572472126,-0.08882737408688965,-0.16633602460592078,-0.09842368319876971,-0.003014225297962322,0.16000000000000003,-0.05173394848135333,0.029773164167627833,0.1929104190695886,-0.1929104190695886,0.16000000000000003,-0.05536332179930796,0.041584006151480196,-0.13588619761630144,-0.14769703960015382,0.09356401384083046,0.07111111111111111,0.13588619761630144,0.13588619761630144,0.017777777777777778,-0.11909265667051133,-0.08882737408688965,-0.17279507881584008,0.11909265667051133,-0.004982698961937716,-0.006151480199923107,-13.85779038714195,-17.507170059276895,-10.204124606692574,-17.630513575357764,0.4578947424888611,-0.46109890937805176,-0.19921620190143585,0.4514106512069702,-0.4514106512069702,-0.3854258060455322,0.8361676335334778,-0.7323825359344482,-0.4795023500919342,0.6943907141685486,-0.6622390747070312,-0.5872463583946228,848.4188842773438,0.15145225822925568
EXPC4-016,132.00253518306522,46.92560990690089,-0.04822760476739715,-0.022206843521722412,0.10340638216070744,-0.12456747404844293,0.007443291041906958,-0.186082276047674,-0.11374086889657825,0.41362552864282975,0.14769703960015382,-0.010396001537870049,0.3553094963475586,-0.07972318339100345,-0.01574778931180315,-0.041584006151480196,-0.21413302575932336,0.12456747404844293,-0.006151480199923107,-0.13588619761630144,-0.16633602460592078,-0.05536332179930796,0.17279507881584008,0.022206843521722412,0.0629911572472126,-0.041584006151480196,0.17937716262975778,0.14173010380622836,0.03844675124951941,0.14173010380622836,0.1929104190695886,0.022206843521722412,-0.04822760476739715,0.004982698961937716,-0.07535563244905807,0.022206843521722412,0.07535563244905807,0.07972318339100345,-0.003936947327950788,-0.16633602460592078,0.05911572472126105,-0.13588619761630144,-0.07535563244905807,-0.10340638216070744,0.05173394848135333,-0.024605920799692427,-0.06698961937716265,0.08421376393694734,0.22145328719723184,-0.2069357939254133,0.1085121107266436,-0.017777777777777778,0.06698961937716265,0.007443291041906958,-0.1085121107266436,-0.029773164167627833,0.019930795847750864,0.1929104190695886,0.16633602460592078,0.003014225297962322,-0.029773164167627833,-0.07535563244905807,-0.17279507881584008,0.05536332179930796,-0.09842368319876971,0.024605920799692427,,,,,0.019037729129195213,-0.009256085380911827,0.5347849130630493,0.3887484073638916,-0.504279375076294,-0.5174941420555115,0.8797308802604675,-0.8026010394096375,-0.619510293006897,0.5391895771026611,-0.6976023316383362,-0.5772913694381714,79.16397857666016,0.06488724052906036
EXPC4-017,131.00899847882903,43.77180460741407,-0.05911572472126105,0.044844290657439445,0.13016532103037293,-0.15378700499807765,0.03254133025759323,-0.21413302575932336,-0.19986159169550174,0.454963475586313,0.13588619761630144,0.008858131487889272,0.06698961937716265,-0.0271280276816609,-0.05911572472126105,-0.03254133025759323,-0.21413302575932336,0.15378700499807765,0.029773164167627833,-0.0015378700499807767,-0.2364628988850442,0.019930795847750864,0.14769703960015382,0.1085121107266436,-0.010396001537870049,0.07111111111111111,0.17937716262975778,-0.017777777777777778,-0.03543252595155709,0.06698961937716265,0.06698961937716265,-0.017777777777777778,0.029773164167627833,0.07972318339100345,0.006151480199923107,0.006151480199923107,0.10340638216070744,0.16000000000000003,-0.01384083044982699,-0.1929104190695886,0.0271280276816609,-0.07111111111111111,-0.03543252595155709,0.041584006151480196,0.05536332179930796,-0.05173394848135333,-0.041584006151480196,0.22145328719723184,0.2599000384467512,-0.2364628988850442,-0.07535563244905807,-0.11909265667051133,0.0629911572472126,-0.002214532871972318,-0.05911572472126105,0.019930795847750864,-0.006151480199923107,0.14173010380622836,0.07111111111111111,0.024605920799692427,-0.06698961937716265,-0.0271280276816609,-0.11374086889657825,0.019930795847750864,-0.2761399461745483,-0.07535563244905807,,,,,0.06841058284044266,-0.09867361187934875,0.553798496723175,0.31316623091697693,-0.5132802128791809,-0.6148186922073364,0.8752831816673279,-0.7646135091781616,-0.5560727715492249,0.5764127969741821,-0.686867356300354,-0.4705490171909332,480.9266357421875,0.26213929057121277
EXPC4-018,133.60189571491162,45.41069101176172,-0.07111111111111111,-0.010396001537870049,0.10340638216070744,-0.1085121107266436,0.029773164167627833,-0.2069357939254133,-0.15378700499807765,0.39369473279507883,0.17937716262975778,-0.0005536332179930795,0.2679584775086506,-0.022206843521722412,-0.07535563244905807,-0.03844675124951941,-0.2364628988850442,0.14769703960015382,0.003936947327950788,-0.11909265667051133,-0.16633602460592078,-0.029773164167627833,0.19986159169550174,0.0629911572472126,0.044844290657439445,-0.03543252595155709,0.14769703960015382,0.08882737408688965,-0.019930795847750864,0.10340638216070744,0.21413302575932336,0.01384083044982699,-0.029773164167627833,0.017777777777777778,-0.08882737408688965,-0.000984236831987697,0.07111111111111111,0.13016532103037293,0.05173394848135333,-0.17937716262975778,0.0629911572472126,-0.15378700499807765,-0.05536332179930796,-0.08882737408688965,0.006151480199923107,0.03254133025759323,-0.03844675124951941,0.13588619761630144,0.2679584775086506,-0.2364628988850442,0.08421376393694734,-0.0629911572472126,0.0629911572472126,-0.007443291041906958,-0.11374086889657825,-0.019930795847750864,0.03254133025759323,0.17279507881584008,0.16633602460592078,0.002214532871972318,-0.01384083044982699,-0.08421376393694734,-0.17279507881584008,0.05911572472126105,-0.06698961937716265,-0.024605920799692427,,,,,0.05651398003101349,-0.07230188697576523,0.5134203433990479,0.3510074317455292,-0.48398369550704956,-0.3330824375152588,0.8728576898574829,-0.7617196440696716,-0.5722495913505554,0.6011893153190613,-0.6839691400527954,-0.6155211925506592,120.5173110961914,0.056132856756448746
EXPC4-019,134.42115925402862,44.52854540275635,-0.002214532871972318,-0.07535563244905807,0.186082276047674,-0.13016532103037293,-0.017777777777777778,-0.186082276047674,-0.11374086889657825,0.37425605536332185,0.17279507881584008,0.07972318339100345,0.3014225297962323,-0.09356401384083046,-0.007443291041906958,-0.022206843521722412,-0.186082276047674,0.07972318339100345,-0.007443291041906958,-0.1085121107266436,-0.06698961937716265,-0.12456747404844293,0.1929104190695886,0.003014225297962322,0.006151480199923107,-0.08421376393694734,0.10340638216070744,0.05911572472126105,-0.10340638216070744,0.16000000000000003,0.24415224913494812,-0.05911572472126105,0.07535563244905807,0.0629911572472126,-0.08882737408688965,0.08421376393694734,0.0629911572472126,0.10340638216070744,0.05173394848135333,-0.11909265667051133,0.03254133025759323,-0.11374086889657825,-0.12456747404844293,-0.10340638216070744,-0.017777777777777778,0.13016532103037293,-0.07111111111111111,0.10340638216070744,0.186082276047674,-0.2288965782391388,0.08882737408688965,-0.07972318339100345,0.022206843521722412,-0.019930795847750864,-0.09356401384083046,0.029773164167627833,0.08882737408688965,0.24415224913494812,0.17279507881584008,0.019930795847750864,-0.07535563244905807,-0.07972318339100345,-0.16633602460592078,0.07535563244905807,0.012056901191849288,0.029773164167627833,,,,,0.19985385239124298,-0.2153960019350052,0.41569283604621887,0.2622775137424469,-0.30712857842445374,0.27764126658439636,0.7185537815093994,-0.6013718247413635,-0.26706230640411377,0.6839186549186707,-0.6792626976966858,-0.5891381502151489,354.360107421875,0.11283154040575027
EXPC4-020,132.56847381206052,49.02802699785422,-0.05536332179930796,-0.08882737408688965,0.16633602460592078,-0.11909265667051133,-0.041584006151480196,-0.14769703960015382,-0.11374086889657825,0.3839138792772011,0.16000000000000003,0.01384083044982699,0.34602076124567477,-0.07535563244905807,0.029773164167627833,-0.029773164167627833,-0.1929104190695886,0.07535563244905807,-0.022206843521722412,-0.06698961937716265,-0.11909265667051133,-0.1085121107266436,0.16633602460592078,0.029773164167627833,0.007443291041906958,-0.05911572472126105,0.16633602460592078,0.12456747404844293,-0.03543252595155709,0.1929104190695886,0.186082276047674,-0.019930795847750864,0.024605920799692427,0.05911572472126105,-0.11909265667051133,0.05536332179930796,-0.010396001537870049,0.07111111111111111,0.012056901191849288,-0.1929104190695886,0.06698961937716265,-0.13016532103037293,-0.06698961937716265,-0.11909265667051133,0.05173394848135333,0.06698961937716265,-0.07535563244905807,0.08421376393694734,0.17937716262975778,-0.2599000384467512,0.11909265667051133,-0.07111111111111111,0.019930795847750864,0.0005536332179930795,-0.0629911572472126,-0.03254133025759323,0.012056901191849288,0.22145328719723184,0.186082276047674,-0.01384083044982699,-0.0629911572472126,-0.06698961937716265,-0.17937716262975778,0.07535563244905807,-0.05536332179930796,0.05173394848135333,,,,,0.13272543251514435,-0.1664058417081833,0.1992495357990265,0.4522033929824829,-0.48853370547294617,-0.4236491918563843,0.8711138963699341,-0.7693406343460083,-0.5369175672531128,0.5720306634902954,-0.6064996123313904,-0.5130813717842102,180.0107421875,0.15745660662651062
EXPC4-021,130.66188945304526,45.39991122835229,0.002214532871972318,-0.024605920799692427,0.2288965782391388,-0.1929104190695886,-0.0629911572472126,-0.0271280276816609,-0.2679584775086506,0.4444444444444444,-0.08421376393694734,-0.04822760476739715,0.11374086889657825,-0.044844290657439445,-0.029773164167627833,0.09356401384083046,-0.12456747404844293,-0.06698961937716265,0.03543252595155709,0.041584006151480196,-0.019930795847750864,0.11909265667051133,0.09356401384083046,-0.06698961937716265,0.1085121107266436,-0.08421376393694734,0.10340638216070744,0.0629911572472126,-0.08882737408688965,-0.007443291041906958,0.16633602460592078,-0.08421376393694734,0.13016532103037293,0.07972318339100345,-0.01574778931180315,0.16633602460592078,-0.13588619761630144,0.3014225297962323,0.07972318339100345,-0.09842368319876971,-0.002214532871972318,0.03543252595155709,-0.1929104190695886,0.044844290657439445,-0.04822760476739715,0.13588619761630144,-0.04822760476739715,0.2761399461745483,0.15378700499807765,-0.12456747404844293,0.008858131487889272,-0.11374086889657825,0.04822760476739715,-0.0271280276816609,0.0015378700499807767,0.01574778931180315,0.0629911572472126,0.14769703960015382,0.04822760476739715,0.17279507881584008,-0.09356401384083046,-0.041584006151480196,-0.13016532103037293,0.008858131487889272,-0.1085121107266436,-0.08882737408688965,,,,,0.31398722529411316,-0.36735618114471436,0.40133780241012573,0.44393593072891235,-0.5055174231529236,-0.43043628334999084,0.7116357684135437,-0.6220535635948181,-0.4718034565448761,0.6103299856185913,-0.6089449524879456,-0.4069565236568451,312.01287841796875,0.1618894636631012
EXPC4-022,131.28028969463313,44.681259001056674,-0.0629911572472126,-0.022206843521722412,0.10340638216070744,-0.08421376393694734,-0.007443291041906958,-0.2288965782391388,-0.15378700499807765,0.3839138792772011,0.17937716262975778,0.024605920799692427,0.28444444444444444,-0.041584006151480196,-0.041584006151480196,-0.07535563244905807,-0.1929104190695886,0.09356401384083046,-0.022206843521722412,-0.07535563244905807,-0.2069357939254133,-0.006151480199923107,0.186082276047674,0.04822760476739715,0.041584006151480196,0.019930795847750864,0.17937716262975778,0.05911572472126105,-0.03543252595155709,0.03844675124951941,0.16633602460592078,0.017777777777777778,0.022206843521722412,0.08421376393694734,0.017777777777777778,0.017777777777777778,0.1085121107266436,0.09842368319876971,0.044844290657439445,-0.21413302575932336,0.1085121107266436,-0.17937716262975778,-0.07972318339100345,-0.05536332179930796,0.07535563244905807,0.017777777777777778,-0.07535563244905807,0.11909265667051133,0.2761399461745483,-0.2599000384467512,0.03254133025759323,-0.07535563244905807,0.03844675124951941,0.019930795847750864,-0.09356401384083046,0.07111111111111111,0.03844675124951941,0.14769703960015382,0.13588619761630144,-0.041584006151480196,-0.0629911572472126,-0.10340638216070744,-0.14769703960015382,0.08421376393694734,-0.14173010380622836,-0.0629911572472126,,,,,0.0821622982621193,-0.12119622528553009,0.23730377852916718,0.31175917387008667,-0.3825104236602783,-0.5244349241256714,0.8745679259300232,-0.792680025100708,-0.6194191575050354,0.5937233567237854,-0.668571412563324,-0.5376183390617371,545.3928833007812,0.19533003866672516
EXPC4-023,130.27022398916915,44.04525177990005,-0.08421376393694734,-0.03254133025759323,0.186082276047674,-0.0629911572472126,-0.01574778931180315,-0.2069357939254133,-0.13588619761630144,0.454963475586313,0.21413302575932336,0.06698961937716265,0.2599000384467512,-0.12456747404844293,-0.01384083044982699,-0.03844675124951941,-0.1929104190695886,0.1085121107266436,0.004982698961937716,0.01574778931180315,-0.16633602460592078,-0.17937716262975778,0.17279507881584008,0.0271280276816609,0.024605920799692427,-0.03844675124951941,0.16000000000000003,0.08882737408688965,-0.09842368319876971,0.09356401384083046,0.186082276047674,0.0271280276816609,0.01574778931180315,0.05911572472126105,-0.041584006151480196,0.11374086889657825,0.11909265667051133,-0.004982698961937716,0.05911572472126105,-0.14769703960015382,0.03543252595155709,-0.15378700499807765,-0.01574778931180315,-0.0629911572472126,0.06698961937716265,0.05173394848135333,-0.1085121107266436,0.04822760476739715,0.17937716262975778,-0.16000000000000003,0.08882737408688965,-0.10340638216070744,0.04822760476739715,0.03543252595155709,-0.08882737408688965,0.0629911572472126,0.04822760476739715,0.1929104190695886,0.1929104190695886,-0.01574778931180315,-0.07972318339100345,-0.0271280276816609,-0.15378700499807765,0.05173394848135333,-0.08421376393694734,0.022206843521722412,-12.318882414476917,-16.839356484321687,-6.736586086788032,-15.629636055896118,0.15925543010234833,-0.20927724242210388,0.12251148372888565,0.31889763474464417,-0.404906690120697,-0.5453380346298218,0.8782491087913513,-0.777757465839386,-0.5269612669944763,0.5790135264396667,-0.6150385737419128,-0.4559491276741028,648.4718017578125,0.130340114235878
EXPC4-024,132.7337638243385,47.19510449213674,-0.041584006151480196,-0.08421376393694734,0.11374086889657825,-0.14769703960015382,-0.04822760476739715,-0.19986159169550174,-0.21413302575932336,0.3553094963475586,0.05536332179930796,-0.03543252595155709,0.31009611687812383,-0.05173394848135333,-0.006151480199923107,-0.022206843521722412,-0.2364628988850442,0.05536332179930796,-0.007443291041906958,-0.1085121107266436,-0.16000000000000003,0.05911572472126105,0.12456747404844293,-0.029773164167627833,0.0015378700499807767,-0.06698961937716265,0.13016532103037293,0.14769703960015382,0.05173394848135333,0.12456747404844293,0.24415224913494812,-0.024605920799692427,0.01574778931180315,-0.041584006151480196,-0.10340638216070744,0.07535563244905807,-0.05536332179930796,0.19986159169550174,0.06698961937716265,-0.19986159169550174,0.04822760476739715,-0.041584006151480196,-0.17937716262975778,-0.07535563244905807,-0.03254133025759323,0.044844290657439445,-0.10340638216070744,0.17279507881584008,0.2599000384467512,-0.14769703960015382,0.05173394848135333,-0.05173394848135333,0.05911572472126105,-0.03254133025759323,-0.0629911572472126,-0.05173394848135333,0.044844290657439445,0.13588619761630144,0.16000000000000003,0.017777777777777778,-0.044844290657439445,-0.07535563244905807,-0.186082276047674,0.022206843521722412,-0.08882737408688965,0.003014225297962322,,,,,0.13065169751644135,-0.12696193158626556,0.4577062726020813,0.32871973514556885,-0.44036009907722473,-0.44349122047424316,0.8894365429878235,-0.8078001737594604,-0.6118404269218445,0.5023097991943359,-0.5705087184906006,-0.3880733847618103,63.408817291259766,0.014508984982967377
EXPC4-025,131.72405744498818,46.22492398528766,-0.08882737408688965,-0.012056901191849288,0.17937716262975778,-0.03543252595155709,-0.03844675124951941,-0.16633602460592078,-0.14173010380622836,0.42377547097270285,0.2069357939254133,-0.01384083044982699,0.36472126105344094,-0.05911572472126105,-0.017777777777777778,-0.06698961937716265,-0.14769703960015382,0.10340638216070744,0.03254133025759323,-0.04822760476739715,-0.14173010380622836,-0.13588619761630144,0.186082276047674,-0.03844675124951941,0.07535563244905807,-0.010396001537870049,0.19986159169550174,0.14769703960015382,-0.04822760476739715,0.08882737408688965,0.19986159169550174,0.0271280276816609,0.002214532871972318,0.11909265667051133,0.01574778931180315,0.07972318339100345,0.05173394848135333,0.008858131487889272,0.03543252595155709,-0.16000000000000003,0.07111111111111111,-0.12456747404844293,-0.07111111111111111,-0.11909265667051133,0.07535563244905807,0.0629911572472126,-0.08421376393694734,0.05536332179930796,0.13588619761630144,-0.16000000000000003,0.14173010380622836,-0.03844675124951941,0.03844675124951941,-0.01384083044982699,-0.10340638216070744,0.05536332179930796,0.05911572472126105,0.17279507881584008,0.19986159169550174,-0.029773164167627833,-0.07972318339100345,-0.08421376393694734,-0.17279507881584008,0.07535563244905807,-0.03844675124951941,0.041584006151480196,,,,,0.161369189620018,-0.09778997302055359,0.2170693725347519,0.39701682329177856,-0.46611157059669495,-0.42234233021736145,0.8814875483512878,-0.7673704624176025,-0.5165536403656006,0.5404219627380371,-0.6192358136177063,-0.5643216371536255,506.3947448730469,0.09111568331718445
EXPC4-026,134.92421581313556,48.878906660690376,-0.05911572472126105,-0.024605920799692427,0.16633602460592078,-0.14173010380622836,-0.01574778931180315,-0.14769703960015382,-0.16000000000000003,0.40359861591695495,0.14769703960015382,-0.029773164167627833,0.2761399461745483,-0.05536332179930796,-0.05173394848135333,0.002214532871972318,-0.2288965782391388,0.16000000000000003,0.0271280276816609,-0.1085121107266436,-0.11374086889657825,-0.07111111111111111,0.1929104190695886,0.041584006151480196,0.05536332179930796,-0.07972318339100345,0.13588619761630144,0.11909265667051133,-0.029773164167627833,0.11909265667051133,0.2599000384467512,-0.019930795847750864,-0.004982698961937716,0.003936947327950788,-0.12456747404844293,0.029773164167627833,-0.008858131487889272,0.186082276047674,0.07972318339100345,-0.15378700499807765,-0.022206843521722412,-0.11374086889657825,-0.05173394848135333,-0.08882737408688965,-0.024605920799692427,0.04822760476739715,-0.06698961937716265,0.13588619761630144,0.17937716262975778,-0.22145328719723184,0.07111111111111111,-0.07111111111111111,0.08882737408688965,-0.01384083044982699,-0.09356401384083046,-0.03844675124951941,0.012056901191849288,0.19986159169550174,0.17937716262975778,0.010396001537870049,-0.01384083044982699,-0.05536332179930796,-0.1929104190695886,0.07535563244905807,-0.044844290657439445,-0.01574778931180315,,,,,0.1065862849354744,-0.17431192100048065,0.5391539335250854,0.3883758783340454,-0.51871657371521,-0.5427603721618652,0.8623746037483215,-0.7531840205192566,-0.528325617313385,0.5037888288497925,-0.6318302154541016,-0.4096129238605499,76.02356719970703,0.04811146482825279
EXPC4-027,131.82466875680956,48.86094035500798,-0.0271280276816609,-0.003936947327950788,0.1929104190695886,-0.16633602460592078,-0.012056901191849288,-0.16000000000000003,-0.15378700499807765,0.41362552864282975,0.17279507881584008,0.0271280276816609,0.2679584775086506,-0.03844675124951941,0.0015378700499807767,-0.022206843521722412,-0.2069357939254133,0.12456747404844293,0.022206843521722412,-0.044844290657439445,-0.10340638216070744,-0.11909265667051133,0.186082276047674,0.07972318339100345,0.010396001537870049,-0.05173394848135333,0.14769703960015382,0.03543252595155709,-0.041584006151480196,0.17937716262975778,0.21413302575932336,-0.03844675124951941,0.04822760476739715,0.07111111111111111,-0.10340638216070744,0.05536332179930796,0.041584006151480196,0.11909265667051133,0.024605920799692427,-0.19986159169550174,-0.0015378700499807767,-0.09356401384083046,-0.0629911572472126,-0.0629911572472126,0.024605920799692427,0.044844290657439445,-0.07972318339100345,0.15378700499807765,0.17937716262975778,-0.2599000384467512,0.041584006151480196,-0.11374086889657825,0.05536332179930796,-0.03543252595155709,-0.08421376393694734,-0.044844290657439445,0.022206843521722412,0.1929104190695886,0.15378700499807765,0.017777777777777778,-0.07111111111111111,-0.07111111111111111,-0.1929104190695886,0.07111111111111111,-0.04822760476739715,-0.01384083044982699,,,,,0.06819280982017517,-0.1318756341934204,0.45117077231407166,0.5061079263687134,-0.5858026742935181,-0.5176336765289307,0.8494442701339722,-0.7476130127906799,-0.5809775590896606,0.4587824046611786,-0.5620711445808411,-0.6405529975891113,281.7648620605469,0.09749916195869446
EXPC4-028,134.91882592143085,45.660422660746946,-0.008858131487889272,-0.0271280276816609,0.1929104190695886,-0.07535563244905807,-0.044844290657439445,-0.1085121107266436,-0.12456747404844293,0.4444444444444444,0.19986159169550174,0.017777777777777778,0.3278123798539023,-0.06698961937716265,-0.05173394848135333,-0.010396001537870049,-0.12456747404844293,0.041584006151480196,0.002214532871972318,-0.0629911572472126,0.012056901191849288,-0.17937716262975778,0.186082276047674,-0.041584006151480196,0.0629911572472126,-0.07972318339100345,0.13588619761630144,0.1085121107266436,-0.12456747404844293,0.12456747404844293,0.1929104190695886,-0.03254133025759323,0.11374086889657825,0.12456747404844293,-0.041584006151480196,0.12456747404844293,0.03543252595155709,0.04822760476739715,0.0271280276816609,-0.16633602460592078,0.04822760476739715,-0.08882737408688965,-0.11909265667051133,-0.11909265667051133,0.017777777777777778,0.13588619761630144,-0.0629911572472126,0.0629911572472126,0.12456747404844293,-0.16633602460592078,0.16000000000000003,-0.07111111111111111,-0.008858131487889272,-0.07972318339100345,-0.12456747404844293,0.03543252595155709,0.11909265667051133,0.17279507881584008,0.2069357939254133,0.05911572472126105,-0.11374086889657825,-0.07111111111111111,-0.14173010380622836,0.05536332179930796,0.029773164167627833,0.06698961937716265,,,,,0.27469727396965027,-0.26715946197509766,0.043609023094177246,0.3640897870063782,-0.40752652287483215,-0.0863095223903656,0.9223628640174866,-0.8370967507362366,-0.6109773516654968,0.8408304452896118,-0.7486304640769958,-0.5377086997032166,371.42254638671875,0.285160630941391
EXPC4-029,132.42833662773788,43.57776850604425,-0.010396001537870049,-0.05173394848135333,0.15378700499807765,-0.03543252595155709,-0.017777777777777778,-0.13016532103037293,-0.09356401384083046,0.3839138792772011,0.2069357939254133,0.019930795847750864,0.34602076124567477,-0.019930795847750864,-0.07535563244905807,-0.0271280276816609,-0.13016532103037293,0.05536332179930796,-0.01574778931180315,-0.0629911572472126,-0.10340638216070744,-0.10340638216070744,0.2069357939254133,-0.012056901191849288,0.017777777777777778,-0.0629911572472126,0.14769703960015382,0.10340638216070744,-0.11909265667051133,0.05536332179930796,0.16633602460592078,-0.019930795847750864,0.05911572472126105,0.2069357939254133,-0.01574778931180315,0.10340638216070744,0.07111111111111111,0.05536332179930796,0.022206843521722412,-0.21413302575932336,0.05911572472126105,-0.14173010380622836,-0.12456747404844293,-0.15378700499807765,0.07111111111111111,0.13588619761630144,-0.03254133025759323,0.05536332179930796,0.2288965782391388,-0.2069357939254133,0.14769703960015382,-0.1085121107266436,-0.002214532871972318,-0.09356401384083046,-0.11374086889657825,0.07535563244905807,0.07972318339100345,0.14769703960015382,0.186082276047674,0.017777777777777778,-0.07535563244905807,-0.08421376393694734,-0.13016532103037293,0.08421376393694734,0.019930795847750864,0.03543252595155709,,,,,0.20181064307689667,-0.21463972330093384,0.159257173538208,0.5203155875205994,-0.486309289932251,-0.4247462749481201,0.7509262561798096,-0.6936416029930115,-0.41397610306739807,0.5800119042396545,-0.5771971344947815,-0.5114922523498535,215.1829071044922,0.025841593742370605
EXPC4-030,134.8056381956318,48.171034216804195,-0.05911572472126105,-0.03844675124951941,0.16000000000000003,-0.07535563244905807,-0.05173394848135333,-0.14769703960015382,-0.11374086889657825,0.4340484429065744,0.186082276047674,-0.007443291041906958,0.3188927335640138,-0.044844290657439445,-0.03543252595155709,-0.04822760476739715,-0.16633602460592078,0.08421376393694734,-0.0271280276816609,-0.05911572472126105,-0.017777777777777778,-0.16000000000000003,0.19986159169550174,0.006151480199923107,0.029773164167627833,-0.07535563244905807,0.17937716262975778,0.11909265667051133,-0.06698961937716265,0.16000000000000003,0.19986159169550174,-0.029773164167627833,0.07111111111111111,0.08882737408688965,-0.0629911572472126,0.08882737408688965,0.03844675124951941,0.08882737408688965,0.041584006151480196,-0.22145328719723184,0.029773164167627833,-0.1085121107266436,-0.08882737408688965,-0.11909265667051133,0.012056901191849288,0.08882737408688965,-0.0629911572472126,0.08421376393694734,0.14769703960015382,-0.2069357939254133,0.15378700499807765,-0.08421376393694734,0.022206843521722412,-0.0629911572472126,-0.09356401384083046,-0.017777777777777778,0.03844675124951941,0.1929104190695886,0.21413302575932336,0.03543252595155709,-0.08421376393694734,-0.041584006151480196,-0.16633602460592078,0.06698961937716265,-0.000984236831987697,0.0271280276816609,,,,,0.20425695180892944,-0.2567911148071289,0.21319353580474854,0.5101789236068726,-0.5968688726425171,-0.4668967127799988,0.8954248428344727,-0.7934035658836365,-0.576127827167511,0.6979645490646362,-0.6935166716575623,-0.5255955457687378,226.01292419433594,0.04811146482825279
EXPC4-031,133.8624071473063,46.59323325177666,-0.07972318339100345,-0.01574778931180315,0.13016532103037293,-0.041584006151480196,-0.01384083044982699,-0.17279507881584008,-0.10340638216070744,0.40359861591695495,0.19986159169550174,0.000984236831987697,0.33685505574778934,-0.044844290657439445,-0.0271280276816609,-0.03844675124951941,-0.17937716262975778,0.11909265667051133,0.017777777777777778,-0.11909265667051133,-0.15378700499807765,-0.07111111111111111,0.1929104190695886,0.008858131487889272,0.03543252595155709,-0.044844290657439445,0.17937716262975778,0.11374086889657825,-0.019930795847750864,0.12456747404844293,0.17937716262975778,0.01574778931180315,-0.01384083044982699,0.08421376393694734,-0.044844290657439445,0.03254133025759323,0.05911572472126105,0.06698961937716265,0.022206843521722412,-0.186082276047674,0.05173394848135333,-0.14769703960015382,-0.07535563244905807,-0.10340638216070744,0.01384083044982699,0.04822760476739715,-0.05536332179930796,0.08421376393694734,0.2288965782391388,-0.2364628988850442,0.13016532103037293,-0.05911572472126105,0.03844675124951941,0.012056901191849288,-0.13016532103037293,0.024605920799692427,0.07111111111111111,0.19986159169550174,0.21413302575932336,-0.022206843521722412,-0.03844675124951941,-0.08882737408688965,-0.17279507881584008,0.03844675124951941,-0.05536332179930796,0.041584006151480196,,,,,0.1235659196972847,-0.11434433609247208,0.3295995593070984,0.48117876052856445,-0.5762847661972046,-0.3370343744754791,0.8780099749565125,-0.7895135879516602,-0.5403726696968079,0.6258351802825928,-0.6844534277915955,-0.5176366567611694,132.22286987304688,0.010071716271340847
EXPC4-032,132.4157602137602,45.992799315871174,-0.1085121107266436,-0.01384083044982699,0.17937716262975778,-0.09842368319876971,-0.05173394848135333,-0.2069357939254133,-0.17279507881584008,0.42377547097270285,0.19986159169550174,0.0271280276816609,0.31009611687812383,-0.08421376393694734,0.003014225297962322,-0.05911572472126105,-0.2069357939254133,0.07535563244905807,0.003936947327950788,-0.09842368319876971,-0.1929104190695886,-0.11909265667051133,0.14769703960015382,0.024605920799692427,0.024605920799692427,-0.03844675124951941,0.14769703960015382,0.16000000000000003,-0.05536332179930796,0.07972318339100345,0.24415224913494812,0.05911572472126105,0.0005536332179930795,0.07535563244905807,-0.044844290657439445,0.07535563244905807,0.017777777777777778,0.03844675124951941,0.03844675124951941,-0.09356401384083046,0.07972318339100345,-0.13588619761630144,0.010396001537870049,-0.09356401384083046,0.04822760476739715,0.041584006151480196,-0.05173394848135333,0.0629911572472126,0.2069357939254133,-0.14769703960015382,0.14173010380622836,-0.10340638216070744,0.04822760476739715,0.03543252595155709,-0.09842368319876971,0.017777777777777778,0.0271280276816609,0.14769703960015382,0.2069357939254133,-0.044844290657439445,-0.06698961937716265,-0.08882737408688965,-0.17279507881584008,0.04822760476739715,-0.0271280276816609,0.05536332179930796,,,,,0.088314488530159,-0.06536636501550674,0.28898581862449646,0.5396825671195984,-0.4098837077617645,-0.2880939841270447,0.879837691783905,-0.766533374786377,-0.5577871799468994,0.42621055245399475,-0.4585093855857849,-0.34705522656440735,315.00634765625,0.09055157005786896
EXPC4-033,132.06362062238534,45.777203647682484,-0.0629911572472126,-0.07972318339100345,0.186082276047674,-0.08882737408688965,-0.12456747404844293,-0.11909265667051133,-0.13588619761630144,0.4444444444444444,0.186082276047674,-0.004982698961937716,0.34602076124567477,-0.07535563244905807,0.0629911572472126,0.008858131487889272,-0.12456747404844293,-0.004982698961937716,-0.022206843521722412,-0.07972318339100345,-0.08421376393694734,-0.13588619761630144,0.16000000000000003,-0.022206843521722412,0.010396001537870049,-0.019930795847750864,0.186082276047674,0.16633602460592078,-0.05536332179930796,0.14769703960015382,0.16000000000000003,0.019930795847750864,0.05173394848135333,0.08882737408688965,-0.06698961937716265,0.0271280276816609,0.0271280276816609,0.003014225297962322,-0.044844290657439445,-0.17937716262975778,0.09356401384083046,-0.09356401384083046,-0.13588619761630144,-0.16633602460592078,0.07535563244905807,0.05173394848135333,-0.09842368319876971,0.05536332179930796,0.186082276047674,-0.15378700499807765,0.13016532103037293,-0.08882737408688965,0.017777777777777778,-0.017777777777777778,-0.08882737408688965,-0.029773164167627833,0.08882737408688965,0.14769703960015382,0.2069357939254133,0.03543252595155709,-0.11909265667051133,-0.044844290657439445,-0.17279507881584008,0.041584006151480196,-0.019930795847750864,0.07972318339100345,,,,,0.15107913315296173,-0.13609467446804047,-0.03534853085875511,0.31883156299591064,-0.4604267179965973,-0.41185295581817627,0.8436992168426514,-0.7086527943611145,-0.38461539149284363,0.4156365990638733,-0.5458073019981384,-0.36807510256767273,209.3642120361328,0.09055157005786896
EXPC4-034,130.19117224416664,48.445918693744765,-0.06698961937716265,-0.012056901191849288,0.17279507881584008,-0.08421376393694734,-0.019930795847750864,-0.14769703960015382,-0.14173010380622836,0.42377547097270285,0.21413302575932336,0.01384083044982699,0.3553094963475586,-0.09842368319876971,0.0271280276816609,-0.029773164167627833,-0.17279507881584008,0.11909265667051133,0.019930795847750864,-0.0629911572472126,-0.15378700499807765,-0.11909265667051133,0.16633602460592078,0.01384083044982699,0.05173394848135333,-0.029773164167627833,0.17937716262975778,0.12456747404844293,-0.019930795847750864,0.14173010380622836,0.1929104190695886,0.024605920799692427,0.003936947327950788,0.1085121107266436,-0.05173394848135333,0.041584006151480196,0.044844290657439445,0.0271280276816609,-0.007443291041906958,-0.14769703960015382,0.05536332179930796,-0.12456747404844293,-0.04822760476739715,-0.11909265667051133,0.07972318339100345,0.0271280276816609,-0.07535563244905807,0.05173394848135333,0.16633602460592078,-0.21413302575932336,0.11374086889657825,-0.05173394848135333,0.03254133025759323,0.007443291041906958,-0.09842368319876971,0.01384083044982699,0.05173394848135333,0.2069357939254133,0.19986159169550174,-0.0271280276816609,-0.07535563244905807,-0.07535563244905807,-0.17937716262975778,0.05911572472126105,-0.07111111111111111,0.05173394848135333,,,,,0.10180109739303589,-0.11799761652946472,0.23849372565746307,0.44030681252479553,-0.5154907703399658,-0.3881308436393738,0.8697468638420105,-0.7357974052429199,-0.5187032222747803,0.5296157002449036,-0.5855046510696411,-0.4318554997444153,273.9733581542969,0.0640474185347557
EXPC4-035,130.78226370111727,43.96224744764741,-0.09356401384083046,-0.03254133025759323,0.2069357939254133,-0.05536332179930796,-0.010396001537870049,-0.1929104190695886,-0.13588619761630144,0.46560553633217994,0.1929104190695886,0.03543252595155709,0.2679584775086506,-0.10340638216070744,0.007443291041906958,-0.03543252595155709,-0.14769703960015382,0.07111111111111111,0.01574778931180315,0.03254133025759323,-0.2599000384467512,-0.11374086889657825,0.13016532103037293,-0.01384083044982699,0.0629911572472126,0.003014225297962322,0.16633602460592078,0.14769703960015382,-0.1085121107266436,0.03254133025759323,0.17937716262975778,0.05173394848135333,-0.044844290657439445,0.05911572472126105,0.024605920799692427,0.10340638216070744,0.11374086889657825,0.010396001537870049,0.006151480199923107,-0.13016532103037293,0.08421376393694734,-0.14173010380622836,0.04822760476739715,-0.05911572472126105,0.10340638216070744,0.007443291041906958,-0.08882737408688965,0.012056901191849288,0.2069357939254133,-0.1085121107266436,0.14769703960015382,-0.07972318339100345,0.044844290657439445,0.08882737408688965,-0.08421376393694734,0.09842368319876971,0.024605920799692427,0.15378700499807765,0.16000000000000003,-0.05173394848135333,-0.09842368319876971,0.008858131487889272,-0.186082276047674,0.022206843521722412,-0.12456747404844293,0.029773164167627833,-11.75820648624794,-18.23364355245923,-6.1713867791431625,-13.72455917353284,0.1218460202217102,-0.1603836715221405,0.1834617257118225,0.3551020324230194,-0.4228571355342865,-0.5500487089157104,0.8514946699142456,-0.7341040372848511,-0.48621290922164917,0.5825674533843994,-0.6531434059143066,-0.5680678486824036,297.4681396484375,0.15145225822925568
EXPC4-036,132.56847381206052,46.12970256517099,-0.08421376393694734,-0.002214532871972318,0.13016532103037293,-0.1085121107266436,-0.024605920799692427,-0.19986159169550174,-0.13016532103037293,0.40359861591695495,0.16000000000000003,0.012056901191849288,0.3014225297962323,-0.041584006151480196,-0.01384083044982699,-0.044844290657439445,-0.1929104190695886,0.05173394848135333,-0.01574778931180315,-0.14769703960015382,-0.16000000000000003,-0.0271280276816609,0.17937716262975778,0.03844675124951941,0.019930795847750864,-0.044844290657439445,0.17279507881584008,0.11909265667051133,-0.017777777777777778,0.07535563244905807,0.2288965782391388,0.01384083044982699,0.017777777777777778,0.05536332179930796,-0.03254133025759323,0.010396001537870049,0.05173394848135333,0.11374086889657825,0.05173394848135333,-0.17279507881584008,0.10340638216070744,-0.16633602460592078,-0.0629911572472126,-0.10340638216070744,0.010396001537870049,0.029773164167627833,-0.03844675124951941,0.1085121107266436,0.28444444444444444,-0.19986159169550174,0.13016532103037293,-0.044844290657439445,0.03254133025759323,0.01574778931180315,-0.11374086889657825,0.007443291041906958,0.03254133025759323,0.15378700499807765,0.1929104190695886,-0.03543252595155709,-0.05911572472126105,-0.13016532103037293,-0.16000000000000003,0.044844290657439445,-0.09356401384083046,0.01384083044982699,,,,,0.12589266896247864,-0.15318703651428223,0.26962244510650635,0.3757352828979492,-0.3921130895614624,-0.42464789748191833,0.8760921359062195,-0.7899024486541748,-0.5572854280471802,0.5996281504631042,-0.6866524815559387,-0.565375030040741,120.79340362548828,0.06488724052906036
EXPC4-037,130.01689907904745,45.0783143566375,-0.08421376393694734,-0.008858131487889272,0.14173010380622836,-0.07535563244905807,-0.041584006151480196,-0.17279507881584008,-0.09842368319876971,0.4340484429065744,0.19986159169550174,0.0271280276816609,0.34602076124567477,-0.09842368319876971,-0.006151480199923107,-0.0271280276816609,-0.13016532103037293,0.10340638216070744,0.024605920799692427,-0.08421376393694734,-0.1929104190695886,-0.13588619761630144,0.17937716262975778,-0.017777777777777778,0.05536332179930796,-0.022206843521722412,0.19986159169550174,0.11909265667051133,-0.05173394848135333,0.09356401384083046,0.17279507881584008,0.03844675124951941,-0.003014225297962322,0.08421376393694734,0.01384083044982699,0.041584006151480196,0.11374086889657825,0.003936947327950788,-0.008858131487889272,-0.13588619761630144,0.07972318339100345,-0.14173010380622836,-0.06698961937716265,-0.10340638216070744,0.08421376393694734,0.05173394848135333,-0.07972318339100345,0.044844290657439445,0.19986159169550174,-0.1929104190695886,0.13016532103037293,-0.03254133025759323,0.05173394848135333,0.05536332179930796,-0.09842368319876971,0.07972318339100345,0.05911572472126105,0.21413302575932336,0.17279507881584008,-0.022206843521722412,-0.07111111111111111,-0.06698961937716265,-0.16633602460592078,0.029773164167627833,-0.07111111111111111,0.0271280276816609,-11.767556709278379,-21.385044832859037,-9.671891025380496,-15.32836188351585,0.08028660714626312,-0.10526315867900848,0.3318410813808441,0.32564103603363037,-0.45582541823387146,-0.5653640627861023,0.8572078347206116,-0.7649092674255371,-0.543049156665802,0.5685936212539673,-0.6547330021858215,-0.5270158052444458,410.446533203125,0.1618894636631012
EXPC4-038,134.22352989152233,44.638139867418936,-0.008858131487889272,-0.05173394848135333,0.16633602460592078,-0.09356401384083046,-0.012056901191849288,-0.16633602460592078,-0.13016532103037293,0.40359861591695495,0.16000000000000003,0.05173394848135333,0.3188927335640138,-0.03844675124951941,-0.03254133025759323,-0.05173394848135333,-0.17279507881584008,0.07111111111111111,-0.008858131487889272,-0.07535563244905807,-0.08882737408688965,-0.07111111111111111,0.19986159169550174,0.017777777777777778,0.019930795847750864,-0.08421376393694734,0.14173010380622836,0.0629911572472126,-0.07972318339100345,0.14769703960015382,0.19986159169550174,-0.03254133025759323,0.07111111111111111,0.09356401384083046,-0.0629911572472126,0.05536332179930796,0.044844290657439445,0.09842368319876971,0.04822760476739715,-0.22145328719723184,0.07111111111111111,-0.12456747404844293,-0.13588619761630144,-0.08421376393694734,-0.008858131487889272,0.13016532103037293,-0.0629911572472126,0.11374086889657825,0.22145328719723184,-0.2519646289888504,0.11374086889657825,-0.05911572472126105,0.004982698961937716,-0.04822760476739715,-0.11909265667051133,-0.004982698961937716,0.08421376393694734,0.1929104190695886,0.17279507881584008,0.022206843521722412,-0.07535563244905807,-0.08882737408688965,-0.15378700499807765,0.041584006151480196,-0.012056901191849288,-0.008858131487889272,,,,,0.31457799673080444,-0.30181512236595154,0.25588458776474,0.3871769309043884,-0.3774213492870331,-0.0005941770505160093,0.8677181601524353,-0.7451865673065186,-0.5287911891937256,0.781235933303833,-0.7225736379623413,-0.6577885150909424,250.7263641357422,0.11283154040575027
EXPC4-039,131.81029571226364,46.20336441846879,-0.044844290657439445,0.0271280276816609,0.14173010380622836,-0.13588619761630144,0.024605920799692427,-0.17937716262975778,-0.17937716262975778,0.41362552864282975,0.17937716262975778,0.03844675124951941,0.2069357939254133,0.0015378700499807767,-0.03844675124951941,-0.019930795847750864,-0.2364628988850442,0.13016532103037293,0.03543252595155709,-0.10340638216070744,-0.22145328719723184,0.004982698961937716,0.17937716262975778,0.08421376393694734,0.006151480199923107,-0.029773164167627833,0.14173010380622836,0.008858131487889272,-0.01384083044982699,0.08421376393694734,0.16633602460592078,0.007443291041906958,6.151480199923106e-05,0.03844675124951941,-0.07972318339100345,0.0015378700499807767,0.09842368319876971,0.15378700499807765,0.012056901191849288,-0.17279507881584008,0.03254133025759323,-0.11909265667051133,-0.07535563244905807,-0.024605920799692427,0.022206843521722412,-0.010396001537870049,-0.029773164167627833,0.1929104190695886,0.29287197231833906,-0.2519646289888504,0.022206843521722412,-0.09842368319876971,0.08421376393694734,-0.004982698961937716,-0.11374086889657825,0.000984236831987697,0.01574778931180315,0.13588619761630144,0.12456747404844293,0.017777777777777778,-0.04822760476739715,-0.09842368319876971,-0.186082276047674,0.05173394848135333,-0.13588619761630144,-0.044844290657439445,,,,,0.06781797856092453,-0.11204463243484497,0.48545074462890625,0.3192293047904968,-0.41205012798309326,-0.5627725124359131,0.9072341918945312,-0.7804704308509827,-0.5313807725906372,0.560583233833313,-0.6268343925476074,-0.5666463971138,460.2516784667969,0.09111568331718445
