point_id,lon,lat,stratum,orig_id
EXPC3-000,133.34623782751348,45.18646883557947,wc_tree,wc200_10
EXPC3-001,131.99623782751317,47.686468835579326,wc_tree,wc200_10
EXPC3-002,131.49623782751306,46.93646883557937,wc_tree,wc200_10
EXPC3-003,130.09623782751274,45.33646883557946,wc_tree,wc200_10
EXPC3-004,133.24623782751345,46.73646883557938,wc_tree,wc200_10
EXPC3-005,131.39623782751303,48.436468835579284,wc_tree,wc200_10
EXPC3-006,131.296237827513,48.236468835579295,wc_tree,wc200_10
EXPC3-007,133.99623782751362,46.18646883557941,wc_tree,wc200_10
EXPC3-008,133.9462378275136,47.08646883557936,wc_tree,wc200_10
EXPC3-009,130.8462378275129,47.98646883557931,wc_tree,wc200_10
EXPC3-010,131.34623782751302,48.1364688355793,wc_tree,wc200_10
EXPC3-011,130.74623782751289,43.93646883557954,wc_tree,wc200_10
EXPC3-012,131.89623782751315,45.83646883557943,wc_tree,wc200_10
EXPC3-013,134.04623782751364,48.0864688355793,wc_tree,wc200_10
EXPC3-014,132.19623782751322,46.08646883557942,wc_tree,wc200_10
EXPC3-015,134.3462378275137,45.086468835579474,wc_tree,wc200_10
EXPC3-016,134.64623782751377,44.08646883557953,wc_tree,wc200_10
EXPC3-017,132.39623782751326,43.486468835579565,wc_tree,wc200_10
EXPC3-018,133.74623782751357,44.386468835579514,wc_tree,wc200_10
EXPC3-019,132.29623782751324,43.63646883557956,wc_tree,wc200_10
EXPC3-020,131.246237827513,48.28646883557929,wc_tree,wc200_10
EXPC3-021,133.4962378275135,43.38646883557957,wc_tree,wc200_10
EXPC3-022,132.0962378275132,48.33646883557929,wc_tree,wc200_10
EXPC3-023,131.59623782751308,48.83646883557926,wc_tree,wc200_10
EXPC3-024,130.3962378275128,43.53646883557956,wc_tree,wc200_10
EXPC3-025,133.4962378275135,42.936468835579596,wc_tree,wc200_10
EXPC3-026,130.7962378275129,48.33646883557929,wc_tree,wc200_10
EXPC3-027,133.64623782751354,46.986468835579366,wc_tree,wc200_10
EXPC3-028,134.49623782751374,47.08646883557936,wc_tree,wc200_10
EXPC3-029,133.19623782751344,42.98646883557959,wc_tree,wc200_10
EXPC3-030,134.09623782751365,43.23646883557958,wc_tree,wc200_10
EXPC3-031,132.84623782751336,48.786468835579264,wc_tree,wc200_10
EXPC3-032,130.29623782751278,47.13646883557936,wc_tree,wc200_10
EXPC3-033,131.39623782751303,43.486468835579565,wc_tree,wc200_10
EXPC3-034,133.24623782751345,43.23646883557958,wc_tree,wc200_10
EXPC3-035,131.59623782751308,43.38646883557957,wc_tree,wc200_10
EXPC3-036,131.34623782751302,48.0864688355793,wc_tree,wc200_10
EXPC3-037,133.64623782751354,43.63646883557956,wc_tree,wc200_10
EXPC3-038,133.9462378275136,44.48646883557951,wc_tree,wc200_10
EXPC3-039,130.64623782751286,43.18646883557958,wc_tree,wc200_10
