point_id,lon,lat,stratum,orig_id,Q1,Q2,conf,note,file,invalid,truth_code,A00,A01,A02,A03,A04,A05,A06,A07,A08,A09,A10,A11,A12,A13,A14,A15,A16,A17,A18,A19,A20,A21,A22,A23,A24,A25,A26,A27,A28,A29,A30,A31,A32,A33,A34,A35,A36,A37,A38,A39,A40,A41,A42,A43,A44,A45,A46,A47,A48,A49,A50,A51,A52,A53,A54,A55,A56,A57,A58,A59,A60,A61,A62,A63,s1_vv_w,s1_vh_w,s1_vv_s,s1_vh_s,ndvi_djf,ndwi_djf,mndwi_djf,ndvi_mam,ndwi_mam,mndwi_mam,ndvi_jja,ndwi_jja,mndwi_jja,ndvi_son,ndwi_son,mndwi_son,dem,slope
EXPC4-000,134.1804107578846,46.20336441846879,prod_forest,prod2023_forest,否,草本旱地,低,斜条纹规律疑旱作,judge_C4_00.csv,False,0,-0.075355632449058,-0.0199307958477508,0.1137408688965782,-0.0711111111111111,0.0039369473279507,-0.1663360246059207,-0.0842137639369473,0.4035986159169549,0.1929104190695886,-0.01039600153787,0.3460207612456747,-0.0669896193771626,-0.0297731641676278,-0.0448442906574394,-0.1998615916955017,0.1301653210303729,0.0199307958477508,-0.1301653210303729,-0.1417301038062283,-0.0888273740868896,0.1929104190695886,-0.0002460592079969,0.0297731641676278,-0.0553633217993079,0.186082276047674,0.1085121107266436,-0.0138408304498269,0.1301653210303729,0.1663360246059207,0.0074432910419069,-0.0088581314878892,0.0517339484813533,-0.059115724721261,0.0325413302575932,0.0629911572472126,0.0669896193771626,0.0138408304498269,-0.17279507881584,0.059115724721261,-0.1476970396001538,-0.0711111111111111,-0.1137408688965782,0.0297731641676278,0.0553633217993079,-0.0517339484813533,0.0888273740868896,0.2288965782391388,-0.2288965782391388,0.1085121107266436,-0.0553633217993079,0.0222068435217224,0.0074432910419069,-0.1245674740484429,0.035432525951557,0.0888273740868896,0.2214532871972318,0.1929104190695886,-0.0039369473279507,-0.0199307958477508,-0.0842137639369473,-0.17279507881584,0.0553633217993079,-0.0271280276816609,0.0415840061514801,,,,,0.1112943142652511,-0.1177446097135543,0.3545512557029724,0.4297664761543274,-0.559695839881897,-0.3552338480949402,0.8639485836029053,-0.7484930157661438,-0.5227765440940857,0.5496944189071655,-0.6596624255180359,-0.5300832390785217,136.47470092773438,0.0390256606042385
EXPC4-001,134.070816293222,44.30755984286295,prod_forest,prod2023_forest,否,草地,低,浓绿均一无结构,judge_C4_00.csv,False,11,-0.0415840061514801,-0.0629911572472126,0.1793771626297577,-0.0797231833910034,-0.0022145328719723,-0.186082276047674,-0.1301653210303729,0.3936947327950788,0.2214532871972318,0.0711111111111111,0.3014225297962323,-0.0711111111111111,-0.0448442906574394,-0.0415840061514801,-0.186082276047674,0.0935640138408304,-0.0030142252979623,-0.0711111111111111,-0.0842137639369473,-0.1417301038062283,0.2141330257593233,0.0384467512495194,0.0415840061514801,-0.075355632449058,0.1034063821607074,0.0629911572472126,-0.1245674740484429,0.1245674740484429,0.2364628988850442,-0.0177777777777777,0.075355632449058,0.0935640138408304,-0.0711111111111111,0.0888273740868896,0.0711111111111111,0.059115724721261,0.0517339484813533,-0.186082276047674,0.0415840061514801,-0.1301653210303729,-0.0711111111111111,-0.0842137639369473,0.0120569011918492,0.1190926566705113,-0.0842137639369473,0.0842137639369473,0.1793771626297577,-0.2288965782391388,0.1034063821607074,-0.0797231833910034,0.0030142252979623,-0.0325413302575932,-0.1137408688965782,0.0415840061514801,0.0797231833910034,0.1929104190695886,0.17279507881584,-0.0049826989619377,-0.0935640138408304,-0.0842137639369473,-0.1476970396001538,0.0711111111111111,-0.0138408304498269,0.0088581314878892,,,,,0.2912863194942474,-0.2868011891841888,0.1153647154569625,0.292268842458725,-0.3084245026111603,0.1096421256661415,0.900148868560791,-0.7732421159744263,-0.5555090308189392,0.6893558502197266,-0.6805271506309509,-0.6146889328956604,447.2779235839844,0.1128315404057502
EXPC4-002,134.32593783391195,46.1853981127864,prod_forest,prod2023_forest,是,草本沼泽,中,暗湿斑与绿草混杂,judge_C4_00.csv,False,15,-0.0629911572472126,0.035432525951557,0.16,-0.1358861976163014,0.0448442906574394,-0.1929104190695886,-0.1417301038062283,0.4444444444444444,0.2069357939254133,0.0049826989619377,0.2214532871972318,-0.0669896193771626,-0.0325413302575932,-0.0271280276816609,-0.2761399461745483,0.1663360246059207,0.0199307958477508,-0.0629911572472126,-0.1537870049980776,-0.0984236831987697,0.17279507881584,0.1137408688965782,-0.0177777777777777,-0.0325413302575932,0.16,0.0482276047673971,-0.059115724721261,0.16,0.17279507881584,-0.0030142252979623,0.01039600153787,-0.0271280276816609,-0.1245674740484429,0.0669896193771626,0.0797231833910034,0.075355632449058,-0.01039600153787,-0.16,0.01039600153787,-0.1085121107266436,-0.0246059207996924,-0.0384467512495194,0.0448442906574394,-0.0074432910419069,-0.0629911572472126,0.1476970396001538,0.2069357939254133,-0.2069357939254133,0.0448442906574394,-0.1085121107266436,0.059115724721261,0.0039369473279507,-0.0888273740868896,-0.0553633217993079,0.0177777777777777,0.1998615916955017,0.1663360246059207,0.0325413302575932,-0.0517339484813533,-0.0271280276816609,-0.17279507881584,0.035432525951557,-0.1085121107266436,0.0061514801999231,,,,,0.0522846430540084,-0.0829478874802589,0.4770300388336181,0.4958148598670959,-0.5997893810272217,-0.436828464269638,0.8706210851669312,-0.7676685452461243,-0.5185185074806213,0.6377952694892883,-0.7383129000663757,-0.5513767600059509,222.58078002929688,0.0390256606042385
EXPC4-003,130.5720579246333,42.56985875726215,prod_forest,prod2023_forest,否,草本旱地,低,斜条纹枯黄疑耕作,judge_C4_00.csv,False,0,-0.075355632449058,-0.0415840061514801,0.1190926566705113,-0.0517339484813533,-0.0384467512495194,-0.2214532871972318,-0.1417301038062283,0.3742560553633218,0.1301653210303729,0.0199307958477508,0.3014225297962323,-0.0553633217993079,-0.0271280276816609,-0.059115724721261,-0.1476970396001538,0.0797231833910034,-0.035432525951557,-0.0199307958477508,-0.292871972318339,0.0030142252979623,0.1301653210303729,-0.0157477893118031,0.0384467512495194,0.0199307958477508,0.1537870049980776,0.16,-0.0271280276816609,0.0074432910419069,0.17279507881584,0.0711111111111111,-0.0482276047673971,0.0935640138408304,0.0039369473279507,0.0177777777777777,0.0935640138408304,0.0297731641676278,-0.0120569011918492,-0.1793771626297577,0.1358861976163014,-0.1998615916955017,-0.035432525951557,-0.1085121107266436,0.0935640138408304,0.0553633217993079,-0.0325413302575932,0.0517339484813533,0.3100961168781238,-0.1476970396001538,0.1417301038062283,-0.059115724721261,0.0271280276816609,0.0297731641676278,-0.1190926566705113,0.1190926566705113,0.0074432910419069,0.1085121107266436,0.1663360246059207,-0.0415840061514801,-0.0888273740868896,-0.0482276047673971,-0.1998615916955017,0.0157477893118031,-0.1190926566705113,0.0448442906574394,-11.096774583889689,-18.023183363027638,-8.721394400933221,-17.870189901828752,0.1325301229953766,-0.1584507077932357,-0.002087682718411,0.354791522026062,-0.4342691302299499,-0.5560619831085205,0.8586932420730591,-0.7821193337440491,-0.6079480051994324,0.5204868316650391,-0.6010252237319946,-0.6350136995315552,126.85684967041016,0.3186671435832977
EXPC4-004,131.30544252258846,45.5292686292655,prod_forest,prod2023_forest,否,草地,低,均一绿含枯黄条,judge_C4_00.csv,False,11,-0.075355632449058,0.0177777777777777,0.1417301038062283,-0.1245674740484429,-0.0039369473279507,-0.2364628988850442,-0.16,0.454963475586313,0.1998615916955017,0.0199307958477508,0.2364628988850442,-0.0888273740868896,-0.0384467512495194,-0.0297731641676278,-0.2288965782391388,0.1085121107266436,-0.0138408304498269,-0.0297731641676278,-0.186082276047674,-0.0888273740868896,0.1476970396001538,0.1085121107266436,-0.0030142252979623,-0.0138408304498269,0.17279507881584,0.1085121107266436,-0.035432525951557,0.1190926566705113,0.1929104190695886,0.0120569011918492,-0.0138408304498269,0.0246059207996924,-0.1190926566705113,0.0482276047673971,0.0984236831987697,0.0797231833910034,-0.0022145328719723,-0.1793771626297577,0.0984236831987697,-0.1301653210303729,-0.0246059207996924,-0.059115724721261,0.0888273740868896,-0.0199307958477508,-0.1085121107266436,0.1301653210303729,0.2519646289888504,-0.1663360246059207,0.0448442906574394,-0.0935640138408304,0.0415840061514801,0.0009842368319876,-0.0669896193771626,-0.01039600153787,-0.0015378700499807,0.1537870049980776,0.1301653210303729,0.0482276047673971,-0.0797231833910034,-0.0120569011918492,-0.1476970396001538,0.0222068435217224,-0.1245674740484429,-0.0271280276816609,,,,,0.0988432243466377,-0.1476279348134994,0.3836096823215484,0.3785900771617889,-0.4713375866413116,-0.4872586727142334,0.8715783953666687,-0.7597113847732544,-0.4967254400253296,0.594936728477478,-0.6952504515647888,-0.523326575756073,325.8261413574219,0.1022680774331092
EXPC4-005,134.6133987248302,47.0459841549729,prod_forest,prod2023_forest,是,木本沼泽,低,矮丛团簇立暗湿底,judge_C4_00.csv,False,14,-0.0669896193771626,-0.0797231833910034,0.1301653210303729,-0.0517339484813533,-0.0629911572472126,-0.1034063821607074,-0.1190926566705113,0.4136255286428297,0.2141330257593233,-0.0246059207996924,0.3936947327950788,-0.0177777777777777,0.0030142252979623,-0.035432525951557,-0.1085121107266436,0.0415840061514801,0.0553633217993079,-0.0553633217993079,-0.0842137639369473,-0.1476970396001538,0.1793771626297577,-0.1137408688965782,0.0553633217993079,-0.0271280276816609,0.16,0.1245674740484429,-0.0797231833910034,0.0797231833910034,0.1929104190695886,0.0199307958477508,0.0517339484813533,0.1301653210303729,0.0222068435217224,0.1476970396001538,-0.0015378700499807,0.0271280276816609,0.0297731641676278,-0.1358861976163014,0.0888273740868896,-0.0842137639369473,-0.1358861976163014,-0.186082276047674,0.0669896193771626,0.0935640138408304,-0.0629911572472126,0.0842137639369473,0.1137408688965782,-0.1301653210303729,0.1190926566705113,-0.0384467512495194,0.0222068435217224,-0.1085121107266436,-0.1190926566705113,0.0325413302575932,0.1663360246059207,0.1793771626297577,0.17279507881584,0.0222068435217224,-0.075355632449058,-0.1137408688965782,-0.16,0.1137408688965782,0.059115724721261,0.0842137639369473,,,,,0.2927453815937042,-0.2714045941829681,0.176151767373085,0.4244666993618011,-0.4103448390960693,-0.2305961698293686,0.8693816065788269,-0.7540333867073059,-0.565173864364624,0.7007762789726257,-0.674774169921875,-0.596203625202179,437.0614318847656,0.0533583536744117
EXPC4-006,134.77329884540347,46.4063836726798,prod_forest,prod2023_forest,是,草本沼泽,低,草绿含蜿蜒暗湿痕,judge_C4_00.csv,False,15,-0.035432525951557,-0.0157477893118031,0.1537870049980776,-0.075355632449058,0.0157477893118031,-0.17279507881584,-0.1417301038062283,0.4136255286428297,0.186082276047674,0.035432525951557,0.292871972318339,-0.0157477893118031,-0.0482276047673971,-0.0553633217993079,-0.2364628988850442,0.0935640138408304,-0.0138408304498269,-0.0629911572472126,-0.1476970396001538,-0.0297731641676278,0.1929104190695886,0.0553633217993079,0.0138408304498269,-0.0415840061514801,0.1537870049980776,0.0384467512495194,-0.0629911572472126,0.1245674740484429,0.1537870049980776,0.000553633217993,0.0415840061514801,0.0888273740868896,-0.0669896193771626,0.0711111111111111,0.0553633217993079,0.1034063821607074,0.0482276047673971,-0.2364628988850442,0.0384467512495194,-0.1137408688965782,-0.0935640138408304,-0.059115724721261,0.0271280276816609,0.0517339484813533,-0.0415840061514801,0.1245674740484429,0.2441522491349481,-0.292871972318339,0.0888273740868896,-0.0984236831987697,0.0120569011918492,-0.0222068435217224,-0.0935640138408304,-0.0297731641676278,0.035432525951557,0.17279507881584,0.1793771626297577,0.0030142252979623,-0.059115724721261,-0.0842137639369473,-0.1417301038062283,0.059115724721261,-0.1034063821607074,-0.0157477893118031,,,,,0.1678635478019714,-0.1886706203222274,0.2676659524440765,0.5366470217704773,-0.6042216420173645,-0.4325346648693084,0.8899595737457275,-0.7891123294830322,-0.5889101624488831,0.7067338228225708,-0.7639024257659912,-0.6388059854507446,178.10829162597656,0.0390256606042385
EXPC4-007,134.81282471790473,47.11784937770246,prod_forest,prod2023_forest,是,木本沼泽,低,灌丛团簇与暗湿隙,judge_C4_00.csv,False,14,0.0074432910419069,-0.0199307958477508,0.2069357939254133,-0.0669896193771626,-0.0222068435217224,-0.1358861976163014,-0.1476970396001538,0.4136255286428297,0.186082276047674,0.0482276047673971,0.2844444444444444,0.0088581314878892,-0.0553633217993079,-0.059115724721261,-0.16,0.059115724721261,-0.0074432910419069,-0.0297731641676278,-0.0271280276816609,-0.0984236831987697,0.2069357939254133,0.0246059207996924,0.0669896193771626,-0.0797231833910034,0.1301653210303729,0.0517339484813533,-0.1034063821607074,0.1245674740484429,0.1793771626297577,-0.0384467512495194,0.1137408688965782,0.1417301038062283,-0.0297731641676278,0.0984236831987697,0.0297731641676278,0.1034063821607074,0.0888273740868896,-0.2599000384467512,0.0415840061514801,-0.0842137639369473,-0.1537870049980776,-0.0669896193771626,-0.0222068435217224,0.1190926566705113,-0.0669896193771626,0.1301653210303729,0.16,-0.2441522491349481,0.0797231833910034,-0.0935640138408304,0.0138408304498269,-0.1137408688965782,-0.1137408688965782,-0.0177777777777777,0.059115724721261,0.1358861976163014,0.1793771626297577,0.0297731641676278,-0.1245674740484429,-0.0984236831987697,-0.1358861976163014,0.0888273740868896,-0.0271280276816609,-0.01039600153787,,,,,0.2531380653381347,-0.2877104878425598,0.149797573685646,0.3586956560611725,-0.3925294876098633,-0.0187880396842956,0.9014050960540771,-0.7994140386581421,-0.5707740783691406,0.7117516398429871,-0.6593229174613953,-0.5977157354354858,441.9718017578125,0.0533583536744117
EXPC4-008,130.55948151065562,48.72259980125358,prod_forest,prod2023_forest,是,木本沼泽,低,团簇灌丛间暗水隙,judge_C4_00.csv,False,14,-0.0482276047673971,-0.0177777777777777,0.1998615916955017,-0.1245674740484429,-0.0002460592079969,-0.1537870049980776,-0.1793771626297577,0.4136255286428297,0.1663360246059207,0.035432525951557,0.2441522491349481,-0.0482276047673971,0.0049826989619377,-0.0222068435217224,-0.2288965782391388,0.1190926566705113,0.0415840061514801,-0.0629911572472126,-0.186082276047674,-0.0222068435217224,0.17279507881584,0.0669896193771626,0.0177777777777777,-0.0448442906574394,0.1417301038062283,0.0448442906574394,0.0030142252979623,0.1476970396001538,0.2288965782391388,-0.0015378700499807,0.0177777777777777,0.0482276047673971,-0.1245674740484429,0.0325413302575932,0.0039369473279507,0.1190926566705113,0.0222068435217224,-0.2069357939254133,0.0222068435217224,-0.0984236831987697,-0.059115724721261,-0.0448442906574394,-0.0039369473279507,0.0384467512495194,-0.0448442906574394,0.1301653210303729,0.2364628988850442,-0.2844444444444444,0.0553633217993079,-0.0711111111111111,0.0517339484813533,-0.0199307958477508,-0.0984236831987697,-0.0384467512495194,0.0157477893118031,0.1663360246059207,0.1417301038062283,-0.0120569011918492,-0.0797231833910034,-0.0935640138408304,-0.1998615916955017,0.0325413302575932,-0.1301653210303729,0.0157477893118031,,,,,0.1172098368406295,-0.175691932439804,0.3817448318004608,0.4408157765865326,-0.539231538772583,-0.4835835695266723,0.8924731016159058,-0.781566321849823,-0.5349364876747131,0.578352689743042,-0.6776232719421387,-0.5363636612892151,132.89393615722656,0.0640474185347557
EXPC4-009,130.8918581657799,46.28421279403955,prod_forest,prod2023_forest,否,落叶灌丛,低,细密团簇灌丛无明水,judge_C4_00.csv,False,10,-0.0669896193771626,-0.0629911572472126,0.1663360246059207,-0.0629911572472126,-0.1137408688965782,-0.1137408688965782,-0.1537870049980776,0.4982698961937717,0.1793771626297577,-0.0199307958477508,0.3460207612456747,-0.0888273740868896,0.0553633217993079,-0.0157477893118031,-0.1034063821607074,0.0002460592079969,0.0002460592079969,-0.0448442906574394,-0.0797231833910034,-0.1417301038062283,0.1245674740484429,-0.0842137639369473,0.0138408304498269,-0.0049826989619377,0.17279507881584,0.1537870049980776,-0.0448442906574394,0.1245674740484429,0.1793771626297577,-0.0039369473279507,0.0711111111111111,0.0629911572472126,-0.0074432910419069,0.1190926566705113,0.0297731641676278,0.035432525951557,-0.0384467512495194,-0.1537870049980776,0.0888273740868896,-0.0629911572472126,-0.1476970396001538,-0.1417301038062283,0.0629911572472126,0.075355632449058,-0.1245674740484429,0.075355632449058,0.1358861976163014,-0.0935640138408304,0.1417301038062283,-0.059115724721261,0.0246059207996924,-0.035432525951557,-0.1034063821607074,0.0325413302575932,0.1245674740484429,0.1537870049980776,0.17279507881584,0.0325413302575932,-0.1190926566705113,-0.0482276047673971,-0.1929104190695886,0.0297731641676278,-0.0222068435217224,0.1085121107266436,,,,,0.1025605127215385,-0.1281317174434662,0.1074740886688232,0.4512999653816223,-0.5062424540519714,-0.4367103278636932,0.7988890409469604,-0.6828780770301819,-0.3806921541690826,0.4909330606460571,-0.5133869051933289,-0.2686116695404053,329.7132568359375,0.0630452111363411
EXPC4-010,131.6881248336234,49.01904384501302,prod_forest,prod2023_forest,是,草本沼泽,低,灰绿褐斑疑泥炭湿甸,judge_C4_00.csv,False,15,-0.0325413302575932,-0.059115724721261,0.2141330257593233,-0.1476970396001538,-0.0199307958477508,-0.1358861976163014,-0.1537870049980776,0.4035986159169549,0.1537870049980776,0.0415840061514801,0.3014225297962323,-0.0935640138408304,0.0222068435217224,0.0074432910419069,-0.2141330257593233,0.1190926566705113,0.0384467512495194,-0.0553633217993079,-0.1301653210303729,-0.1190926566705113,0.1476970396001538,0.0415840061514801,-0.0120569011918492,-0.0669896193771626,0.1190926566705113,0.0669896193771626,-0.035432525951557,0.17279507881584,0.2519646289888504,-0.0177777777777777,0.0199307958477508,0.0553633217993079,-0.1476970396001538,0.0842137639369473,0.0177777777777777,0.1137408688965782,0.0271280276816609,-0.1537870049980776,-0.0177777777777777,-0.0984236831987697,-0.0553633217993079,-0.0935640138408304,0.0138408304498269,0.075355632449058,-0.0711111111111111,0.1245674740484429,0.1417301038062283,-0.2599000384467512,0.0888273740868896,-0.1034063821607074,0.0517339484813533,-0.0088581314878892,-0.059115724721261,-0.0246059207996924,0.0138408304498269,0.2214532871972318,0.16,0.0002460592079969,-0.0629911572472126,-0.0629911572472126,-0.2069357939254133,0.0669896193771626,-0.0297731641676278,0.0297731641676278,,,,,0.0850396081805229,-0.1243611574172973,0.4725875854492187,0.2463315576314926,-0.3317764699459076,-0.3101429343223572,0.8229824304580688,-0.7137923836708069,-0.4803057014942169,0.5697149038314819,-0.6731982827186584,-0.5842838883399963,301.89215087890625,0.2481564581394195
EXPC4-011,132.63494914308535,44.282407014907605,prod_forest,prod2023_forest,无法判读,草本沼泽,低,拖影模糊仅见暗绿,judge_C4_00.csv,True,15,-0.0271280276816609,-0.0325413302575932,0.17279507881584,-0.1190926566705113,-0.0138408304498269,-0.186082276047674,-0.1537870049980776,0.4237754709727028,0.1190926566705113,0.0415840061514801,0.3100961168781238,-0.0711111111111111,-0.0297731641676278,-0.0199307958477508,-0.1998615916955017,0.0553633217993079,-0.0199307958477508,-0.1034063821607074,-0.2069357939254133,-0.0842137639369473,0.1358861976163014,-0.0074432910419069,-0.0015378700499807,-0.059115724721261,0.1137408688965782,0.1245674740484429,-0.0842137639369473,0.0517339484813533,0.2288965782391388,0.0448442906574394,-0.0177777777777777,0.0448442906574394,-0.0984236831987697,0.035432525951557,0.059115724721261,0.1137408688965782,0.0669896193771626,-0.1476970396001538,0.0271280276816609,-0.1663360246059207,-0.0669896193771626,-0.1034063821607074,0.0271280276816609,0.0797231833910034,-0.059115724721261,0.1137408688965782,0.2288965782391388,-0.2214532871972318,0.17279507881584,-0.1034063821607074,-0.0061514801999231,0.0222068435217224,-0.0842137639369473,0.0553633217993079,0.0157477893118031,0.1476970396001538,0.2069357939254133,-0.0246059207996924,-0.059115724721261,-0.0297731641676278,-0.16,0.0120569011918492,-0.0553633217993079,0.0415840061514801,,,,,0.1499841064214706,-0.0984974950551986,0.2997811734676361,0.5258368849754333,-0.5546615123748779,-0.4461605250835418,0.898747980594635,-0.7772342562675476,-0.5258134603500366,0.5774027705192566,-0.6220294237136841,-0.5097847580909729,139.95755004882812,0.0643476322293281
EXPC4-012,134.83977417642834,48.154864541690046,prod_forest,prod2023_forest,是,草本沼泽,低,笔刷纹理含枯黄斑,judge_C4_00.csv,False,15,-0.0669896193771626,0.0061514801999231,0.1476970396001538,-0.1137408688965782,-0.0074432910419069,-0.1929104190695886,-0.1358861976163014,0.4340484429065744,0.2214532871972318,0.0246059207996924,0.2288965782391388,-0.0246059207996924,-0.035432525951557,-0.0177777777777777,-0.2364628988850442,0.1476970396001538,-0.0088581314878892,-0.0711111111111111,-0.1085121107266436,-0.1245674740484429,0.186082276047674,0.1085121107266436,0.0138408304498269,-0.0384467512495194,0.1476970396001538,0.0384467512495194,-0.0629911572472126,0.1537870049980776,0.1929104190695886,-0.0271280276816609,0.0222068435217224,0.0384467512495194,-0.1085121107266436,0.0415840061514801,0.0842137639369473,0.1137408688965782,0.0271280276816609,-0.1929104190695886,-0.0061514801999231,-0.1085121107266436,-0.0448442906574394,-0.0415840061514801,0.0177777777777777,0.0039369473279507,-0.0711111111111111,0.1417301038062283,0.1929104190695886,-0.2364628988850442,0.035432525951557,-0.1085121107266436,0.0711111111111111,-0.0022145328719723,-0.075355632449058,-0.0415840061514801,0.01039600153787,0.17279507881584,0.186082276047674,0.0325413302575932,-0.075355632449058,-0.0629911572472126,-0.1929104190695886,0.0669896193771626,-0.0935640138408304,-0.0074432910419069,,,,,0.0694904029369354,-0.0957789421081543,0.4265846610069275,0.4117647111415863,-0.4555712342262268,-0.3769168555736542,0.9188997745513916,-0.8211132287979126,-0.5983624458312988,0.6952981352806091,-0.7638698816299438,-0.584015429019928,371.661865234375,0.0481114648282527
EXPC4-013,130.87029859896097,44.08837091353779,prod_forest,prod2023_forest,否,草地,低,浓绿均一无结构,judge_C4_00.csv,False,11,-0.0553633217993079,-0.035432525951557,0.1793771626297577,-0.1034063821607074,0.01039600153787,-0.1476970396001538,-0.1998615916955017,0.3936947327950788,0.1358861976163014,0.0517339484813533,0.292871972318339,-0.0629911572472126,-0.0246059207996924,-0.0177777777777777,-0.1998615916955017,0.0711111111111111,0.0448442906574394,-0.0842137639369473,-0.2679584775086506,0.0138408304498269,0.1663360246059207,-0.0088581314878892,0.0797231833910034,-0.0517339484813533,0.1245674740484429,0.0629911572472126,-0.0553633217993079,0.0157477893118031,0.2141330257593233,0.075355632449058,-0.0482276047673971,0.1085121107266436,0.0,0.035432525951557,0.0797231833910034,0.1301653210303729,0.0297731641676278,-0.16,0.0246059207996924,-0.1190926566705113,-0.0888273740868896,-0.0669896193771626,0.0448442906574394,0.035432525951557,-0.059115724721261,0.1190926566705113,0.2599000384467512,-0.2364628988850442,0.0842137639369473,-0.0797231833910034,0.1085121107266436,0.035432525951557,-0.0984236831987697,0.0797231833910034,0.0517339484813533,0.1358861976163014,0.1537870049980776,-0.035432525951557,-0.0517339484813533,-0.075355632449058,-0.186082276047674,0.0246059207996924,-0.1085121107266436,-0.0553633217993079,,,,,0.0862764865159988,-0.116628848016262,0.431152194738388,0.3170227408409118,-0.4387351870536804,-0.5623073577880859,0.68684983253479,-0.5612887144088745,-0.3583679497241974,0.4332247674465179,-0.5778321027755737,-0.5274584889411926,360.7680969238281,0.130340114235878
EXPC4-014,134.8433674375648,45.35858872528279,prod_forest,prod2023_forest,是,草本沼泽,中,暗色水洼嵌绿草,judge_C4_00.csv,False,15,-0.0061514801999231,0.0415840061514801,0.2069357939254133,-0.1301653210303729,0.0061514801999231,-0.1417301038062283,-0.1793771626297577,0.4872587466359092,0.16,0.0711111111111111,0.1476970396001538,-0.0384467512495194,-0.0448442906574394,-0.0061514801999231,-0.186082276047674,0.1085121107266436,0.0199307958477508,0.0088581314878892,-0.0325413302575932,-0.0797231833910034,0.2069357939254133,0.0888273740868896,0.0138408304498269,-0.075355632449058,0.1085121107266436,-0.035432525951557,-0.1190926566705113,0.1245674740484429,0.17279507881584,-0.035432525951557,0.1358861976163014,0.0935640138408304,-0.0669896193771626,0.1476970396001538,0.0448442906574394,0.1663360246059207,0.0482276047673971,-0.1929104190695886,-0.0629911572472126,-0.0448442906574394,-0.1034063821607074,0.0415840061514801,-0.0222068435217224,0.0984236831987697,-0.0517339484813533,0.2141330257593233,0.16,-0.1998615916955017,0.0325413302575932,-0.1358861976163014,0.0297731641676278,-0.0935640138408304,-0.0935640138408304,-0.0199307958477508,0.0797231833910034,0.186082276047674,0.1190926566705113,0.0984236831987697,-0.1085121107266436,-0.0448442906574394,-0.1245674740484429,0.0415840061514801,-0.059115724721261,-0.0222068435217224,,,,,0.3171372413635254,-0.3535762429237366,0.2562286853790283,0.575183093547821,-0.5640641450881958,-0.5251631140708923,0.8937954306602478,-0.7968708276748657,-0.6336681246757507,0.815912663936615,-0.785960853099823,-0.6840317249298096,548.8732299804688,0.285160630941391
EXPC4-015,130.18757898303014,43.46278414967696,prod_forest,prod2023_forest,是,草本沼泽,低,白灰裸斑与暗绿杂,judge_C4_00.csv,False,15,0.0297731641676278,-0.0797231833910034,0.1301653210303729,-0.0517339484813533,-0.0669896193771626,-0.0935640138408304,-0.0984236831987697,0.3839138792772011,0.1663360246059207,0.0711111111111111,0.3647212610534409,-0.0482276047673971,-0.0448442906574394,-0.0482276047673971,-0.0517339484813533,0.0222068435217224,-0.0199307958477508,-0.0448442906574394,-0.0271280276816609,-0.1137408688965782,0.1663360246059207,-0.1190926566705113,0.1034063821607074,-0.075355632449058,0.1663360246059207,0.0669896193771626,-0.1537870049980776,0.0553633217993079,0.1476970396001538,0.0049826989619377,0.0935640138408304,0.1929104190695886,0.075355632449058,0.1301653210303729,0.0088581314878892,0.0629911572472126,0.0297731641676278,-0.2441522491349481,0.0629911572472126,-0.0888273740868896,-0.1663360246059207,-0.0984236831987697,-0.0030142252979623,0.16,-0.0517339484813533,0.0297731641676278,0.1929104190695886,-0.1929104190695886,0.16,-0.0553633217993079,0.0415840061514801,-0.1358861976163014,-0.1476970396001538,0.0935640138408304,0.0711111111111111,0.1358861976163014,0.1358861976163014,0.0177777777777777,-0.1190926566705113,-0.0888273740868896,-0.17279507881584,0.1190926566705113,-0.0049826989619377,-0.0061514801999231,-13.85779038714195,-17.507170059276895,-10.204124606692574,-17.630513575357764,0.4578947424888611,-0.4610989093780517,-0.1992162019014358,0.4514106512069702,-0.4514106512069702,-0.3854258060455322,0.8361676335334778,-0.7323825359344482,-0.4795023500919342,0.6943907141685486,-0.6622390747070312,-0.5872463583946228,848.4188842773438,0.1514522582292556
EXPC4-016,132.00253518306522,46.92560990690089,prod_forest,prod2023_forest,是,草本沼泽,中,泥炭褐斑与暗湿绿,judge_C4_00.csv,False,15,-0.0482276047673971,-0.0222068435217224,0.1034063821607074,-0.1245674740484429,0.0074432910419069,-0.186082276047674,-0.1137408688965782,0.4136255286428297,0.1476970396001538,-0.01039600153787,0.3553094963475586,-0.0797231833910034,-0.0157477893118031,-0.0415840061514801,-0.2141330257593233,0.1245674740484429,-0.0061514801999231,-0.1358861976163014,-0.1663360246059207,-0.0553633217993079,0.17279507881584,0.0222068435217224,0.0629911572472126,-0.0415840061514801,0.1793771626297577,0.1417301038062283,0.0384467512495194,0.1417301038062283,0.1929104190695886,0.0222068435217224,-0.0482276047673971,0.0049826989619377,-0.075355632449058,0.0222068435217224,0.075355632449058,0.0797231833910034,-0.0039369473279507,-0.1663360246059207,0.059115724721261,-0.1358861976163014,-0.075355632449058,-0.1034063821607074,0.0517339484813533,-0.0246059207996924,-0.0669896193771626,0.0842137639369473,0.2214532871972318,-0.2069357939254133,0.1085121107266436,-0.0177777777777777,0.0669896193771626,0.0074432910419069,-0.1085121107266436,-0.0297731641676278,0.0199307958477508,0.1929104190695886,0.1663360246059207,0.0030142252979623,-0.0297731641676278,-0.075355632449058,-0.17279507881584,0.0553633217993079,-0.0984236831987697,0.0246059207996924,,,,,0.0190377291291952,-0.0092560853809118,0.5347849130630493,0.3887484073638916,-0.504279375076294,-0.5174941420555115,0.8797308802604675,-0.8026010394096375,-0.619510293006897,0.5391895771026611,-0.6976023316383362,-0.5772913694381714,79.16397857666016,0.0648872405290603
EXPC4-017,131.00899847882903,43.77180460741407,prod_forest,prod2023_forest,否,草地,低,均匀草地零星褐斑,judge_C4_00.csv,False,11,-0.059115724721261,0.0448442906574394,0.1301653210303729,-0.1537870049980776,0.0325413302575932,-0.2141330257593233,-0.1998615916955017,0.454963475586313,0.1358861976163014,0.0088581314878892,0.0669896193771626,-0.0271280276816609,-0.059115724721261,-0.0325413302575932,-0.2141330257593233,0.1537870049980776,0.0297731641676278,-0.0015378700499807,-0.2364628988850442,0.0199307958477508,0.1476970396001538,0.1085121107266436,-0.01039600153787,0.0711111111111111,0.1793771626297577,-0.0177777777777777,-0.035432525951557,0.0669896193771626,0.0669896193771626,-0.0177777777777777,0.0297731641676278,0.0797231833910034,0.0061514801999231,0.0061514801999231,0.1034063821607074,0.16,-0.0138408304498269,-0.1929104190695886,0.0271280276816609,-0.0711111111111111,-0.035432525951557,0.0415840061514801,0.0553633217993079,-0.0517339484813533,-0.0415840061514801,0.2214532871972318,0.2599000384467512,-0.2364628988850442,-0.075355632449058,-0.1190926566705113,0.0629911572472126,-0.0022145328719723,-0.059115724721261,0.0199307958477508,-0.0061514801999231,0.1417301038062283,0.0711111111111111,0.0246059207996924,-0.0669896193771626,-0.0271280276816609,-0.1137408688965782,0.0199307958477508,-0.2761399461745483,-0.075355632449058,,,,,0.0684105828404426,-0.0986736118793487,0.553798496723175,0.3131662309169769,-0.5132802128791809,-0.6148186922073364,0.8752831816673279,-0.7646135091781616,-0.5560727715492249,0.5764127969741821,-0.686867356300354,-0.4705490171909332,480.9266357421875,0.2621392905712127
EXPC4-018,133.60189571491162,45.41069101176172,prod_forest,prod2023_forest,是,木本沼泽,低,灌丛团块覆大片暗湿,judge_C4_00.csv,False,14,-0.0711111111111111,-0.01039600153787,0.1034063821607074,-0.1085121107266436,0.0297731641676278,-0.2069357939254133,-0.1537870049980776,0.3936947327950788,0.1793771626297577,-0.000553633217993,0.2679584775086506,-0.0222068435217224,-0.075355632449058,-0.0384467512495194,-0.2364628988850442,0.1476970396001538,0.0039369473279507,-0.1190926566705113,-0.1663360246059207,-0.0297731641676278,0.1998615916955017,0.0629911572472126,0.0448442906574394,-0.035432525951557,0.1476970396001538,0.0888273740868896,-0.0199307958477508,0.1034063821607074,0.2141330257593233,0.0138408304498269,-0.0297731641676278,0.0177777777777777,-0.0888273740868896,-0.0009842368319876,0.0711111111111111,0.1301653210303729,0.0517339484813533,-0.1793771626297577,0.0629911572472126,-0.1537870049980776,-0.0553633217993079,-0.0888273740868896,0.0061514801999231,0.0325413302575932,-0.0384467512495194,0.1358861976163014,0.2679584775086506,-0.2364628988850442,0.0842137639369473,-0.0629911572472126,0.0629911572472126,-0.0074432910419069,-0.1137408688965782,-0.0199307958477508,0.0325413302575932,0.17279507881584,0.1663360246059207,0.0022145328719723,-0.0138408304498269,-0.0842137639369473,-0.17279507881584,0.059115724721261,-0.0669896193771626,-0.0246059207996924,,,,,0.0565139800310134,-0.0723018869757652,0.5134203433990479,0.3510074317455292,-0.4839836955070495,-0.3330824375152588,0.8728576898574829,-0.7617196440696716,-0.5722495913505554,0.6011893153190613,-0.6839691400527954,-0.6155211925506592,120.5173110961914,0.0561328567564487
EXPC4-019,134.42115925402862,44.52854540275635,prod_forest,prod2023_forest,是,草本沼泽,中,绿草底嵌近黑水洼,judge_C4_00.csv,False,15,-0.0022145328719723,-0.075355632449058,0.186082276047674,-0.1301653210303729,-0.0177777777777777,-0.186082276047674,-0.1137408688965782,0.3742560553633218,0.17279507881584,0.0797231833910034,0.3014225297962323,-0.0935640138408304,-0.0074432910419069,-0.0222068435217224,-0.186082276047674,0.0797231833910034,-0.0074432910419069,-0.1085121107266436,-0.0669896193771626,-0.1245674740484429,0.1929104190695886,0.0030142252979623,0.0061514801999231,-0.0842137639369473,0.1034063821607074,0.059115724721261,-0.1034063821607074,0.16,0.2441522491349481,-0.059115724721261,0.075355632449058,0.0629911572472126,-0.0888273740868896,0.0842137639369473,0.0629911572472126,0.1034063821607074,0.0517339484813533,-0.1190926566705113,0.0325413302575932,-0.1137408688965782,-0.1245674740484429,-0.1034063821607074,-0.0177777777777777,0.1301653210303729,-0.0711111111111111,0.1034063821607074,0.186082276047674,-0.2288965782391388,0.0888273740868896,-0.0797231833910034,0.0222068435217224,-0.0199307958477508,-0.0935640138408304,0.0297731641676278,0.0888273740868896,0.2441522491349481,0.17279507881584,0.0199307958477508,-0.075355632449058,-0.0797231833910034,-0.1663360246059207,0.075355632449058,0.0120569011918492,0.0297731641676278,,,,,0.1998538523912429,-0.2153960019350052,0.4156928360462188,0.2622775137424469,-0.3071285784244537,0.2776412665843963,0.7185537815093994,-0.6013718247413635,-0.2670623064041137,0.6839186549186707,-0.6792626976966858,-0.5891381502151489,354.360107421875,0.1128315404057502
EXPC4-020,132.56847381206052,49.02802699785422,prod_forest,prod2023_forest,是,草本沼泽,中,暗湿块与黄绿草,judge_C4_00.csv,False,15,-0.0553633217993079,-0.0888273740868896,0.1663360246059207,-0.1190926566705113,-0.0415840061514801,-0.1476970396001538,-0.1137408688965782,0.3839138792772011,0.16,0.0138408304498269,0.3460207612456747,-0.075355632449058,0.0297731641676278,-0.0297731641676278,-0.1929104190695886,0.075355632449058,-0.0222068435217224,-0.0669896193771626,-0.1190926566705113,-0.1085121107266436,0.1663360246059207,0.0297731641676278,0.0074432910419069,-0.059115724721261,0.1663360246059207,0.1245674740484429,-0.035432525951557,0.1929104190695886,0.186082276047674,-0.0199307958477508,0.0246059207996924,0.059115724721261,-0.1190926566705113,0.0553633217993079,-0.01039600153787,0.0711111111111111,0.0120569011918492,-0.1929104190695886,0.0669896193771626,-0.1301653210303729,-0.0669896193771626,-0.1190926566705113,0.0517339484813533,0.0669896193771626,-0.075355632449058,0.0842137639369473,0.1793771626297577,-0.2599000384467512,0.1190926566705113,-0.0711111111111111,0.0199307958477508,0.000553633217993,-0.0629911572472126,-0.0325413302575932,0.0120569011918492,0.2214532871972318,0.186082276047674,-0.0138408304498269,-0.0629911572472126,-0.0669896193771626,-0.1793771626297577,0.075355632449058,-0.0553633217993079,0.0517339484813533,,,,,0.1327254325151443,-0.1664058417081833,0.1992495357990265,0.4522033929824829,-0.4885337054729461,-0.4236491918563843,0.8711138963699341,-0.7693406343460083,-0.5369175672531128,0.5720306634902954,-0.6064996123313904,-0.5130813717842102,180.0107421875,0.1574566066265106
EXPC4-021,130.66188945304526,45.39991122835229,prod_forest,prod2023_forest,是,草本沼泽,中,紧邻浑水河滩草甸,judge_C4_00.csv,False,15,0.0022145328719723,-0.0246059207996924,0.2288965782391388,-0.1929104190695886,-0.0629911572472126,-0.0271280276816609,-0.2679584775086506,0.4444444444444444,-0.0842137639369473,-0.0482276047673971,0.1137408688965782,-0.0448442906574394,-0.0297731641676278,0.0935640138408304,-0.1245674740484429,-0.0669896193771626,0.035432525951557,0.0415840061514801,-0.0199307958477508,0.1190926566705113,0.0935640138408304,-0.0669896193771626,0.1085121107266436,-0.0842137639369473,0.1034063821607074,0.0629911572472126,-0.0888273740868896,-0.0074432910419069,0.1663360246059207,-0.0842137639369473,0.1301653210303729,0.0797231833910034,-0.0157477893118031,0.1663360246059207,-0.1358861976163014,0.3014225297962323,0.0797231833910034,-0.0984236831987697,-0.0022145328719723,0.035432525951557,-0.1929104190695886,0.0448442906574394,-0.0482276047673971,0.1358861976163014,-0.0482276047673971,0.2761399461745483,0.1537870049980776,-0.1245674740484429,0.0088581314878892,-0.1137408688965782,0.0482276047673971,-0.0271280276816609,0.0015378700499807,0.0157477893118031,0.0629911572472126,0.1476970396001538,0.0482276047673971,0.17279507881584,-0.0935640138408304,-0.0415840061514801,-0.1301653210303729,0.0088581314878892,-0.1085121107266436,-0.0888273740868896,,,,,0.3139872252941131,-0.3673561811447143,0.4013378024101257,0.4439359307289123,-0.5055174231529236,-0.4304362833499908,0.7116357684135437,-0.6220535635948181,-0.4718034565448761,0.6103299856185913,-0.6089449524879456,-0.4069565236568451,312.01287841796875,0.1618894636631012
EXPC4-022,131.28028969463313,44.681259001056674,prod_forest,prod2023_forest,是,草本沼泽,低,枯黄卷曲疑割草湿甸,judge_C4_00.csv,False,15,-0.0629911572472126,-0.0222068435217224,0.1034063821607074,-0.0842137639369473,-0.0074432910419069,-0.2288965782391388,-0.1537870049980776,0.3839138792772011,0.1793771626297577,0.0246059207996924,0.2844444444444444,-0.0415840061514801,-0.0415840061514801,-0.075355632449058,-0.1929104190695886,0.0935640138408304,-0.0222068435217224,-0.075355632449058,-0.2069357939254133,-0.0061514801999231,0.186082276047674,0.0482276047673971,0.0415840061514801,0.0199307958477508,0.1793771626297577,0.059115724721261,-0.035432525951557,0.0384467512495194,0.1663360246059207,0.0177777777777777,0.0222068435217224,0.0842137639369473,0.0177777777777777,0.0177777777777777,0.1085121107266436,0.0984236831987697,0.0448442906574394,-0.2141330257593233,0.1085121107266436,-0.1793771626297577,-0.0797231833910034,-0.0553633217993079,0.075355632449058,0.0177777777777777,-0.075355632449058,0.1190926566705113,0.2761399461745483,-0.2599000384467512,0.0325413302575932,-0.075355632449058,0.0384467512495194,0.0199307958477508,-0.0935640138408304,0.0711111111111111,0.0384467512495194,0.1476970396001538,0.1358861976163014,-0.0415840061514801,-0.0629911572472126,-0.1034063821607074,-0.1476970396001538,0.0842137639369473,-0.1417301038062283,-0.0629911572472126,,,,,0.0821622982621193,-0.12119622528553,0.2373037785291671,0.3117591738700866,-0.3825104236602783,-0.5244349241256714,0.8745679259300232,-0.792680025100708,-0.6194191575050354,0.5937233567237854,-0.668571412563324,-0.5376183390617371,545.3928833007812,0.1953300386667251
EXPC4-023,130.27022398916915,44.04525177990005,prod_forest,prod2023_forest,是,草本沼泽,低,黄绿草夹暗湿斑,judge_C4_00.csv,False,15,-0.0842137639369473,-0.0325413302575932,0.186082276047674,-0.0629911572472126,-0.0157477893118031,-0.2069357939254133,-0.1358861976163014,0.454963475586313,0.2141330257593233,0.0669896193771626,0.2599000384467512,-0.1245674740484429,-0.0138408304498269,-0.0384467512495194,-0.1929104190695886,0.1085121107266436,0.0049826989619377,0.0157477893118031,-0.1663360246059207,-0.1793771626297577,0.17279507881584,0.0271280276816609,0.0246059207996924,-0.0384467512495194,0.16,0.0888273740868896,-0.0984236831987697,0.0935640138408304,0.186082276047674,0.0271280276816609,0.0157477893118031,0.059115724721261,-0.0415840061514801,0.1137408688965782,0.1190926566705113,-0.0049826989619377,0.059115724721261,-0.1476970396001538,0.035432525951557,-0.1537870049980776,-0.0157477893118031,-0.0629911572472126,0.0669896193771626,0.0517339484813533,-0.1085121107266436,0.0482276047673971,0.1793771626297577,-0.16,0.0888273740868896,-0.1034063821607074,0.0482276047673971,0.035432525951557,-0.0888273740868896,0.0629911572472126,0.0482276047673971,0.1929104190695886,0.1929104190695886,-0.0157477893118031,-0.0797231833910034,-0.0271280276816609,-0.1537870049980776,0.0517339484813533,-0.0842137639369473,0.0222068435217224,-12.318882414476915,-16.839356484321687,-6.736586086788032,-15.629636055896118,0.1592554301023483,-0.2092772424221038,0.1225114837288856,0.3188976347446441,-0.404906690120697,-0.5453380346298218,0.8782491087913513,-0.777757465839386,-0.5269612669944763,0.5790135264396667,-0.6150385737419128,-0.4559491276741028,648.4718017578125,0.130340114235878
EXPC4-024,132.7337638243385,47.19510449213674,prod_forest,prod2023_forest,否,落叶灌丛,低,紧邻格田水埂的灌丛,judge_C4_00.csv,False,10,-0.0415840061514801,-0.0842137639369473,0.1137408688965782,-0.1476970396001538,-0.0482276047673971,-0.1998615916955017,-0.2141330257593233,0.3553094963475586,0.0553633217993079,-0.035432525951557,0.3100961168781238,-0.0517339484813533,-0.0061514801999231,-0.0222068435217224,-0.2364628988850442,0.0553633217993079,-0.0074432910419069,-0.1085121107266436,-0.16,0.059115724721261,0.1245674740484429,-0.0297731641676278,0.0015378700499807,-0.0669896193771626,0.1301653210303729,0.1476970396001538,0.0517339484813533,0.1245674740484429,0.2441522491349481,-0.0246059207996924,0.0157477893118031,-0.0415840061514801,-0.1034063821607074,0.075355632449058,-0.0553633217993079,0.1998615916955017,0.0669896193771626,-0.1998615916955017,0.0482276047673971,-0.0415840061514801,-0.1793771626297577,-0.075355632449058,-0.0325413302575932,0.0448442906574394,-0.1034063821607074,0.17279507881584,0.2599000384467512,-0.1476970396001538,0.0517339484813533,-0.0517339484813533,0.059115724721261,-0.0325413302575932,-0.0629911572472126,-0.0517339484813533,0.0448442906574394,0.1358861976163014,0.16,0.0177777777777777,-0.0448442906574394,-0.075355632449058,-0.186082276047674,0.0222068435217224,-0.0888273740868896,0.0030142252979623,,,,,0.1306516975164413,-0.1269619315862655,0.4577062726020813,0.3287197351455688,-0.4403600990772247,-0.4434912204742431,0.8894365429878235,-0.8078001737594604,-0.6118404269218445,0.5023097991943359,-0.5705087184906006,-0.3880733847618103,63.408817291259766,0.0145089849829673
EXPC4-025,131.72405744498818,46.22492398528766,prod_forest,prod2023_forest,是,草本沼泽,低,黄绿草含暗湿点,judge_C4_00.csv,False,15,-0.0888273740868896,-0.0120569011918492,0.1793771626297577,-0.035432525951557,-0.0384467512495194,-0.1663360246059207,-0.1417301038062283,0.4237754709727028,0.2069357939254133,-0.0138408304498269,0.3647212610534409,-0.059115724721261,-0.0177777777777777,-0.0669896193771626,-0.1476970396001538,0.1034063821607074,0.0325413302575932,-0.0482276047673971,-0.1417301038062283,-0.1358861976163014,0.186082276047674,-0.0384467512495194,0.075355632449058,-0.01039600153787,0.1998615916955017,0.1476970396001538,-0.0482276047673971,0.0888273740868896,0.1998615916955017,0.0271280276816609,0.0022145328719723,0.1190926566705113,0.0157477893118031,0.0797231833910034,0.0517339484813533,0.0088581314878892,0.035432525951557,-0.16,0.0711111111111111,-0.1245674740484429,-0.0711111111111111,-0.1190926566705113,0.075355632449058,0.0629911572472126,-0.0842137639369473,0.0553633217993079,0.1358861976163014,-0.16,0.1417301038062283,-0.0384467512495194,0.0384467512495194,-0.0138408304498269,-0.1034063821607074,0.0553633217993079,0.059115724721261,0.17279507881584,0.1998615916955017,-0.0297731641676278,-0.0797231833910034,-0.0842137639369473,-0.17279507881584,0.075355632449058,-0.0384467512495194,0.0415840061514801,,,,,0.161369189620018,-0.0977899730205535,0.2170693725347519,0.3970168232917785,-0.4661115705966949,-0.4223423302173614,0.8814875483512878,-0.7673704624176025,-0.5165536403656006,0.5404219627380371,-0.6192358136177063,-0.5643216371536255,506.3947448730469,0.0911156833171844
EXPC4-026,134.92421581313556,48.878906660690376,prod_forest,prod2023_forest,否,草地,低,浓绿均一无湿迹,judge_C4_00.csv,False,11,-0.059115724721261,-0.0246059207996924,0.1663360246059207,-0.1417301038062283,-0.0157477893118031,-0.1476970396001538,-0.16,0.4035986159169549,0.1476970396001538,-0.0297731641676278,0.2761399461745483,-0.0553633217993079,-0.0517339484813533,0.0022145328719723,-0.2288965782391388,0.16,0.0271280276816609,-0.1085121107266436,-0.1137408688965782,-0.0711111111111111,0.1929104190695886,0.0415840061514801,0.0553633217993079,-0.0797231833910034,0.1358861976163014,0.1190926566705113,-0.0297731641676278,0.1190926566705113,0.2599000384467512,-0.0199307958477508,-0.0049826989619377,0.0039369473279507,-0.1245674740484429,0.0297731641676278,-0.0088581314878892,0.186082276047674,0.0797231833910034,-0.1537870049980776,-0.0222068435217224,-0.1137408688965782,-0.0517339484813533,-0.0888273740868896,-0.0246059207996924,0.0482276047673971,-0.0669896193771626,0.1358861976163014,0.1793771626297577,-0.2214532871972318,0.0711111111111111,-0.0711111111111111,0.0888273740868896,-0.0138408304498269,-0.0935640138408304,-0.0384467512495194,0.0120569011918492,0.1998615916955017,0.1793771626297577,0.01039600153787,-0.0138408304498269,-0.0553633217993079,-0.1929104190695886,0.075355632449058,-0.0448442906574394,-0.0157477893118031,,,,,0.1065862849354744,-0.1743119210004806,0.5391539335250854,0.3883758783340454,-0.51871657371521,-0.5427603721618652,0.8623746037483215,-0.7531840205192566,-0.528325617313385,0.5037888288497925,-0.6318302154541016,-0.4096129238605499,76.02356719970703,0.0481114648282527
EXPC4-027,131.82466875680956,48.86094035500798,prod_forest,prod2023_forest,是,草本沼泽,低,灰绿夹紫褐枯斑,judge_C4_00.csv,False,15,-0.0271280276816609,-0.0039369473279507,0.1929104190695886,-0.1663360246059207,-0.0120569011918492,-0.16,-0.1537870049980776,0.4136255286428297,0.17279507881584,0.0271280276816609,0.2679584775086506,-0.0384467512495194,0.0015378700499807,-0.0222068435217224,-0.2069357939254133,0.1245674740484429,0.0222068435217224,-0.0448442906574394,-0.1034063821607074,-0.1190926566705113,0.186082276047674,0.0797231833910034,0.01039600153787,-0.0517339484813533,0.1476970396001538,0.035432525951557,-0.0415840061514801,0.1793771626297577,0.2141330257593233,-0.0384467512495194,0.0482276047673971,0.0711111111111111,-0.1034063821607074,0.0553633217993079,0.0415840061514801,0.1190926566705113,0.0246059207996924,-0.1998615916955017,-0.0015378700499807,-0.0935640138408304,-0.0629911572472126,-0.0629911572472126,0.0246059207996924,0.0448442906574394,-0.0797231833910034,0.1537870049980776,0.1793771626297577,-0.2599000384467512,0.0415840061514801,-0.1137408688965782,0.0553633217993079,-0.035432525951557,-0.0842137639369473,-0.0448442906574394,0.0222068435217224,0.1929104190695886,0.1537870049980776,0.0177777777777777,-0.0711111111111111,-0.0711111111111111,-0.1929104190695886,0.0711111111111111,-0.0482276047673971,-0.0138408304498269,,,,,0.0681928098201751,-0.1318756341934204,0.4511707723140716,0.5061079263687134,-0.5858026742935181,-0.5176336765289307,0.8494442701339722,-0.7476130127906799,-0.5809775590896606,0.4587824046611786,-0.5620711445808411,-0.6405529975891113,281.7648620605469,0.0974991619586944
EXPC4-028,134.91882592143085,45.66042266074695,prod_forest,prod2023_forest,否,落叶灌丛,低,细密团簇无明水,judge_C4_00.csv,False,10,-0.0088581314878892,-0.0271280276816609,0.1929104190695886,-0.075355632449058,-0.0448442906574394,-0.1085121107266436,-0.1245674740484429,0.4444444444444444,0.1998615916955017,0.0177777777777777,0.3278123798539023,-0.0669896193771626,-0.0517339484813533,-0.01039600153787,-0.1245674740484429,0.0415840061514801,0.0022145328719723,-0.0629911572472126,0.0120569011918492,-0.1793771626297577,0.186082276047674,-0.0415840061514801,0.0629911572472126,-0.0797231833910034,0.1358861976163014,0.1085121107266436,-0.1245674740484429,0.1245674740484429,0.1929104190695886,-0.0325413302575932,0.1137408688965782,0.1245674740484429,-0.0415840061514801,0.1245674740484429,0.035432525951557,0.0482276047673971,0.0271280276816609,-0.1663360246059207,0.0482276047673971,-0.0888273740868896,-0.1190926566705113,-0.1190926566705113,0.0177777777777777,0.1358861976163014,-0.0629911572472126,0.0629911572472126,0.1245674740484429,-0.1663360246059207,0.16,-0.0711111111111111,-0.0088581314878892,-0.0797231833910034,-0.1245674740484429,0.035432525951557,0.1190926566705113,0.17279507881584,0.2069357939254133,0.059115724721261,-0.1137408688965782,-0.0711111111111111,-0.1417301038062283,0.0553633217993079,0.0297731641676278,0.0669896193771626,,,,,0.2746972739696502,-0.2671594619750976,0.0436090230941772,0.3640897870063782,-0.4075265228748321,-0.0863095223903656,0.9223628640174866,-0.8370967507362366,-0.6109773516654968,0.8408304452896118,-0.7486304640769958,-0.5377086997032166,371.4225463867188,0.285160630941391
EXPC4-029,132.42833662773788,43.57776850604425,prod_forest,prod2023_forest,是,草本沼泽,中,绿草嵌红褐枯斑,judge_C4_00.csv,False,15,-0.01039600153787,-0.0517339484813533,0.1537870049980776,-0.035432525951557,-0.0177777777777777,-0.1301653210303729,-0.0935640138408304,0.3839138792772011,0.2069357939254133,0.0199307958477508,0.3460207612456747,-0.0199307958477508,-0.075355632449058,-0.0271280276816609,-0.1301653210303729,0.0553633217993079,-0.0157477893118031,-0.0629911572472126,-0.1034063821607074,-0.1034063821607074,0.2069357939254133,-0.0120569011918492,0.0177777777777777,-0.0629911572472126,0.1476970396001538,0.1034063821607074,-0.1190926566705113,0.0553633217993079,0.1663360246059207,-0.0199307958477508,0.059115724721261,0.2069357939254133,-0.0157477893118031,0.1034063821607074,0.0711111111111111,0.0553633217993079,0.0222068435217224,-0.2141330257593233,0.059115724721261,-0.1417301038062283,-0.1245674740484429,-0.1537870049980776,0.0711111111111111,0.1358861976163014,-0.0325413302575932,0.0553633217993079,0.2288965782391388,-0.2069357939254133,0.1476970396001538,-0.1085121107266436,-0.0022145328719723,-0.0935640138408304,-0.1137408688965782,0.075355632449058,0.0797231833910034,0.1476970396001538,0.186082276047674,0.0177777777777777,-0.075355632449058,-0.0842137639369473,-0.1301653210303729,0.0842137639369473,0.0199307958477508,0.035432525951557,,,,,0.2018106430768966,-0.2146397233009338,0.159257173538208,0.5203155875205994,-0.486309289932251,-0.4247462749481201,0.7509262561798096,-0.6936416029930115,-0.413976103067398,0.5800119042396545,-0.5771971344947815,-0.5114922523498535,215.1829071044922,0.0258415937423706
EXPC4-030,134.8056381956318,48.1710342168042,prod_forest,prod2023_forest,是,草本沼泽,中,暗湿块嵌草绿,judge_C4_00.csv,False,15,-0.059115724721261,-0.0384467512495194,0.16,-0.075355632449058,-0.0517339484813533,-0.1476970396001538,-0.1137408688965782,0.4340484429065744,0.186082276047674,-0.0074432910419069,0.3188927335640138,-0.0448442906574394,-0.035432525951557,-0.0482276047673971,-0.1663360246059207,0.0842137639369473,-0.0271280276816609,-0.059115724721261,-0.0177777777777777,-0.16,0.1998615916955017,0.0061514801999231,0.0297731641676278,-0.075355632449058,0.1793771626297577,0.1190926566705113,-0.0669896193771626,0.16,0.1998615916955017,-0.0297731641676278,0.0711111111111111,0.0888273740868896,-0.0629911572472126,0.0888273740868896,0.0384467512495194,0.0888273740868896,0.0415840061514801,-0.2214532871972318,0.0297731641676278,-0.1085121107266436,-0.0888273740868896,-0.1190926566705113,0.0120569011918492,0.0888273740868896,-0.0629911572472126,0.0842137639369473,0.1476970396001538,-0.2069357939254133,0.1537870049980776,-0.0842137639369473,0.0222068435217224,-0.0629911572472126,-0.0935640138408304,-0.0177777777777777,0.0384467512495194,0.1929104190695886,0.2141330257593233,0.035432525951557,-0.0842137639369473,-0.0415840061514801,-0.1663360246059207,0.0669896193771626,-0.0009842368319876,0.0271280276816609,,,,,0.2042569518089294,-0.2567911148071289,0.2131935358047485,0.5101789236068726,-0.5968688726425171,-0.4668967127799988,0.8954248428344727,-0.7934035658836365,-0.576127827167511,0.6979645490646362,-0.6935166716575623,-0.5255955457687378,226.01292419433597,0.0481114648282527
EXPC4-031,133.8624071473063,46.59323325177666,prod_forest,prod2023_forest,是,草本沼泽,低,浓绿含弱暗斑,judge_C4_00.csv,False,15,-0.0797231833910034,-0.0157477893118031,0.1301653210303729,-0.0415840061514801,-0.0138408304498269,-0.17279507881584,-0.1034063821607074,0.4035986159169549,0.1998615916955017,0.0009842368319876,0.3368550557477893,-0.0448442906574394,-0.0271280276816609,-0.0384467512495194,-0.1793771626297577,0.1190926566705113,0.0177777777777777,-0.1190926566705113,-0.1537870049980776,-0.0711111111111111,0.1929104190695886,0.0088581314878892,0.035432525951557,-0.0448442906574394,0.1793771626297577,0.1137408688965782,-0.0199307958477508,0.1245674740484429,0.1793771626297577,0.0157477893118031,-0.0138408304498269,0.0842137639369473,-0.0448442906574394,0.0325413302575932,0.059115724721261,0.0669896193771626,0.0222068435217224,-0.186082276047674,0.0517339484813533,-0.1476970396001538,-0.075355632449058,-0.1034063821607074,0.0138408304498269,0.0482276047673971,-0.0553633217993079,0.0842137639369473,0.2288965782391388,-0.2364628988850442,0.1301653210303729,-0.059115724721261,0.0384467512495194,0.0120569011918492,-0.1301653210303729,0.0246059207996924,0.0711111111111111,0.1998615916955017,0.2141330257593233,-0.0222068435217224,-0.0384467512495194,-0.0888273740868896,-0.17279507881584,0.0384467512495194,-0.0553633217993079,0.0415840061514801,,,,,0.1235659196972847,-0.114344336092472,0.3295995593070984,0.4811787605285644,-0.5762847661972046,-0.3370343744754791,0.8780099749565125,-0.7895135879516602,-0.5403726696968079,0.6258351802825928,-0.6844534277915955,-0.5176366567611694,132.22286987304688,0.0100717162713408
EXPC4-032,132.4157602137602,45.99279931587117,prod_forest,prod2023_forest,无法判读,水体,低,近黑无纹理白斑疑云,judge_C4_00.csv,True,23,-0.1085121107266436,-0.0138408304498269,0.1793771626297577,-0.0984236831987697,-0.0517339484813533,-0.2069357939254133,-0.17279507881584,0.4237754709727028,0.1998615916955017,0.0271280276816609,0.3100961168781238,-0.0842137639369473,0.0030142252979623,-0.059115724721261,-0.2069357939254133,0.075355632449058,0.0039369473279507,-0.0984236831987697,-0.1929104190695886,-0.1190926566705113,0.1476970396001538,0.0246059207996924,0.0246059207996924,-0.0384467512495194,0.1476970396001538,0.16,-0.0553633217993079,0.0797231833910034,0.2441522491349481,0.059115724721261,0.000553633217993,0.075355632449058,-0.0448442906574394,0.075355632449058,0.0177777777777777,0.0384467512495194,0.0384467512495194,-0.0935640138408304,0.0797231833910034,-0.1358861976163014,0.01039600153787,-0.0935640138408304,0.0482276047673971,0.0415840061514801,-0.0517339484813533,0.0629911572472126,0.2069357939254133,-0.1476970396001538,0.1417301038062283,-0.1034063821607074,0.0482276047673971,0.035432525951557,-0.0984236831987697,0.0177777777777777,0.0271280276816609,0.1476970396001538,0.2069357939254133,-0.0448442906574394,-0.0669896193771626,-0.0888273740868896,-0.17279507881584,0.0482276047673971,-0.0271280276816609,0.0553633217993079,,,,,0.088314488530159,-0.0653663650155067,0.2889858186244964,0.5396825671195984,-0.4098837077617645,-0.2880939841270447,0.879837691783905,-0.766533374786377,-0.5577871799468994,0.4262105524539947,-0.4585093855857849,-0.3470552265644073,315.00634765625,0.0905515700578689
EXPC4-033,132.06362062238534,45.77720364768248,prod_forest,prod2023_forest,否,落叶阔叶林,低,冠层团块状无湿底,judge_C4_00.csv,False,5,-0.0629911572472126,-0.0797231833910034,0.186082276047674,-0.0888273740868896,-0.1245674740484429,-0.1190926566705113,-0.1358861976163014,0.4444444444444444,0.186082276047674,-0.0049826989619377,0.3460207612456747,-0.075355632449058,0.0629911572472126,0.0088581314878892,-0.1245674740484429,-0.0049826989619377,-0.0222068435217224,-0.0797231833910034,-0.0842137639369473,-0.1358861976163014,0.16,-0.0222068435217224,0.01039600153787,-0.0199307958477508,0.186082276047674,0.1663360246059207,-0.0553633217993079,0.1476970396001538,0.16,0.0199307958477508,0.0517339484813533,0.0888273740868896,-0.0669896193771626,0.0271280276816609,0.0271280276816609,0.0030142252979623,-0.0448442906574394,-0.1793771626297577,0.0935640138408304,-0.0935640138408304,-0.1358861976163014,-0.1663360246059207,0.075355632449058,0.0517339484813533,-0.0984236831987697,0.0553633217993079,0.186082276047674,-0.1537870049980776,0.1301653210303729,-0.0888273740868896,0.0177777777777777,-0.0177777777777777,-0.0888273740868896,-0.0297731641676278,0.0888273740868896,0.1476970396001538,0.2069357939254133,0.035432525951557,-0.1190926566705113,-0.0448442906574394,-0.17279507881584,0.0415840061514801,-0.0199307958477508,0.0797231833910034,,,,,0.1510791331529617,-0.1360946744680404,-0.0353485308587551,0.3188315629959106,-0.4604267179965973,-0.4118529558181762,0.8436992168426514,-0.7086527943611145,-0.3846153914928436,0.4156365990638733,-0.5458073019981384,-0.3680751025676727,209.3642120361328,0.0905515700578689
EXPC4-034,130.19117224416664,48.445918693744765,prod_forest,prod2023_forest,否,草地,低,灰绿均一无结构,judge_C4_00.csv,False,11,-0.0669896193771626,-0.0120569011918492,0.17279507881584,-0.0842137639369473,-0.0199307958477508,-0.1476970396001538,-0.1417301038062283,0.4237754709727028,0.2141330257593233,0.0138408304498269,0.3553094963475586,-0.0984236831987697,0.0271280276816609,-0.0297731641676278,-0.17279507881584,0.1190926566705113,0.0199307958477508,-0.0629911572472126,-0.1537870049980776,-0.1190926566705113,0.1663360246059207,0.0138408304498269,0.0517339484813533,-0.0297731641676278,0.1793771626297577,0.1245674740484429,-0.0199307958477508,0.1417301038062283,0.1929104190695886,0.0246059207996924,0.0039369473279507,0.1085121107266436,-0.0517339484813533,0.0415840061514801,0.0448442906574394,0.0271280276816609,-0.0074432910419069,-0.1476970396001538,0.0553633217993079,-0.1245674740484429,-0.0482276047673971,-0.1190926566705113,0.0797231833910034,0.0271280276816609,-0.075355632449058,0.0517339484813533,0.1663360246059207,-0.2141330257593233,0.1137408688965782,-0.0517339484813533,0.0325413302575932,0.0074432910419069,-0.0984236831987697,0.0138408304498269,0.0517339484813533,0.2069357939254133,0.1998615916955017,-0.0271280276816609,-0.075355632449058,-0.075355632449058,-0.1793771626297577,0.059115724721261,-0.0711111111111111,0.0517339484813533,,,,,0.1018010973930358,-0.1179976165294647,0.238493725657463,0.4403068125247955,-0.5154907703399658,-0.3881308436393738,0.8697468638420105,-0.7357974052429199,-0.5187032222747803,0.5296157002449036,-0.5855046510696411,-0.4318554997444153,273.9733581542969,0.0640474185347557
EXPC4-035,130.78226370111727,43.96224744764741,prod_forest,prod2023_forest,否,草本旱地,低,枯黄均一疑收割地,judge_C4_00.csv,False,0,-0.0935640138408304,-0.0325413302575932,0.2069357939254133,-0.0553633217993079,-0.01039600153787,-0.1929104190695886,-0.1358861976163014,0.4656055363321799,0.1929104190695886,0.035432525951557,0.2679584775086506,-0.1034063821607074,0.0074432910419069,-0.035432525951557,-0.1476970396001538,0.0711111111111111,0.0157477893118031,0.0325413302575932,-0.2599000384467512,-0.1137408688965782,0.1301653210303729,-0.0138408304498269,0.0629911572472126,0.0030142252979623,0.1663360246059207,0.1476970396001538,-0.1085121107266436,0.0325413302575932,0.1793771626297577,0.0517339484813533,-0.0448442906574394,0.059115724721261,0.0246059207996924,0.1034063821607074,0.1137408688965782,0.01039600153787,0.0061514801999231,-0.1301653210303729,0.0842137639369473,-0.1417301038062283,0.0482276047673971,-0.059115724721261,0.1034063821607074,0.0074432910419069,-0.0888273740868896,0.0120569011918492,0.2069357939254133,-0.1085121107266436,0.1476970396001538,-0.0797231833910034,0.0448442906574394,0.0888273740868896,-0.0842137639369473,0.0984236831987697,0.0246059207996924,0.1537870049980776,0.16,-0.0517339484813533,-0.0984236831987697,0.0088581314878892,-0.186082276047674,0.0222068435217224,-0.1245674740484429,0.0297731641676278,-11.75820648624794,-18.23364355245923,-6.1713867791431625,-13.72455917353284,0.1218460202217102,-0.1603836715221405,0.1834617257118225,0.3551020324230194,-0.4228571355342865,-0.5500487089157104,0.8514946699142456,-0.7341040372848511,-0.4862129092216491,0.5825674533843994,-0.6531434059143066,-0.5680678486824036,297.4681396484375,0.1514522582292556
EXPC4-036,132.56847381206052,46.12970256517099,prod_forest,prod2023_forest,是,草本沼泽,低,暗湿植被伴白亮曲流,judge_C4_00.csv,False,15,-0.0842137639369473,-0.0022145328719723,0.1301653210303729,-0.1085121107266436,-0.0246059207996924,-0.1998615916955017,-0.1301653210303729,0.4035986159169549,0.16,0.0120569011918492,0.3014225297962323,-0.0415840061514801,-0.0138408304498269,-0.0448442906574394,-0.1929104190695886,0.0517339484813533,-0.0157477893118031,-0.1476970396001538,-0.16,-0.0271280276816609,0.1793771626297577,0.0384467512495194,0.0199307958477508,-0.0448442906574394,0.17279507881584,0.1190926566705113,-0.0177777777777777,0.075355632449058,0.2288965782391388,0.0138408304498269,0.0177777777777777,0.0553633217993079,-0.0325413302575932,0.01039600153787,0.0517339484813533,0.1137408688965782,0.0517339484813533,-0.17279507881584,0.1034063821607074,-0.1663360246059207,-0.0629911572472126,-0.1034063821607074,0.01039600153787,0.0297731641676278,-0.0384467512495194,0.1085121107266436,0.2844444444444444,-0.1998615916955017,0.1301653210303729,-0.0448442906574394,0.0325413302575932,0.0157477893118031,-0.1137408688965782,0.0074432910419069,0.0325413302575932,0.1537870049980776,0.1929104190695886,-0.035432525951557,-0.059115724721261,-0.1301653210303729,-0.16,0.0448442906574394,-0.0935640138408304,0.0138408304498269,,,,,0.1258926689624786,-0.1531870365142822,0.2696224451065063,0.3757352828979492,-0.3921130895614624,-0.4246478974819183,0.8760921359062195,-0.7899024486541748,-0.5572854280471802,0.5996281504631042,-0.6866524815559387,-0.565375030040741,120.79340362548828,0.0648872405290603
EXPC4-037,130.01689907904745,45.0783143566375,prod_forest,prod2023_forest,是,草本沼泽,低,蜿蜒暗线夹灰绿湿杂,judge_C4_00.csv,False,15,-0.0842137639369473,-0.0088581314878892,0.1417301038062283,-0.075355632449058,-0.0415840061514801,-0.17279507881584,-0.0984236831987697,0.4340484429065744,0.1998615916955017,0.0271280276816609,0.3460207612456747,-0.0984236831987697,-0.0061514801999231,-0.0271280276816609,-0.1301653210303729,0.1034063821607074,0.0246059207996924,-0.0842137639369473,-0.1929104190695886,-0.1358861976163014,0.1793771626297577,-0.0177777777777777,0.0553633217993079,-0.0222068435217224,0.1998615916955017,0.1190926566705113,-0.0517339484813533,0.0935640138408304,0.17279507881584,0.0384467512495194,-0.0030142252979623,0.0842137639369473,0.0138408304498269,0.0415840061514801,0.1137408688965782,0.0039369473279507,-0.0088581314878892,-0.1358861976163014,0.0797231833910034,-0.1417301038062283,-0.0669896193771626,-0.1034063821607074,0.0842137639369473,0.0517339484813533,-0.0797231833910034,0.0448442906574394,0.1998615916955017,-0.1929104190695886,0.1301653210303729,-0.0325413302575932,0.0517339484813533,0.0553633217993079,-0.0984236831987697,0.0797231833910034,0.059115724721261,0.2141330257593233,0.17279507881584,-0.0222068435217224,-0.0711111111111111,-0.0669896193771626,-0.1663360246059207,0.0297731641676278,-0.0711111111111111,0.0271280276816609,-11.76755670927838,-21.38504483285904,-9.671891025380496,-15.32836188351585,0.0802866071462631,-0.1052631586790084,0.3318410813808441,0.3256410360336303,-0.4558254182338714,-0.5653640627861023,0.8572078347206116,-0.7649092674255371,-0.543049156665802,0.5685936212539673,-0.6547330021858215,-0.5270158052444458,410.446533203125,0.1618894636631012
EXPC4-038,134.22352989152233,44.638139867418936,prod_forest,prod2023_forest,是,草本沼泽,低,团簇暗隙湿底疑似,judge_C4_00.csv,False,15,-0.0088581314878892,-0.0517339484813533,0.1663360246059207,-0.0935640138408304,-0.0120569011918492,-0.1663360246059207,-0.1301653210303729,0.4035986159169549,0.16,0.0517339484813533,0.3188927335640138,-0.0384467512495194,-0.0325413302575932,-0.0517339484813533,-0.17279507881584,0.0711111111111111,-0.0088581314878892,-0.075355632449058,-0.0888273740868896,-0.0711111111111111,0.1998615916955017,0.0177777777777777,0.0199307958477508,-0.0842137639369473,0.1417301038062283,0.0629911572472126,-0.0797231833910034,0.1476970396001538,0.1998615916955017,-0.0325413302575932,0.0711111111111111,0.0935640138408304,-0.0629911572472126,0.0553633217993079,0.0448442906574394,0.0984236831987697,0.0482276047673971,-0.2214532871972318,0.0711111111111111,-0.1245674740484429,-0.1358861976163014,-0.0842137639369473,-0.0088581314878892,0.1301653210303729,-0.0629911572472126,0.1137408688965782,0.2214532871972318,-0.2519646289888504,0.1137408688965782,-0.059115724721261,0.0049826989619377,-0.0482276047673971,-0.1190926566705113,-0.0049826989619377,0.0842137639369473,0.1929104190695886,0.17279507881584,0.0222068435217224,-0.075355632449058,-0.0888273740868896,-0.1537870049980776,0.0415840061514801,-0.0120569011918492,-0.0088581314878892,,,,,0.3145779967308044,-0.3018151223659515,0.25588458776474,0.3871769309043884,-0.3774213492870331,-0.000594177050516,0.8677181601524353,-0.7451865673065186,-0.5287911891937256,0.781235933303833,-0.7225736379623413,-0.6577885150909424,250.7263641357422,0.1128315404057502
EXPC4-039,131.81029571226364,46.20336441846879,prod_forest,prod2023_forest,是,草本沼泽,低,绿褐混杂弱湿迹,judge_C4_00.csv,False,15,-0.0448442906574394,0.0271280276816609,0.1417301038062283,-0.1358861976163014,0.0246059207996924,-0.1793771626297577,-0.1793771626297577,0.4136255286428297,0.1793771626297577,0.0384467512495194,0.2069357939254133,0.0015378700499807,-0.0384467512495194,-0.0199307958477508,-0.2364628988850442,0.1301653210303729,0.035432525951557,-0.1034063821607074,-0.2214532871972318,0.0049826989619377,0.1793771626297577,0.0842137639369473,0.0061514801999231,-0.0297731641676278,0.1417301038062283,0.0088581314878892,-0.0138408304498269,0.0842137639369473,0.1663360246059207,0.0074432910419069,6.151480199923106e-05,0.0384467512495194,-0.0797231833910034,0.0015378700499807,0.0984236831987697,0.1537870049980776,0.0120569011918492,-0.17279507881584,0.0325413302575932,-0.1190926566705113,-0.075355632449058,-0.0246059207996924,0.0222068435217224,-0.01039600153787,-0.0297731641676278,0.1929104190695886,0.292871972318339,-0.2519646289888504,0.0222068435217224,-0.0984236831987697,0.0842137639369473,-0.0049826989619377,-0.1137408688965782,0.0009842368319876,0.0157477893118031,0.1358861976163014,0.1245674740484429,0.0177777777777777,-0.0482276047673971,-0.0984236831987697,-0.186082276047674,0.0517339484813533,-0.1358861976163014,-0.0448442906574394,,,,,0.0678179785609245,-0.1120446324348449,0.4854507446289062,0.3192293047904968,-0.4120501279830932,-0.5627725124359131,0.9072341918945312,-0.7804704308509827,-0.5313807725906372,0.560583233833313,-0.6268343925476074,-0.5666463971138,460.2516784667969,0.0911156833171844
