point_id,lon,lat,arm,v31,orig_id
EXPC-000,131.28554483904523,46.89313580937997,C_band130,1,M3C-000
EXPC-001,131.00006024175207,45.66891174018188,C_band130,1,M3C-001
EXPC-002,132.7621955030809,46.84013520761692,C_band130,1,M3C-002
EXPC-003,130.4098671000855,45.34318261816014,C_band130,1,M3C-003
EXPC-004,130.1096501321328,45.99994092237993,C_band130,1,M3C-004
EXPC-005,130.01119477699328,44.628482978114654,C_band130,1,M3C-005
EXPC-006,130.42262317712002,43.11015048489584,C_band130,1,M3C-006
EXPC-007,131.1408262467736,45.42798358098103,C_band130,1,M3C-007
EXPC-008,130.64001547587696,46.59579345033641,C_band130,1,M3C-008
EXPC-009,130.6575326239173,44.83752094472926,C_band130,1,M3C-009
EXPC-010,130.15384724411146,42.99444747630125,C_band130,1,M3C-010
EXPC-011,131.10381565706786,46.31336312500923,C_band130,1,M3C-011
EXPC-012,130.75014892971,47.71374682142315,C_band130,1,M3C-012
EXPC-013,133.44114219481844,47.93697816952685,C_band130,1,M3C-013
EXPC-014,131.00320434524647,45.28622942914697,C_band130,1,M3C-014
EXPC-015,131.50284730627376,46.38504868468197,C_band130,1,M3C-015
EXPC-016,130.09006685893897,47.2789622239093,C_band130,1,M3C-016
EXPC-017,130.88561487455522,43.69127064219276,C_band130,1,M3C-017
EXPC-018,130.4563100002745,47.320464390035625,C_band130,1,M3C-018
EXPC-019,133.73102853700382,46.78417016541627,C_band130,1,M3C-019
EXPC-020,130.45514219040516,48.766302839826,C_band130,3,M3C-020
EXPC-021,130.6350747418143,46.62813280056471,C_band130,3,M3C-021
EXPC-022,130.15088280367388,42.90865836666783,C_band130,3,M3C-022
EXPC-023,132.2013772712051,47.442365774090646,C_band130,3,M3C-023
EXPC-024,130.2931759446784,45.13091071652271,C_band130,3,M3C-024
EXPC-025,130.22912606492068,42.90982617653719,C_band130,3,M3C-025
EXPC-026,132.29794616424795,47.440658975050816,C_band130,3,M3C-026
EXPC-027,131.75042299857708,46.4266406823367,C_band130,3,M3C-027
EXPC-028,130.28670807463274,44.67151228022398,C_band130,3,M3C-028
EXPC-029,130.39513472942596,44.8197343021037,C_band130,3,M3C-029
EXPC-030,130.67352263597462,46.22164513450063,C_band130,3,M3C-030
EXPC-031,130.60336421228487,47.25812130931773,C_band130,3,M3C-031
EXPC-032,130.80368852064353,46.09165891288853,C_band130,3,M3C-032
EXPC-033,132.1757752856077,45.533535626865074,C_band130,3,M3C-033
EXPC-034,134.47411494002748,48.205664271007,C_band130,3,M3C-034
EXPC-035,130.4863137307641,48.85290043321512,C_band130,3,M3C-035
EXPC-036,130.1268977855879,47.340766315456726,C_band130,3,M3C-036
EXPC-037,130.10695518628043,46.30437997216804,C_band130,3,M3C-037
EXPC-038,131.75078232469073,45.23906787673069,C_band130,3,M3C-038
EXPC-039,130.81285133654154,47.44029964893717,C_band130,3,M3C-039
EXPC-040,130.6516037430421,43.8095787651113,C_band130,5,M3C-040
EXPC-041,130.84447203454255,43.17384103853991,C_band130,5,M3C-041
EXPC-042,130.41004676314236,45.117525818789325,C_band130,5,M3C-042
EXPC-043,130.04982233421043,43.22252972693919,C_band130,5,M3C-043
EXPC-044,131.1852928533375,45.87085301605195,C_band130,5,M3C-044
EXPC-045,130.38264814697672,44.30086739399626,C_band130,5,M3C-045
EXPC-046,133.94195296571507,47.12382317434186,C_band130,5,M3C-046
EXPC-047,131.03410639102017,46.62705482222377,C_band130,5,M3C-047
EXPC-048,133.07364141208515,46.55258448517026,C_band130,5,M3C-048
EXPC-049,133.645149595842,47.384873595907,C_band130,5,M3C-049
EXPC-050,131.03257925503718,43.10853351738442,C_band130,5,M3C-050
EXPC-051,131.06141517565743,43.59479158067832,C_band130,5,M3C-051
EXPC-052,130.825158255934,43.269062458656585,C_band130,5,M3C-052
EXPC-053,130.93115945946008,46.49679910602644,C_band130,5,M3C-053
EXPC-054,130.35668683526566,47.34974946829792,C_band130,5,M3C-054
EXPC-055,131.22742384016271,46.44173237910991,C_band130,5,M3C-055
EXPC-056,132.13481210865183,46.32028015269695,C_band130,5,M3C-056
EXPC-057,133.00006939031576,47.91910169537287,C_band130,5,M3C-057
EXPC-058,130.3376425512423,43.36670933004037,C_band130,5,M3C-058
EXPC-059,131.44373816057868,45.13549212447171,C_band130,5,M3C-059
EXPC-060,130.71574345432822,46.70574724111263,C_band130,6,M3C-060
EXPC-061,131.95685585086775,46.50335680760051,C_band130,6,M3C-061
EXPC-062,130.89100476625995,44.685525998656246,C_band130,6,M3C-062
EXPC-063,130.30988460896302,47.64547485983007,C_band130,6,M3C-063
EXPC-064,130.3960330447101,48.09103924075335,C_band130,6,M3C-064
EXPC-065,130.5365295551464,43.55077413175646,C_band130,6,M3C-065
EXPC-066,131.0447065113728,43.42761510630368,C_band130,6,M3C-066
EXPC-067,130.7620965229888,43.14114236219796,C_band130,6,M3C-067
EXPC-068,130.6554664987638,43.1474305691868,C_band130,6,M3C-068
EXPC-069,130.8591145736737,44.94648658869296,C_band130,6,M3C-069
EXPC-070,131.29758226385243,47.60010993798203,C_band130,6,M3C-070
EXPC-071,130.12492149196282,43.63162250732722,C_band130,6,M3C-071
EXPC-072,132.49665350509517,46.09695897306484,C_band130,6,M3C-072
EXPC-073,131.6318453810733,46.568215171113934,C_band130,6,M3C-073
EXPC-074,130.4847865947811,48.38173406669443,C_band130,6,M3C-074
EXPC-075,133.6654515212631,45.99122726412397,C_band130,6,M3C-075
EXPC-076,130.34527823115735,45.50478953777325,C_band130,6,M3C-076
EXPC-077,130.03769507787482,47.213385208168575,C_band130,6,M3C-077
EXPC-078,130.0398510345567,44.40606011376666,C_band130,6,M3C-078
EXPC-079,130.80593430885384,43.41719464900789,C_band130,6,M3C-079
EXPC-080,131.00006024175207,43.39904868026868,C_band130,7,M3C-080
EXPC-081,133.3522089816906,46.3935826798811,C_band130,7,M3C-081
EXPC-082,133.2470162619202,47.41811126141942,C_band130,7,M3C-082
EXPC-083,131.26919550087428,44.99966685351284,C_band130,7,M3C-083
EXPC-084,130.3644123467091,44.89285716623103,C_band130,7,M3C-084
EXPC-085,131.26919550087428,47.41056541303281,C_band130,7,M3C-085
EXPC-086,134.40476500009345,48.250310540627744,C_band130,7,M3C-086
EXPC-087,130.06446487334156,44.39007010170933,C_band130,7,M3C-087
EXPC-088,131.20352865360513,46.35881787838568,C_band130,7,M3C-088
EXPC-089,134.6483881051467,48.401047845303,C_band130,7,M3C-089
EXPC-090,130.58818268398326,44.41701956023292,C_band130,7,M3C-090
EXPC-091,130.54120079462382,44.987359934120406,C_band130,7,M3C-091
EXPC-092,130.96834971222265,45.095067936686334,C_band130,7,M3C-092
EXPC-093,130.3682751024308,47.625442428994205,C_band130,7,M3C-093
EXPC-094,131.00006024175207,45.41127491669641,C_band130,7,M3C-094
EXPC-095,130.32201186529863,45.76341450807126,C_band130,7,M3C-095
EXPC-096,130.71906722087948,45.50434038013119,C_band130,7,M3C-096
EXPC-097,130.40151276794322,44.29969958412691,C_band130,7,M3C-097
EXPC-098,130.09815169649605,46.5243773852489,C_band130,7,M3C-098
EXPC-099,130.3307255235546,45.66046757651116,C_band130,7,M3C-099
EXPC-100,131.6256470056129,45.62076204095308,C_band130,8,M3C-100
EXPC-101,131.68565446659207,45.657772630658805,C_band130,8,M3C-101
EXPC-102,132.95497396305296,46.786685448211806,C_band130,8,M3C-102
EXPC-103,130.58944032538102,47.79297822948249,C_band130,8,M3C-103
EXPC-104,130.15977612498665,45.89241258287082,C_band130,8,M3C-104
EXPC-105,130.05539188897197,47.58016733867458,C_band130,8,M3C-105
EXPC-106,130.2426007941825,44.355035805628674,C_band130,8,M3C-106
EXPC-107,130.15214044507164,48.69668340530673,C_band130,8,M3C-107
EXPC-108,131.4911692075802,46.261171007001884,C_band130,8,M3C-108
EXPC-109,130.1789102405384,45.52554062083641,C_band130,8,M3C-109
EXPC-110,131.1761300374395,43.82709591315163,C_band130,8,M3C-110
EXPC-111,130.26568749698436,43.44603056962813,C_band130,8,M3C-111
EXPC-112,133.60715085932372,46.9001426685961,C_band130,8,M3C-112
EXPC-113,130.11099760505897,43.3661703408699,C_band130,8,M3C-113
EXPC-114,130.36342419989654,45.85836643360269,C_band130,8,M3C-114
EXPC-115,130.4096874370287,43.301761134998536,C_band130,8,M3C-115
EXPC-116,130.49978846002588,42.96695902860719,C_band130,8,M3C-116
EXPC-117,134.5179527258925,48.34580145532965,C_band130,8,M3C-117
EXPC-118,130.6560054879343,45.03380283430938,C_band130,8,M3C-118
EXPC-119,130.17190338132227,45.75335337688912,C_band130,8,M3C-119
EXPC-120,130.92855434513615,45.9741592737257,C_band130,10,M3C-120
EXPC-121,134.19177444622872,47.67188532918318,C_band130,10,M3C-121
EXPC-122,133.10059087060873,45.76170770903144,C_band130,10,M3C-122
EXPC-123,131.21098467046332,45.68319495319938,C_band130,10,M3C-123
EXPC-124,133.18808677928195,46.179693810732246,C_band130,10,M3C-124
EXPC-125,130.67145651082114,48.18626066087002,C_band130,10,M3C-125
EXPC-126,131.09707829243698,46.42178977980245,C_band130,10,M3C-126
EXPC-127,131.51272877439908,47.57262149028797,C_band130,10,M3C-127
EXPC-128,130.98020747397302,46.00910373827794,C_band130,10,M3C-128
EXPC-129,130.00876932572618,45.9531386960773,C_band130,10,M3C-129
EXPC-130,134.28088732241338,47.56857907150943,C_band130,10,M3C-130
EXPC-131,134.5268460472053,47.49213244083087,C_band130,10,M3C-131
EXPC-132,130.222658194875,43.15533574368705,C_band130,10,M3C-132
EXPC-133,130.29730819498536,47.01575584566229,C_band130,10,M3C-133
EXPC-134,130.07111240644406,45.1218377321531,C_band130,10,M3C-134
EXPC-135,130.03616794189182,47.15625235609858,C_band130,10,M3C-135
EXPC-136,131.75239929220214,46.0357837022163,C_band130,10,M3C-136
EXPC-137,130.4817323228151,48.39008839883674,C_band130,10,M3C-137
EXPC-138,133.5159718579856,47.508571610530254,C_band130,10,M3C-138
EXPC-139,130.44858448883107,47.87400626811007,C_band130,10,M3C-139
EXPC-140,130.21924459679536,48.4258413471447,C_band130,11,M3C-140
EXPC-141,131.00006024175207,44.61563706955175,C_band130,11,M3C-141
EXPC-142,130.0098473040671,48.85173262334576,C_band130,11,M3C-142
EXPC-143,131.04290988080456,43.70205042560219,C_band130,11,M3C-143
EXPC-144,130.00275061332258,47.32585428174034,C_band130,11,M3C-144
EXPC-145,130.36045975945896,48.626075823974936,C_band130,11,M3C-145
EXPC-146,130.09878051719494,47.80438683359081,C_band130,11,M3C-146
EXPC-147,130.11620783370685,47.92170680969682,C_band130,11,M3C-147
EXPC-148,131.00006024175207,44.25783809188694,C_band130,11,M3C-148
EXPC-149,131.21790169815105,44.97199874276196,C_band130,11,M3C-149
EXPC-150,134.13239580594842,48.12553454766354,C_band130,11,M3C-150
EXPC-151,130.57452829166465,42.63646883557961,C_band130,11,M3C-151
EXPC-152,130.4352894226261,47.94641048001011,C_band130,11,M3C-152
EXPC-153,130.1509726352023,47.3999652926802,C_band130,11,M3C-153
EXPC-154,130.5230548258846,48.56427173242752,C_band130,11,M3C-154
EXPC-155,130.57830121585795,47.752733704753936,C_band130,11,M3C-155
EXPC-156,130.3474341878392,47.8794859913432,C_band130,11,M3C-156
EXPC-157,130.1412708301338,47.79576300686326,C_band130,11,M3C-157
EXPC-158,130.353273237186,47.83600753159182,C_band130,11,M3C-158
EXPC-159,130.97508707685353,44.37264278519741,C_band130,11,M3C-159
EXPC-160,133.9263222797714,48.04612347654737,C_band130,14,M3C-160
EXPC-161,134.66833070445412,47.62077118951678,C_band130,14,M3C-161
EXPC-162,130.493051095395,48.23135608813282,C_band130,14,M3C-162
EXPC-163,132.03941102547833,46.4514341841784,C_band130,14,M3C-163
EXPC-164,133.16661704399152,46.85477774674806,C_band130,14,M3C-164
EXPC-165,133.9585717984713,47.726772393042886,C_band130,14,M3C-165
EXPC-166,132.0256668016313,46.52949778236839,C_band130,14,M3C-166
EXPC-167,131.22311192679894,43.75900361461537,C_band130,14,M3C-167
EXPC-168,131.70802251716665,46.15346300443596,C_band130,14,M3C-168
EXPC-169,132.7666870795015,46.18454471326649,C_band130,14,M3C-169
EXPC-170,131.58701944839575,45.19693688990549,C_band130,14,M3C-170
EXPC-171,132.01093443097176,46.05878057348976,C_band130,14,M3C-171
EXPC-172,130.58593689577296,48.30007720736796,C_band130,14,M3C-172
EXPC-173,130.83836349061053,48.30169417487938,C_band130,14,M3C-173
EXPC-174,134.57544490407616,48.10631060058338,C_band130,14,M3C-174
EXPC-175,130.73487756987998,48.33448268274974,C_band130,14,M3C-175
EXPC-176,134.13733654001106,47.10127546071046,C_band130,14,M3C-176
EXPC-177,133.46216277246683,47.91577792882163,C_band130,14,M3C-177
EXPC-178,130.31949658250312,46.496978769083256,C_band130,14,M3C-178
EXPC-179,133.13149291638246,45.12758694997146,C_band130,14,M3C-179
EXPC-180,130.49736300875878,48.60307895270148,C_band130,15,M3C-180
EXPC-181,130.41956890515402,47.55887726644095,C_band130,15,M3C-181
EXPC-182,133.14658461315565,46.03245993566505,C_band130,15,M3C-182
EXPC-183,132.2474608452804,46.3312395991632,C_band130,15,M3C-183
EXPC-184,132.3314533243456,45.49329110213652,C_band130,15,M3C-184
EXPC-185,130.83980079506514,47.508571610530254,C_band130,15,M3C-185
EXPC-186,130.56841974773263,45.35243526558658,C_band130,15,M3C-186
EXPC-187,131.26560223973777,46.04341938213131,C_band130,15,M3C-187
EXPC-188,133.6325731818643,45.970835507174456,C_band130,15,M3C-188
EXPC-189,132.96162149615543,47.87373677352484,C_band130,15,M3C-189
EXPC-190,132.86262715184546,47.92440175554918,C_band130,15,M3C-190
EXPC-191,133.51031247169564,45.886124375881984,C_band130,15,M3C-191
EXPC-192,130.89145392390202,44.280655300103575,C_band130,15,M3C-192
EXPC-193,130.50688515077044,45.27859374923195,C_band130,15,M3C-193
EXPC-194,131.09420368352778,45.79593352135638,C_band130,15,M3C-194
EXPC-195,132.62628040059363,45.986825519231786,C_band130,15,M3C-195
EXPC-196,133.67784827218395,46.35037371471496,C_band130,15,M3C-196
EXPC-197,130.85192805140076,47.90742359667932,C_band130,15,M3C-197
EXPC-198,134.57472625184886,48.350921852449126,C_band130,15,M3C-198
EXPC-199,132.68278443196473,46.60881902195614,C_band130,15,M3C-199
EXPC-200,132.87664087027773,45.6104314151857,C_band130,16,M3C-200
EXPC-201,130.49215278011087,45.69029164394393,C_band130,16,M3C-201
EXPC-202,132.3884963448872,46.42843731290494,C_band130,16,M3C-202
EXPC-203,132.7966009784627,46.765664870563405,C_band130,16,M3C-203
EXPC-204,131.2790769689996,45.28039037980019,C_band130,16,M3C-204
EXPC-205,132.19508906421626,46.63424134449672,C_band130,16,M3C-205
EXPC-206,131.62897077216414,45.17941974186516,C_band130,16,M3C-206
EXPC-207,130.608843935518,48.76576385065552,C_band130,16,M3C-207
EXPC-208,130.7665880994094,47.99599748369351,C_band130,16,M3C-208
EXPC-209,130.32668310477607,48.54100536656882,C_band130,16,M3C-209
EXPC-210,133.18368503438978,46.14160524268558,C_band130,16,M3C-210
EXPC-211,130.6440578946555,47.547917819974685,C_band130,16,M3C-211
EXPC-212,130.03437131132358,47.80977672529553,C_band130,16,M3C-212
EXPC-213,134.30047059560718,48.2191390002688,C_band130,16,M3C-213
EXPC-214,132.33980765648792,47.61726775990872,C_band130,16,M3C-214
EXPC-215,130.7944358732171,46.348217758033066,C_band130,16,M3C-215
EXPC-216,131.71997011044544,47.704763668581954,C_band130,16,M3C-216
EXPC-217,132.79031277147385,46.11708123542911,C_band130,16,M3C-217
EXPC-218,132.68494038864662,46.19954657851129,C_band130,16,M3C-218
EXPC-219,132.4532648768722,46.45170367876364,C_band130,16,M3C-219
EXPC-220,130.35435121552695,42.79457232558465,C_band130,21,M3C-220
EXPC-221,134.40871758734357,48.35496427122767,C_band130,21,M3C-221
EXPC-222,130.5883623470401,47.0970533788751,C_band130,21,M3C-222
EXPC-223,133.8488875022803,46.87256438937363,C_band130,21,M3C-223
EXPC-224,130.4652033215873,47.28740638758003,C_band130,21,M3C-224
EXPC-225,130.02646613682333,46.898974858726746,C_band130,21,M3C-225
EXPC-226,130.61126938678512,45.20609970580351,C_band130,21,M3C-226
EXPC-227,130.3000031408377,47.09759236804557,C_band130,21,M3C-227
EXPC-228,130.88552504302683,45.19334362876901,C_band130,21,M3C-228
EXPC-229,131.3821137320881,45.38711023555359,C_band130,21,M3C-229
EXPC-230,133.08262456492633,46.208978888994544,C_band130,21,M3C-230
EXPC-231,130.8861538637257,45.79997594013492,C_band130,21,M3C-231
EXPC-232,130.259938279166,47.07998538847683,C_band130,21,M3C-232
EXPC-233,131.95919147060647,46.716796519107305,C_band130,21,M3C-233
EXPC-234,131.2038879797188,46.99302846897406,C_band130,21,M3C-234
EXPC-235,130.66238352645152,46.69694375132826,C_band130,21,M3C-235
EXPC-236,130.6013879186598,45.82423045280615,C_band130,21,M3C-236
EXPC-237,133.4295539276533,46.08671817882588,C_band130,21,M3C-237
EXPC-238,132.18062618814193,46.576838997841485,C_band130,21,M3C-238
EXPC-239,130.25086529479637,44.23142762253383,C_band130,21,M3C-239
EXPC-240,131.89657889530335,45.37552196838845,C_band130,23,M3C-240
EXPC-241,131.55018852174686,47.25138394468684,C_band130,23,M3C-241
EXPC-242,131.4038529619638,46.79872287301901,C_band130,23,M3C-242
EXPC-243,131.98605109760163,45.4383142067484,C_band130,23,M3C-243
EXPC-244,130.23505494579587,45.3450690802568,C_band130,23,M3C-244
EXPC-245,131.96395254161231,45.563808851939896,C_band130,23,M3C-245
EXPC-246,132.84277438406644,47.80600380110223,C_band130,23,M3C-246
EXPC-247,132.31070224128243,45.185887611910815,C_band130,23,M3C-247
EXPC-248,132.43628671800235,45.843274736829486,C_band130,23,M3C-248
EXPC-249,131.2611106633172,47.203952897685326,C_band130,23,M3C-249
EXPC-250,130.92576956775537,47.204402055327385,C_band130,23,M3C-250
EXPC-251,133.9874975506199,48.301065354180494,C_band130,23,M3C-251
EXPC-252,131.99970548992027,47.33088484733141,C_band130,23,M3C-252
EXPC-253,132.77944315653602,45.310394110289785,C_band130,23,M3C-253
EXPC-254,130.8425855724459,46.16460211395904,C_band130,23,M3C-254
EXPC-255,134.60041806897468,48.287949951032346,C_band130,23,M3C-255
EXPC-256,130.95110205876753,45.4375057229927,C_band130,23,M3C-256
EXPC-257,131.26012251650465,46.68059441315729,C_band130,23,M3C-257
EXPC-258,130.54003298475445,48.259832682639406,C_band130,23,M3C-258
EXPC-259,134.28816367621474,48.12858881962955,C_band130,23,M3C-259
EXPC-260,130.395359308247,43.118998890444416,D_control_base,1,M3D-000
EXPC-261,133.11051725449826,46.02361153011648,D_control_base,1,M3D-001
EXPC-262,133.65624378960086,45.98749925569487,D_control_base,1,M3D-002
EXPC-263,133.95699974672408,48.03242416846455,D_control_base,1,M3D-003
EXPC-264,131.41701328087615,45.39218571690887,D_control_base,1,M3D-004
EXPC-265,130.3463112937341,48.55120124504358,D_control_base,1,M3D-005
EXPC-266,129.99623782751272,48.84333337543925,D_control_base,1,M3D-006
EXPC-267,131.69513169283954,45.680275428526,D_control_base,1,M3D-007
EXPC-268,130.38754396527517,48.62207832096061,D_control_base,1,M3D-008
EXPC-269,130.53819143842202,45.00896441670348,D_control_base,1,M3D-009
EXPC-270,134.6320836827399,48.28898301360909,D_control_base,1,M3D-010
EXPC-271,133.50344035977213,45.90934582597647,D_control_base,1,M3D-011
EXPC-272,133.17411797661393,46.84557001508584,D_control_base,1,M3D-012
EXPC-273,131.38009252269882,45.41131983246061,D_control_base,1,M3D-013
EXPC-274,132.44702158564758,46.449412974789134,D_control_base,1,M3D-014
EXPC-275,131.99211472576943,45.568704670238354,D_control_base,3,M3D-015
EXPC-276,134.26799649808626,47.56970196561458,D_control_base,3,M3D-016
EXPC-277,132.19181021342922,46.65988824585833,D_control_base,3,M3D-017
EXPC-278,130.87532916455206,43.71296495630425,D_control_base,3,M3D-018
EXPC-279,131.27094721567832,46.021455573434594,D_control_base,3,M3D-019
EXPC-280,130.34334685329648,42.78509509933719,D_control_base,3,M3D-020
EXPC-281,130.33849595076225,42.80665466615606,D_control_base,3,M3D-021
EXPC-282,132.36240028588352,46.42947037548168,D_control_base,3,M3D-022
EXPC-283,131.25423855139368,45.285465861155465,D_control_base,3,M3D-023
EXPC-284,132.85422790393895,45.59807958002906,D_control_base,3,M3D-024
EXPC-285,132.2090578668843,46.56691261395196,D_control_base,3,M3D-025
EXPC-286,134.28605263529707,47.56727651434746,D_control_base,3,M3D-026
EXPC-287,130.35816905548447,42.807732644497,D_control_base,3,M3D-027
EXPC-288,134.31354108299112,48.233736623635735,D_control_base,3,M3D-028
EXPC-289,132.17186761412177,46.65530683790933,D_control_base,3,M3D-029
EXPC-290,130.7117459513139,48.34800232777574,D_control_base,5,M3D-030
EXPC-291,130.2622289831405,44.365411347160254,D_control_base,5,M3D-031
EXPC-292,132.32709649521763,45.48462235964477,D_control_base,5,M3D-032
EXPC-293,131.04052934530165,43.681164595246415,D_control_base,5,M3D-033
EXPC-294,130.07142681679352,44.41499835084365,D_control_base,5,M3D-034
EXPC-295,130.37784216020668,45.11514528328641,D_control_base,5,M3D-035
EXPC-296,130.54223385720056,48.54096045080461,D_control_base,5,M3D-036
EXPC-297,130.05525714167936,47.78880106341134,D_control_base,5,M3D-037
EXPC-298,130.16116851367704,48.71343698535557,D_control_base,5,M3D-038
EXPC-299,132.8544973985242,47.90845665925606,D_control_base,5,M3D-039
EXPC-300,132.89087916753104,47.91438554013125,D_control_base,5,M3D-040
EXPC-301,130.86616634865405,44.94536369458782,D_control_base,5,M3D-041
EXPC-302,131.00226111419815,45.99181116905865,D_control_base,5,M3D-042
EXPC-303,132.79251364391996,46.12790593460276,D_control_base,5,M3D-043
EXPC-304,132.94289162248157,47.8734223631754,D_control_base,5,M3D-044
EXPC-305,130.79421129439606,43.26641242856843,D_control_base,6,M3D-045
EXPC-306,130.89823620429712,43.68439853026924,D_control_base,6,M3D-046
EXPC-307,131.16449685451013,45.42802849674524,D_control_base,6,M3D-047
EXPC-308,130.98339649323165,44.63625340532229,D_control_base,6,M3D-048
EXPC-309,130.84487627642042,46.1508129743478,D_control_base,6,M3D-049
EXPC-310,130.99687122249344,45.68997723359449,D_control_base,6,M3D-050
EXPC-311,131.22701959828487,45.69806207115156,D_control_base,6,M3D-051
EXPC-312,131.0205867459942,45.41293679997203,D_control_base,6,M3D-052
EXPC-313,131.64231075413332,45.61829167392175,D_control_base,6,M3D-053
EXPC-314,130.82250822584584,47.91788896973932,D_control_base,6,M3D-054
EXPC-315,131.02409017560225,43.44562632775028,D_control_base,6,M3D-055
EXPC-316,131.03136652940364,45.28896929076353,D_control_base,6,M3D-056
EXPC-317,131.90318151264162,45.3811364389142,D_control_base,6,M3D-057
EXPC-318,130.6605419801191,46.590358642867486,D_control_base,6,M3D-058
EXPC-319,130.69342031951786,46.69222759608664,D_control_base,6,M3D-059
EXPC-320,131.11140642121867,46.435668750942106,D_control_base,7,M3D-060
EXPC-321,130.46273295455595,48.36363301371942,D_control_base,7,M3D-061
EXPC-322,130.6327840378398,43.15699762696267,D_control_base,7,M3D-062
EXPC-323,130.39104739488323,43.30144672464909,D_control_base,7,M3D-063
EXPC-324,130.7378869260818,46.68468174770003,D_control_base,7,M3D-064
EXPC-325,130.37999811688857,48.09764185809163,D_control_base,7,M3D-065
EXPC-326,130.40209667287792,48.0733873454204,D_control_base,7,M3D-066
EXPC-327,132.5200546182465,46.075623985067,D_control_base,7,M3D-067
EXPC-328,131.21031093400023,46.37826640428687,D_control_base,7,M3D-068
EXPC-329,130.15604811655757,45.53286189040198,D_control_base,7,M3D-069
EXPC-330,130.3756862035248,44.28537145534521,D_control_base,7,M3D-070
EXPC-331,131.43156598847887,45.14802362268518,D_control_base,7,M3D-071
EXPC-332,131.21920425531303,45.68000593394076,D_control_base,7,M3D-072
EXPC-333,130.92491616823546,44.68637939817616,D_control_base,7,M3D-073
EXPC-334,130.97450317191883,45.68216189062265,D_control_base,7,M3D-074
EXPC-335,130.13125461471586,47.39399149604081,D_control_base,11,M3D-075
EXPC-336,131.73339992394304,47.68288969141365,D_control_base,14,M3D-076
EXPC-337,132.80302393274414,47.8028147818436,D_control_base,14,M3D-077
EXPC-338,133.5427865692166,45.89182867793615,D_control_base,14,M3D-078
EXPC-339,133.4956250168003,45.88185737828242,D_control_base,14,M3D-079
EXPC-340,133.5174540782044,45.88859474291331,D_control_base,14,M3D-080
EXPC-341,133.50748277855067,45.88401333496431,D_control_base,14,M3D-081
EXPC-342,133.18166382500053,46.85015142303485,D_control_base,14,M3D-082
EXPC-343,130.4818670701077,48.835518032467405,D_control_base,14,M3D-083
EXPC-344,132.4365112968234,45.84520611469034,D_control_base,14,M3D-084
EXPC-345,134.6350481231775,47.61201261549662,D_control_base,14,M3D-085
EXPC-346,133.49805046806742,45.87916243243006,D_control_base,14,M3D-086
EXPC-347,133.68777465607346,45.99585358783718,D_control_base,14,M3D-087
EXPC-348,133.66432862715794,45.96001080800082,D_control_base,14,M3D-088
EXPC-349,133.68831364524394,46.01067579002516,D_control_base,14,M3D-089
EXPC-350,133.17357898744345,46.84961243386438,D_control_base,14,M3D-090
EXPC-351,132.32062862517196,47.63357218231548,D_control_base,15,M3D-091
EXPC-352,133.16549414988637,46.84745647718249,D_control_base,15,M3D-092
EXPC-353,134.653912744144,48.39058247224301,D_control_base,15,M3D-093
EXPC-354,134.616183502211,48.30164925911517,D_control_base,15,M3D-094
EXPC-355,132.94855100877152,46.76660810161174,D_control_base,15,M3D-095
EXPC-356,133.48780967382845,45.87215557321393,D_control_base,15,M3D-096
EXPC-357,134.64663639034265,48.37629925922551,D_control_base,15,M3D-097
EXPC-358,131.97837050192243,45.57678950779543,D_control_base,15,M3D-098
EXPC-359,132.79925100855084,46.76903355287886,D_control_base,15,M3D-099
EXPC-360,134.53371815912882,48.36632795957178,D_control_base,15,M3D-100
EXPC-361,132.80086797606225,46.77199799331645,D_control_base,15,M3D-101
EXPC-362,134.67924523515617,47.64435196572492,D_control_base,15,M3D-102
EXPC-363,130.91063295521798,47.197799437989104,D_control_base,15,M3D-103
EXPC-364,131.5779015482619,45.20030557222093,D_control_base,15,M3D-104
EXPC-365,131.2844219449401,47.18378571955684,D_control_base,15,M3D-105
EXPC-366,131.26016743226887,47.206153770131415,D_control_base,16,M3D-106
EXPC-367,130.4748602108916,48.87001333937759,D_control_base,16,M3D-107
EXPC-368,134.4132540795284,48.37791622673692,D_control_base,16,M3D-108
EXPC-369,131.52292465287383,47.2436135174792,D_control_base,16,M3D-109
EXPC-370,131.69944360620332,47.70337127989157,D_control_base,16,M3D-110
EXPC-371,131.2453452300809,47.18890611667632,D_control_base,16,M3D-111
EXPC-372,131.23672140335336,47.20345882427906,D_control_base,16,M3D-112
EXPC-373,134.40786418782366,48.3498887898724,D_control_base,21,M3D-113
EXPC-374,130.8844919804501,47.90225828379563,D_control_base,21,M3D-114
EXPC-375,131.39680118698345,46.78277777672589,D_control_base,21,M3D-115
EXPC-376,130.97342519357792,45.30190503085485,D_control_base,21,M3D-116
EXPC-377,132.01340479800308,46.459653769028094,D_control_base,21,M3D-117
EXPC-378,131.07637212513802,45.77837145755185,D_control_base,21,M3D-118
EXPC-379,131.98376039362714,45.58595232369345,D_control_base,21,M3D-119
EXPC-380,132.0314609352139,46.474745465801305,D_control_base,21,M3D-120
EXPC-381,131.14967465232218,45.40404347865925,D_control_base,21,M3D-121
EXPC-382,132.477204979194,46.431087342993095,D_control_base,21,M3D-122
EXPC-383,131.28388295576963,45.303791492951504,D_control_base,21,M3D-123
EXPC-384,132.49175768679677,46.07023409336228,D_control_base,21,M3D-124
EXPC-385,130.8710172511883,45.20407849641424,D_control_base,21,M3D-125
EXPC-386,130.0396264557357,45.96917362389883,D_control_base,21,M3D-126
EXPC-387,130.4966892722957,48.85249619133727,D_control_base,21,M3D-127
EXPC-388,134.01952249049882,48.29625936741046,D_control_base,23,M3D-128
EXPC-389,134.5221298919637,48.3469243494348,D_control_base,23,M3D-129
EXPC-390,132.45052501525564,45.82337705328624,D_control_base,23,M3D-130
EXPC-391,131.2550470351494,47.18324673038637,D_control_base,23,M3D-131
EXPC-392,134.63909054195605,48.40594366360145,D_control_base,23,M3D-132
EXPC-393,130.5982887309296,48.75844258108995,D_control_base,23,M3D-133
EXPC-394,134.57063891730613,48.12917272456423,D_control_base,23,M3D-134
EXPC-395,132.33625931111564,45.20596495851089,D_control_base,23,M3D-135
EXPC-396,131.27957104240585,47.20022488925623,D_control_base,23,M3D-136
EXPC-397,130.8297845796472,48.30542218330847,D_control_base,23,M3D-137
EXPC-398,133.09892898733312,46.22465449070243,D_control_base,23,M3D-138
EXPC-399,132.2780484807047,47.43091225421812,D_control_base,23,M3D-139
EXPC-400,134.52994523493552,48.34665485484956,D_control_base,23,M3D-140
EXPC-401,132.17483205455935,46.6491084624489,D_control_base,23,M3D-141
EXPC-402,132.0233760976568,47.323922903879485,D_control_base,23,M3D-142
