point_id,lon,lat,先验类,src,结论,实际类别,置信（高/中/低）,证据
NEM001,126.620818,48.565754,玉米,ne_crops_maize_2023_HLJ,正确,玉米,中,复判
NEM002,122.530519,47.346471,玉米,ne_crops_maize_2023_HLJ,错误,玉米,中,复判
NEM003,130.623262,46.187015,玉米,ne_crops_maize_2023_HLJ,正确,玉米,中,
NEM004,125.663484,48.361926,玉米,ne_crops_maize_2023_HLJ,正确,玉米,中,复判
NEM005,127.894899,46.181266,玉米,ne_crops_maize_2023_HLJ,正确,玉米,高,
NEM006,131.431566,47.10168,玉米,ne_crops_maize_2023_HLJ,错误,大豆,高,
NEM007,126.972419,47.447531,玉米,ne_crops_maize_2023_HLJ,正确,玉米,中,复判
NEM008,128.512401,45.483814,玉米,ne_crops_maize_2023_HLJ,正确,玉米,高,
NER001,133.300691,47.359766,水稻,ne_crops_rice_2023_HLJ,正确,水稻,中,
NER002,132.138181,46.322391,水稻,ne_crops_rice_2023_HLJ,无法判读,,中,复判
NER003,130.712644,46.907374,水稻,ne_crops_rice_2023_HLJ,正确,水稻,高,
NER004,133.056888,47.494872,水稻,ne_crops_rice_2023_HLJ,正确,水稻,中,复判
NER005,133.552488,47.455885,水稻,ne_crops_rice_2023_HLJ,正确,水稻,高,
NER006,133.161362,47.928938,水稻,ne_crops_rice_2023_HLJ,正确,水稻,高,
NER007,134.671699,47.786645,水稻,ne_crops_rice_2023_HLJ,正确,水稻,高,
NER008,130.5072,46.009059,水稻,ne_crops_rice_2023_HLJ,正确,水稻,中,
NES001,133.313896,47.635998,大豆,ne_crops_soybean_2023_HLJ,正确,大豆,中,
NES002,124.975284,47.464958,大豆,ne_crops_soybean_2023_HLJ,错误,玉米,高,
NES003,131.634406,46.996397,大豆,ne_crops_soybean_2023_HLJ,正确,大豆,高,
NES004,126.551019,46.933964,大豆,ne_crops_soybean_2023_HLJ,正确,大豆,高,
NES005,132.61321,45.394432,大豆,ne_crops_soybean_2023_HLJ,正确,大豆,中,复判
NES006,133.438941,46.217198,大豆,ne_crops_soybean_2023_HLJ,无法判读,,中,复判
NES007,134.512159,48.239216,大豆,ne_crops_soybean_2023_HLJ,正确,大豆,高,
NES008,126.968286,46.957231,大豆,ne_crops_soybean_2023_HLJ,正确,大豆,中,复判
