point_id,lon,lat,先验类,src
NEM001,126.620818,48.565754,玉米,ne_crops_maize_2023_HLJ
NEM002,122.530519,47.346471,玉米,ne_crops_maize_2023_HLJ
NEM003,130.623262,46.187015,玉米,ne_crops_maize_2023_HLJ
NEM004,125.663484,48.361926,玉米,ne_crops_maize_2023_HLJ
NER001,133.300691,47.359766,水稻,ne_crops_rice_2023_HLJ
NER002,132.138181,46.322391,水稻,ne_crops_rice_2023_HLJ
NER003,130.712644,46.907374,水稻,ne_crops_rice_2023_HLJ
NER004,133.056888,47.494872,水稻,ne_crops_rice_2023_HLJ
NES001,133.313896,47.635998,大豆,ne_crops_soybean_2023_HLJ
NES002,124.975284,47.464958,大豆,ne_crops_soybean_2023_HLJ
NES003,131.634406,46.996397,大豆,ne_crops_soybean_2023_HLJ
NES004,126.551019,46.933964,大豆,ne_crops_soybean_2023_HLJ
