point_id,lon,lat,w,arm,v31
M3B-A000,111.50769655469938,23.094068987201485,w3,A_fcs10_shrub,10
M3B-A001,112.60642597870597,24.8438973291379,w3,A_fcs10_shrub,10
M3B-A002,109.74089005389311,28.486116648600497,w3,A_fcs10_shrub,10
M3B-A003,112.82435726663337,26.042070255096515,w3,A_fcs10_shrub,9
M3B-A004,109.29748162965171,28.72039727469887,w3,A_fcs10_shrub,9
M3B-A005,111.75266713267878,26.035602385050854,w3,A_fcs10_shrub,9
M3B-A006,113.10310449929565,27.139631869233746,w3,A_fcs10_shrub,10
M3B-A007,111.09563933387376,25.365189688512455,w3,A_fcs10_shrub,10
M3B-A008,113.84107050519984,25.315962010942705,w3,A_fcs10_shrub,10
M3B-A009,110.53859402619125,26.525274046424407,w3,A_fcs10_shrub,9
M3B-A010,111.49458115155124,26.78398884825083,w3,A_fcs10_shrub,10
M3B-A011,108.86709877703005,24.103146545852944,w3,A_fcs10_shrub,10
M3B-A012,112.91212266989184,27.55159925853096,w3,A_fcs10_shrub,9
M3B-A013,110.22589047578924,26.728742458277477,w3,A_fcs10_shrub,10
M3B-A014,108.9711236869311,26.10629979791106,w3,A_fcs10_shrub,10
M3B-A015,111.29012459288563,27.007489690939764,w3,A_fcs10_shrub,9
M3B-A016,108.48558427586448,27.039379883526006,w3,A_fcs10_shrub,9
M3B-A017,109.28786965611164,28.93132170341013,w3,A_fcs10_shrub,9
M3B-A018,113.99998247896059,28.003272183386255,w3,A_fcs10_shrub,10
M3B-A019,109.9483110529963,24.530295463451775,w3,A_fcs10_shrub,10
M3B-A020,111.70352928663743,28.048457442177465,w3,A_fcs10_shrub,9
M3B-A021,109.71340160619906,27.69757549220038,w3,A_fcs10_shrub,10
M3B-A022,110.94912411103387,27.95197838066303,w3,A_fcs10_shrub,10
M3B-A023,109.75643090830837,27.247699197913324,w3,A_fcs10_shrub,10
M3B-A024,110.29515058419486,26.892774829157702,w3,A_fcs10_shrub,10
M3B-A025,109.43061195475822,25.1956775943991,w3,A_fcs10_shrub,10
M3B-A026,112.26353903475754,28.78813024712148,w3,A_fcs10_shrub,10
M3B-A027,108.07397621268092,26.410289690057105,w3,A_fcs10_shrub,10
M3B-A028,108.8335916169324,23.232499372484302,w3,A_fcs10_shrub,10
M3B-A029,111.79928969592459,27.029139089287046,w3,A_fcs10_shrub,9
M3B-A030,111.05359817857696,26.92125142366429,w3,A_fcs10_shrub,9
M3B-A031,113.522078747809,26.998776032683804,w3,A_fcs10_shrub,9
M3B-A032,109.68878776741417,26.81264510581424,w3,A_fcs10_shrub,10
M3B-A033,113.96970925388575,27.771237345498182,w3,A_fcs10_shrub,10
M3B-A034,113.66976178051824,26.116091434507965,w3,A_fcs10_shrub,9
M3B-A035,113.50797519784832,23.42797277830871,w3,A_fcs10_shrub,10
M3B-A036,110.87986400262825,25.347313214358476,w3,A_fcs10_shrub,9
M3B-A037,113.1215199626201,27.663170016818604,w3,A_fcs10_shrub,9
M3B-A038,112.20990961229562,26.837618270712763,w3,A_fcs10_shrub,9
M3B-A039,112.41589330694421,26.160647872600293,w3,A_fcs10_shrub,9
M3B-A040,110.02448818908964,24.732685896963904,w3,A_fcs10_shrub,9
M3B-A041,108.27232422741452,25.391061168695096,w3,A_fcs10_shrub,10
M3B-A042,108.33269101450735,28.298189091162694,w3,A_fcs10_shrub,9
M3B-A043,110.93232561522083,24.83832777437636,w3,A_fcs10_shrub,10
M3B-A044,111.42343458104897,23.113562428866878,w3,A_fcs10_shrub,10
M3B-A045,113.41958097389096,25.43444979691807,w3,A_fcs10_shrub,10
M3B-A046,110.71367567506614,25.89411772780203,w3,A_fcs10_shrub,10
M3B-A047,113.95165311667495,25.561291915035746,w3,A_fcs10_shrub,9
M3B-A048,111.16471977922255,28.21698138947829,w3,A_fcs10_shrub,10
M3B-A049,111.93448614618457,25.003348292069113,w3,A_fcs10_shrub,9
M3B-A050,112.25886779528012,28.903743424187663,w3,A_fcs10_shrub,10
M3B-A051,109.83548265331089,23.92725641322234,w3,A_fcs10_shrub,10
M3B-A052,111.8587581677333,28.06660341091668,w3,A_fcs10_shrub,10
M3B-A053,110.09006520483037,27.230810870571876,w3,A_fcs10_shrub,10
M3B-A054,110.93313409897654,28.344362496766436,w3,A_fcs10_shrub,9
M3B-A055,108.69884432431446,25.45565003762329,w3,A_fcs10_shrub,10
M3B-A056,112.1091186374174,28.241325733677925,w3,A_fcs10_shrub,10
M3B-A057,110.15429474764491,25.48179101239117,w3,A_fcs10_shrub,10
M3B-A058,111.24080708378747,28.904821402528604,w3,A_fcs10_shrub,9
M3B-A059,111.37456622959287,24.89959287675331,w3,A_fcs10_shrub,10
M3B-A060,112.32678043075956,24.80940202222771,w3,A_fcs10_shrub,9
M3B-A061,112.6991321160271,24.859617846609993,w3,A_fcs10_shrub,10
M3B-A062,112.202363763909,28.873470199112834,w3,A_fcs10_shrub,9
M3B-A063,109.37338927115981,25.4624772337826,w3,A_fcs10_shrub,9
M3B-A064,112.71853572616409,24.72711634220236,w3,A_fcs10_shrub,10
M3B-A065,108.44857368615877,27.894126876365732,w3,A_fcs10_shrub,10
M3B-A066,111.46053500228311,25.98853066416299,w3,A_fcs10_shrub,9
M3B-A067,111.03123012800239,26.326387042520345,w3,A_fcs10_shrub,10
M3B-A068,111.01191634939381,26.056353468114015,w3,A_fcs10_shrub,10
M3B-A069,113.2687538376873,25.78048084436091,w3,A_fcs10_shrub,10
M3B-A070,112.68386075619708,25.653998052356883,w3,A_fcs10_shrub,9
M3B-A071,109.5836848791722,27.90050491488298,w3,A_fcs10_shrub,10
M3B-A072,113.64119535448324,27.084924468430867,w3,A_fcs10_shrub,9
M3B-A073,111.17298427983646,24.224239446152254,w3,A_fcs10_shrub,10
M3B-A074,113.43898458402793,28.452519656974427,w3,A_fcs10_shrub,10
M3B-A075,108.46573150808544,27.00003367408157,w3,A_fcs10_shrub,10
M3B-A076,112.00563271668683,25.495894562351847,w3,A_fcs10_shrub,10
M3B-A077,108.18752326459364,24.479720312955845,w3,A_fcs10_shrub,9
M3B-A078,108.19956068940083,23.120209961969362,w3,A_fcs10_shrub,9
M3B-A079,111.14378903310256,27.386578740838203,w3,A_fcs10_shrub,10
M3B-A080,112.98030479995651,27.367444625286456,w3,A_fcs10_shrub,10
M3B-A081,112.45847345141148,24.684985355377158,w3,A_fcs10_shrub,9
M3B-A082,111.54614444885969,25.55320707747867,w3,A_fcs10_shrub,9
M3B-A083,112.20721466644325,23.502802441475865,w3,A_fcs10_shrub,9
M3B-A084,108.19983018398607,26.71643553888504,w3,A_fcs10_shrub,10
M3B-A085,111.36755937037674,26.933019353886255,w3,A_fcs10_shrub,10
M3B-A086,111.44149071825977,27.064173385367706,w3,A_fcs10_shrub,10
M3B-A087,108.25453758478895,26.647624588121484,w3,A_fcs10_shrub,10
M3B-A088,110.48235948940535,23.866799794601096,w3,A_fcs10_shrub,10
M3B-A089,110.56419601178865,25.7638620116047,w3,A_fcs10_shrub,10
M3B-A090,110.80835810601234,28.37679167852315,w3,A_fcs10_shrub,9
M3B-A091,111.99772754218658,24.648513754841904,w3,A_fcs10_shrub,10
M3B-A092,109.7655937242064,23.46615117788379,w3,A_fcs10_shrub,10
M3B-A093,112.78393307884798,27.160832109938966,w3,A_fcs10_shrub,10
M3B-A094,112.54902363205073,27.789113819652158,w3,A_fcs10_shrub,9
M3B-A095,109.23118596168369,27.66757176171079,w3,A_fcs10_shrub,9
M3B-A096,111.354533798757,27.725782592121732,w3,A_fcs10_shrub,9
M3B-A097,111.3304589491426,26.043148233437456,w3,A_fcs10_shrub,9
M3B-A098,108.05753704298154,24.33724750889449,w3,A_fcs10_shrub,10
M3B-A099,113.18745630447448,25.820366042975817,w3,A_fcs10_shrub,9
M3B-A100,112.6239431267463,23.753073079631566,w3,A_fcs10_shrub,10
M3B-A101,113.21287862701506,28.66937296656088,w3,A_fcs10_shrub,9
M3B-A102,111.52710016483637,27.039829041168066,w3,A_fcs10_shrub,9
M3B-A103,113.1229572670747,24.55625677516283,w3,A_fcs10_shrub,10
M3B-A104,113.63418849526711,23.90794263461377,w3,A_fcs10_shrub,9
M3B-A105,109.1192558772824,28.53363752713042,w3,A_fcs10_shrub,10
M3B-A106,112.4646718268719,26.94379913729569,w3,A_fcs10_shrub,9
M3B-A107,113.07067531753894,26.958441676426837,w3,A_fcs10_shrub,10
M3B-A108,112.22230636321646,26.228650339608137,w3,A_fcs10_shrub,10
M3B-A109,110.29488108960962,25.920258702569907,w3,A_fcs10_shrub,10
M3B-A110,110.82964817824598,24.504873140911194,w3,A_fcs10_shrub,10
M3B-A111,111.40259366645739,25.198013214137813,w3,A_fcs10_shrub,10
M3B-A112,108.85119859650113,23.46660033552585,w3,A_fcs10_shrub,10
M3B-A113,113.8294822380347,28.38775112498941,w3,A_fcs10_shrub,10
M3B-A114,110.54721785291879,26.46652422684299,w3,A_fcs10_shrub,9
M3B-A115,111.11881586820404,27.840766948489033,w3,A_fcs10_shrub,9
M3B-A116,112.88095112953289,23.998402983724606,w3,A_fcs10_shrub,10
M3B-A117,113.93584276767444,28.860624290549925,w3,A_fcs10_shrub,10
M3B-A118,108.34832170045102,23.815146665764225,w3,A_fcs10_shrub,9
M3B-A119,113.64856153981303,25.385850940047206,w3,A_fcs10_shrub,10
M3B-A120,112.33100251259492,23.956002502314163,w3,A_fcs10_shrub,9
M3B-A121,111.27269727637372,27.12732494984131,w3,A_fcs10_shrub,10
M3B-A122,109.79667543303692,25.01520605381949,w3,A_fcs10_shrub,10
M3B-A123,108.18446899262763,27.39430425228163,w3,A_fcs10_shrub,10
M3B-A124,110.7945240506369,26.58348487683535,w3,A_fcs10_shrub,9
M3B-A125,109.77933794805342,24.59084191360143,w3,A_fcs10_shrub,10
M3B-A126,110.90097441180505,24.572426450276982,w3,A_fcs10_shrub,9
M3B-A127,108.96932705636286,23.17258174303353,w3,A_fcs10_shrub,9
M3B-A128,110.68960082545173,23.715074343113308,w3,A_fcs10_shrub,9
M3B-A129,113.67416352541044,27.614391496890914,w3,A_fcs10_shrub,9
M3B-A130,108.08915774098254,24.252805872187256,w3,A_fcs10_shrub,9
M3B-A131,113.00563729096868,28.67997308691349,w3,A_fcs10_shrub,9
M3B-A132,111.4146310912646,24.564431444248317,w3,A_fcs10_shrub,9
M3B-A133,110.52278367719074,25.89510587461456,w3,A_fcs10_shrub,9
M3B-A134,108.27834293981812,24.438307978357937,w3,A_fcs10_shrub,9
M3B-A135,111.11055136759015,25.624802805623,w3,A_fcs10_shrub,9
M3B-A136,110.52431081317374,26.08743517694455,w3,A_fcs10_shrub,9
M3B-A137,113.28016244179561,27.12552831927307,w3,A_fcs10_shrub,10
M3B-A138,110.67388030797964,27.823070137391877,w3,A_fcs10_shrub,10
M3B-A139,108.14736857139349,27.6616428808356,w3,A_fcs10_shrub,10
M3B-A140,109.86656436214143,23.626949613741186,w3,A_fcs10_shrub,10
M3B-A141,113.26345377751099,27.266563818879835,w3,A_fcs10_shrub,9
M3B-A142,111.2726074448453,25.91531796850725,w3,A_fcs10_shrub,10
M3B-A143,111.85615305340934,23.418181141711806,w3,A_fcs10_shrub,10
M3B-A144,111.77036394377593,25.889895645966668,w3,A_fcs10_shrub,10
M3B-A145,109.62473788765645,25.696398533767322,w3,A_fcs10_shrub,9
M3B-A146,113.05100221281673,26.85863884836116,w3,A_fcs10_shrub,10
M3B-A147,112.77773470338757,27.547377176695598,w3,A_fcs10_shrub,9
M3B-A148,113.84628073384773,25.420525910014216,w3,A_fcs10_shrub,9
M3B-A149,108.67378132788753,24.006757315866917,w3,A_fcs10_shrub,10
M3B-A150,111.74071953939999,27.160382952296906,w3,A_fcs10_shrub,10
M3B-A151,113.5890032364759,23.450340828883284,w3,A_fcs10_shrub,9
M3B-A152,110.53922284689013,28.114663278617073,w3,A_fcs10_shrub,9
M3B-A153,110.4788560597973,27.141338668273573,w3,A_fcs10_shrub,9
M3B-A154,110.30161845424051,24.11500430760332,w3,A_fcs10_shrub,9
M3B-A155,111.36333728854137,24.162704849190067,w3,A_fcs10_shrub,9
M3B-A156,109.40896255641094,24.976937822716,w3,A_fcs10_shrub,9
M3B-A157,109.59374601035432,24.01017091394657,w3,A_fcs10_shrub,9
M3B-A158,108.34338096638837,26.936253288909086,w3,A_fcs10_shrub,10
M3B-A159,110.96089204125583,28.70431743111313,w3,A_fcs10_shrub,9
M3B-A160,113.95030564374878,26.445144323080942,w3,A_fcs10_shrub,10
M3B-A161,108.04235551467991,24.75640142046466,w3,A_fcs10_shrub,10
M3B-A162,111.91544186216123,27.316240654091644,w3,A_fcs10_shrub,9
M3B-A163,108.99331207444884,24.943610325675166,w3,A_fcs10_shrub,10
M3B-A164,109.93286003010945,24.952323983931127,w3,A_fcs10_shrub,9
M3B-A165,111.86612435306307,28.172963940556432,w3,A_fcs10_shrub,10
M3B-A166,110.82102435151842,28.867092160595586,w3,A_fcs10_shrub,10
M3B-A167,112.81357748322394,23.16153246503886,w3,A_fcs10_shrub,9
M3B-A168,113.71512670236628,27.13055888486414,w3,A_fcs10_shrub,9
M3B-A169,109.58718830878026,26.722723745873875,w3,A_fcs10_shrub,10
M3B-A170,110.67549727549105,26.55276249411846,w3,A_fcs10_shrub,9
M3B-A171,113.25141635270379,24.49328487374605,w3,A_fcs10_shrub,10
M3B-A172,110.56895708279448,26.47847182012178,w3,A_fcs10_shrub,10
M3B-A173,108.39683072579348,25.905526331910348,w3,A_fcs10_shrub,9
M3B-A174,113.747555884123,25.976583070884203,w3,A_fcs10_shrub,9
M3B-A175,111.99116984061251,28.161734999504937,w3,A_fcs10_shrub,9
M3B-A176,108.41174275950986,24.18543222587829,w3,A_fcs10_shrub,9
M3B-A177,111.70065467772825,28.13424655181088,w3,A_fcs10_shrub,10
M3B-A178,109.08835383150868,26.239519954545987,w3,A_fcs10_shrub,10
M3B-A179,109.89072904328424,25.472358701907915,w3,A_fcs10_shrub,10
M3B-A180,112.46413283770144,27.235841436162946,w3,A_fcs10_shrub,10
M3B-A181,113.02782567848644,23.073856893308793,w3,A_fcs10_shrub,9
M3B-A182,108.95423535958965,23.85673866341896,w3,A_fcs10_shrub,9
M3B-A183,110.50275124635488,23.805444860695733,w3,A_fcs10_shrub,9
M3B-A184,109.15348168960735,28.755880728421587,w3,A_fcs10_shrub,10
M3B-A185,112.02746177809094,27.578548717054545,w3,A_fcs10_shrub,9
M3B-A186,111.19571165652468,28.274473567661936,w3,A_fcs10_shrub,10
M3B-A187,109.07937067866749,28.901677299034187,w3,A_fcs10_shrub,10
M3B-A188,109.14288156925474,26.936612615022735,w3,A_fcs10_shrub,10
M3B-A189,111.06374914128752,24.18300677461117,w3,A_fcs10_shrub,10
M3B-A190,113.99602989171046,26.498504250957645,w3,A_fcs10_shrub,10
M3B-A191,111.1470229681254,25.602614418105244,w3,A_fcs10_shrub,10
M3B-A192,110.18681376093004,24.731787581679782,w3,A_fcs10_shrub,10
M3B-A193,109.8453641214362,23.528943416243745,w3,A_fcs10_shrub,9
M3B-A194,111.93942688024723,26.17708704229968,w3,A_fcs10_shrub,10
M3B-A195,112.30683783145211,24.335630541383075,w3,A_fcs10_shrub,10
M3B-A196,109.56517958431932,23.434979637524844,w3,A_fcs10_shrub,9
M3B-A197,112.29381225983238,28.767738490171965,w3,A_fcs10_shrub,10
M3B-A198,108.47175022048904,28.169819837062015,w3,A_fcs10_shrub,10
M3B-A199,111.659601669244,26.26134901595009,w3,A_fcs10_shrub,9
M3B-A200,108.21420322853199,23.62021224911029,w3,A_fcs10_shrub,10
M3B-A201,110.0730870459605,25.774372300428897,w3,A_fcs10_shrub,9
M3B-A202,110.2046004035556,28.922787708210997,w3,A_fcs10_shrub,10
M3B-A203,110.03652561389684,27.39520256756575,w3,A_fcs10_shrub,9
M3B-A204,111.55243265584853,26.774287043182337,w3,A_fcs10_shrub,9
M3B-A205,112.65664180308825,26.048987282784235,w3,A_fcs10_shrub,10
M3B-A206,109.10964390374232,27.365019174019334,w3,A_fcs10_shrub,10
M3B-A207,112.29003933563908,26.106479460967883,w3,A_fcs10_shrub,10
M3B-A208,112.81240967335458,25.640792817680325,w3,A_fcs10_shrub,10
M3B-A209,109.51020268893122,28.850203833254138,w3,A_fcs10_shrub,10
M3B-A210,113.0575599143908,27.325852627631722,w3,A_fcs10_shrub,10
M3B-A211,111.67963410007987,26.862860930196522,w3,A_fcs10_shrub,9
M3B-A212,109.79011773146286,24.13386892856983,w3,A_fcs10_shrub,10
M3B-A213,110.52754474819658,27.31381520282452,w3,A_fcs10_shrub,9
M3B-A214,113.49405131094447,24.921421938157415,w3,A_fcs10_shrub,10
M3B-A215,110.04119685337426,26.571716946613385,w3,A_fcs10_shrub,9
M3B-A216,109.40096755038228,28.72093626386934,w3,A_fcs10_shrub,10
M3B-A217,109.45872922315117,25.328268930335142,w3,A_fcs10_shrub,10
M3B-A218,113.72698446411665,28.40760389276845,w3,A_fcs10_shrub,9
M3B-A219,111.37142212609845,23.05948384876288,w3,A_fcs10_shrub,9
M3B-A220,108.61952308472671,23.412521755421853,w3,A_fcs10_shrub,9
M3B-A221,110.95864625304553,24.717684031719106,w3,A_fcs10_shrub,10
M3B-A222,113.92281719605472,26.34749745169715,w3,A_fcs10_shrub,9
M3B-A223,112.33738055111218,24.5996454033858,w3,A_fcs10_shrub,9
M3B-A224,113.67272622095584,23.901205269982874,w3,A_fcs10_shrub,9
M3B-A225,112.84744396943523,24.886926631247224,w3,A_fcs10_shrub,10
M3B-A226,111.68879691597787,28.859725975265807,w3,A_fcs10_shrub,9
M3B-A227,108.30771784960882,23.74471874748925,w3,A_fcs10_shrub,9
M3B-A228,112.5278233913455,27.048363036367203,w3,A_fcs10_shrub,9
M3B-A229,110.22885491622684,27.64457489043733,w3,A_fcs10_shrub,10
M3B-A230,110.97930750458028,26.695504792765053,w3,A_fcs10_shrub,10
M3B-A231,108.87895653878043,26.815250220138186,w3,A_fcs10_shrub,9
M3B-A232,110.59590654131807,25.581504008928434,w3,A_fcs10_shrub,9
M3B-A233,113.86254024049029,26.385855514329055,w3,A_fcs10_shrub,10
M3B-A234,111.77287922657146,25.332491012170504,w3,A_fcs10_shrub,9
M3B-A235,111.21134234246836,23.902013753738583,w3,A_fcs10_shrub,10
M3B-A236,112.49000431788409,25.011433129626187,w3,A_fcs10_shrub,9
M3B-A237,108.50615569587083,25.78371477938374,w3,A_fcs10_shrub,10
M3B-A238,113.09448067256811,26.089501302098025,w3,A_fcs10_shrub,10
M3B-A239,113.1808986029004,27.324325491648718,w3,A_fcs10_shrub,9
M3B-A240,113.65386159998933,28.055284638336776,w3,A_fcs10_shrub,10
M3B-A241,112.54363374034601,25.100546005810845,w3,A_fcs10_shrub,10
M3B-A242,109.1966906547735,26.42610003905761,w3,A_fcs10_shrub,10
M3B-A243,112.59789198350684,27.923771280741676,w3,A_fcs10_shrub,9
M3B-A244,110.58171315982898,23.737352562159472,w3,A_fcs10_shrub,10
M3B-A245,113.46054415084681,26.10037091703587,w3,A_fcs10_shrub,10
M3B-A246,110.70550100598065,28.141253411027012,w3,A_fcs10_shrub,9
M3B-A247,113.4386252579143,28.781033556376936,w3,A_fcs10_shrub,9
M3B-A248,108.65895912569955,24.107368627688302,w3,A_fcs10_shrub,10
M3B-A249,108.89827031738899,28.59157886295613,w3,A_fcs10_shrub,9
M3B-A250,109.4131846382463,25.432473503293007,w3,A_fcs10_shrub,10
M3B-A251,110.11944011462107,25.18471814793284,w3,A_fcs10_shrub,10
M3B-A252,113.24270269444783,26.06443830567109,w3,A_fcs10_shrub,9
M3B-A253,109.19462452962003,24.872194260587666,w3,A_fcs10_shrub,10
M3B-A254,111.61657236713467,28.450543363349365,w3,A_fcs10_shrub,10
M3B-A255,113.17721551023551,25.549434153285368,w3,A_fcs10_shrub,10
M3B-A256,112.99997790467873,24.568833189140502,w3,A_fcs10_shrub,10
M3B-A257,108.32873842725722,25.912533191126478,w3,A_fcs10_shrub,9
M3B-A258,112.22796574950641,27.72012320583178,w3,A_fcs10_shrub,10
M3B-A259,113.4905478813364,28.27276676862211,w3,A_fcs10_shrub,9
M3B-A260,109.0342752514047,25.288922720890707,w3,A_fcs10_shrub,10
M3B-A261,112.49593319875927,24.307603104518545,w3,A_fcs10_shrub,9
M3B-A262,110.94598000753945,23.623895341775178,w3,A_fcs10_shrub,9
M3B-A263,113.8700860888769,25.63127067566866,w3,A_fcs10_shrub,10
M3B-A264,113.5033937898993,23.90470869959094,w3,A_fcs10_shrub,10
M3B-A265,113.09151623213052,27.609720257413493,w3,A_fcs10_shrub,10
M3B-A266,113.52234824239423,25.229813575195642,w3,A_fcs10_shrub,9
M3B-A267,112.11684414886084,25.194599616058156,w3,A_fcs10_shrub,9
M3B-A268,112.46952272940615,23.973519650354497,w3,A_fcs10_shrub,9
M3B-A269,111.60642140442413,28.746448417938335,w3,A_fcs10_shrub,10
M3B-A270,110.41444685392592,24.92627284069166,w3,A_fcs10_shrub,10
M3B-A271,110.26820112567127,25.768263756496886,w3,A_fcs10_shrub,9
M3B-A272,112.169215929925,27.369510750439932,w3,A_fcs10_shrub,9
M3B-A273,109.33242609420397,23.729627050716047,w3,A_fcs10_shrub,10
M3B-A274,111.68170022523333,25.271585235907203,w3,A_fcs10_shrub,9
M3B-A275,112.83774216436674,26.388191134067768,w3,A_fcs10_shrub,10
M3B-A276,112.08405564099047,25.865102144124968,w3,A_fcs10_shrub,9
M3B-A277,109.3251497404026,25.15372627063072,w3,A_fcs10_shrub,9
M3B-A278,110.95514282343747,27.965453109924823,w3,A_fcs10_shrub,10
M3B-A279,113.71943861573006,23.308496845520814,w3,A_fcs10_shrub,9
M3B-A280,111.15654511013706,26.278057680234713,w3,A_fcs10_shrub,10
M3B-A281,112.00194962402195,26.156785116878577,w3,A_fcs10_shrub,10
M3B-A282,108.90680431258814,24.38009714794699,w3,A_fcs10_shrub,9
M3B-A283,113.99998247896059,25.765658642172937,w3,A_fcs10_shrub,9
M3B-A284,111.70281063441014,26.084560568035368,w3,A_fcs10_shrub,10
M3B-A285,111.85723103175029,23.03639714596101,w3,A_fcs10_shrub,9
M3B-A286,109.26675924693483,24.195313694003605,w3,A_fcs10_shrub,10
M3B-A287,113.96809228637434,27.112951905295397,w3,A_fcs10_shrub,9
M3B-A288,110.34249179966795,26.507756898384073,w3,A_fcs10_shrub,10
M3B-A289,108.59122615327695,25.21265575326896,w3,A_fcs10_shrub,9
M3B-A290,110.81743109038194,24.159111588053587,w3,A_fcs10_shrub,9
M3B-A291,113.17622736342298,27.367444625286456,w3,A_fcs10_shrub,9
M3B-A292,112.58567489564281,23.01196297023296,w3,A_fcs10_shrub,9
M3B-A293,111.13444655414771,24.997958400364396,w3,A_fcs10_shrub,10
M3B-A294,112.70524065995912,23.4850157988503,w3,A_fcs10_shrub,10
M3B-A295,111.95892032191261,23.800773621218312,w3,A_fcs10_shrub,9
M3B-A296,108.5577189931793,23.22558234479658,w3,A_fcs10_shrub,9
M3B-A297,108.361616766656,24.816319049915432,w3,A_fcs10_shrub,10
M3B-A298,108.22543216958347,23.62811742361054,w3,A_fcs10_shrub,10
M3B-A299,111.1936455313712,27.987282171328925,w3,A_fcs10_shrub,10
M3B-A300,110.83261261868357,28.89817386942612,w3,A_fcs10_shrub,9
M3B-A301,105.82010316482504,38.69681732554504,w4,A_fcs10_shrub,10
M3B-A302,106.88577458637603,37.95597671073167,w4,A_fcs10_shrub,10
M3B-A303,101.19386928313791,40.640502105794454,w4,A_fcs10_shrub,10
M3B-A304,104.7892863762979,40.76752388696895,w4,A_fcs10_shrub,10
M3B-A305,101.73806868225752,37.435672498169644,w4,A_fcs10_shrub,10
M3B-A306,101.3281674181138,36.29903416917321,w4,A_fcs10_shrub,10
M3B-A307,103.8257534025513,38.6476794795037,w4,A_fcs10_shrub,10
M3B-A308,103.23412295643018,38.56224969598394,w4,A_fcs10_shrub,10
M3B-A309,106.00102386304671,39.085338685926736,w4,A_fcs10_shrub,10
M3B-A310,104.17627602641473,37.04436636040718,w4,A_fcs10_shrub,10
M3B-A311,104.22774949219477,36.30424439782111,w4,A_fcs10_shrub,10
M3B-A312,106.32306989240357,38.3034450626291,w4,A_fcs10_shrub,10
M3B-A313,106.43742542807198,40.92535788238875,w4,A_fcs10_shrub,10
M3B-A314,104.96275105766138,36.59826299031343,w4,A_fcs10_shrub,10
M3B-A315,106.81633481491359,38.637798011378386,w4,A_fcs10_shrub,10
M3B-A316,101.91027572222323,40.43397942197537,w4,A_fcs10_shrub,10
M3B-A317,101.005043410416,39.16142599049166,w4,A_fcs10_shrub,10
M3B-A318,106.39053337024095,37.81107845540319,w4,A_fcs10_shrub,10
M3B-A319,104.42034828911001,37.74262683075329,w4,A_fcs10_shrub,10
M3B-A320,104.79081351228089,40.449789770975876,w4,A_fcs10_shrub,10
M3B-A321,106.44595942327112,36.53133850164652,w4,A_fcs10_shrub,10
M3B-A322,102.7284612829993,40.969734657424254,w4,A_fcs10_shrub,10
M3B-A323,105.43921748435837,37.64758507369344,w4,A_fcs10_shrub,10
M3B-A324,103.53955015303082,40.105735017158096,w4,A_fcs10_shrub,10
M3B-A325,103.53541790272386,36.783585433427284,w4,A_fcs10_shrub,10
M3B-A326,104.56551603902372,36.07014343477956,w4,A_fcs10_shrub,10
M3B-A327,105.16415334436097,37.65396311221069,w4,A_fcs10_shrub,10
M3B-A328,104.55671254923935,37.90405408730956,w4,A_fcs10_shrub,10
M3B-A329,102.27580021133147,39.72440017904936,w4,A_fcs10_shrub,10
M3B-A330,106.4030199526902,36.60535968105797,w4,A_fcs10_shrub,10
M3B-A331,106.73207284126318,40.91808152858738,w4,A_fcs10_shrub,10
M3B-A332,101.49498456637478,37.743255651452166,w4,A_fcs10_shrub,10
M3B-A333,106.14556279226154,38.87728886612465,w4,A_fcs10_shrub,10
M3B-A334,106.86511333484128,41.22449687200055,w4,A_fcs10_shrub,10
M3B-A335,105.59597350143723,38.746763655342086,w4,A_fcs10_shrub,10
M3B-A336,106.26297259989597,36.21468236399439,w4,A_fcs10_shrub,10
M3B-A337,105.53902031242404,38.678761188334235,w4,A_fcs10_shrub,10
M3B-A338,103.29655586867648,36.2117179235568,w4,A_fcs10_shrub,10
M3B-A339,101.39509190678069,37.95418008016343,w4,A_fcs10_shrub,10
M3B-A340,106.74761369567845,38.57904819179697,w4,A_fcs10_shrub,10
M3B-A341,106.48234119227796,36.00007484261824,w4,A_fcs10_shrub,10
M3B-A342,106.99995045898763,37.450764194942856,w4,A_fcs10_shrub,10
M3B-A343,105.52554558316226,37.80029867199376,w4,A_fcs10_shrub,10
M3B-A344,103.46148655484083,37.734721656253036,w4,A_fcs10_shrub,10
M3B-A345,101.27013625075966,40.883406558620365,w4,A_fcs10_shrub,10
M3B-A346,101.25881747817976,38.051018467791515,w4,A_fcs10_shrub,10
M3B-A347,102.29565297911051,37.29185222118211,w4,A_fcs10_shrub,9
M3B-A348,105.50793860359352,36.25286076356947,w4,A_fcs10_shrub,10
M3B-A349,102.77643131917128,36.976004567285685,w4,A_fcs10_shrub,10
M3B-A350,106.77815641533851,39.070696146795584,w4,A_fcs10_shrub,10
M3B-A351,106.03956158873544,37.45759139110216,w4,A_fcs10_shrub,10
M3B-A352,101.41440568538927,37.31233380966003,w4,A_fcs10_shrub,10
M3B-A353,105.72820551125962,37.82428369007975,w4,A_fcs10_shrub,10
M3B-A354,105.56049004771451,37.00888290668446,w4,A_fcs10_shrub,10
M3B-A355,102.92869575982954,37.14946924864917,w4,A_fcs10_shrub,10
M3B-A356,103.00487289592287,36.325624301583154,w4,A_fcs10_shrub,10
M3B-A357,104.8945689275967,38.55883609790428,w4,A_fcs10_shrub,10
M3B-A358,106.40697253994033,39.25323381252867,w4,A_fcs10_shrub,10
M3B-A359,106.15041369479579,37.61605420722084,w4,A_fcs10_shrub,10
M3B-A360,101.6363793920952,36.848982786111186,w4,A_fcs10_shrub,10
M3B-A361,106.99995045898763,37.586589465901724,w4,A_fcs10_shrub,10
M3B-A362,102.33401104174241,40.874603068835995,w4,A_fcs10_shrub,10
M3B-A363,106.55312843666657,39.11929500366645,w4,A_fcs10_shrub,10
M3B-A364,106.28704744951037,38.4575061338556,w4,A_fcs10_shrub,10
M3B-A365,106.39511477818995,39.45993615940458,w4,A_fcs10_shrub,10
M3B-A366,106.29126953134573,37.65063934565945,w4,A_fcs10_shrub,10
M3B-A367,101.86095821312507,38.6476794795037,w4,A_fcs10_shrub,10
M3B-A368,106.87733042270531,38.40082243942766,w4,A_fcs10_shrub,10
M3B-A369,101.36239323043874,36.30846647965647,w4,A_fcs10_shrub,10
M3B-A370,106.94874648779282,37.02289662511672,w4,A_fcs10_shrub,10
M3B-A371,106.70036231173377,40.973058423975495,w4,A_fcs10_shrub,10
M3B-A372,101.20518805571783,41.95042545309754,w4,A_fcs10_shrub,10
M3B-A373,105.71661724409448,39.30857003403044,w4,A_fcs10_shrub,10
M3B-A374,101.32699960824444,37.14928958559234,w4,A_fcs10_shrub,10
M3B-A375,102.26654756390504,38.56242935904076,w4,A_fcs10_shrub,10
M3B-A376,105.76359913345392,39.565757699873856,w4,A_fcs10_shrub,10
M3B-A377,102.15515646867422,37.285204688079624,w4,A_fcs10_shrub,10
M3B-A378,102.64949936952519,37.56772484493521,w4,A_fcs10_shrub,10
M3B-A379,101.45168576968022,38.76446046643924,w4,A_fcs10_shrub,10
M3B-A380,101.49085231606783,36.03924138900585,w4,A_fcs10_shrub,10
M3B-A381,105.94775376669843,37.8449449416145,w4,A_fcs10_shrub,10
M3B-A382,103.2357399239416,38.54949361894944,w4,A_fcs10_shrub,10
M3B-A383,101.003516274433,38.39354608562629,w4,A_fcs10_shrub,10
M3B-A384,105.21517765249895,36.74325107717032,w4,A_fcs10_shrub,10
M3B-A385,104.96616465574103,36.34484824866331,w4,A_fcs10_shrub,10
M3B-A386,103.54583836001964,39.92732960173196,w4,A_fcs10_shrub,10
M3B-A387,104.6751105036863,36.67255366431011,w4,A_fcs10_shrub,10
M3B-A388,104.66451038333369,39.043746688272,w4,A_fcs10_shrub,10
M3B-A389,106.62499365939614,37.85051449637604,w4,A_fcs10_shrub,10
M3B-A390,106.20296513891678,37.552543316633596,w4,A_fcs10_shrub,10
M3B-A391,101.79241675694675,37.42938429118081,w4,A_fcs10_shrub,10
M3B-A392,106.32190208253421,39.366421538327735,w4,A_fcs10_shrub,10
M3B-A393,106.3346581595687,41.30624356285543,w4,A_fcs10_shrub,10
M3B-A394,102.34829425475992,37.35572243788301,w4,A_fcs10_shrub,10
M3B-A395,105.29602602806972,36.70866593873171,w4,A_fcs10_shrub,10
M3B-A396,106.08914859241884,36.01525637091986,w4,A_fcs10_shrub,10
M3B-A397,105.99985605317735,40.8866404936432,w4,A_fcs10_shrub,10
M3B-A398,104.15211134527192,37.565568888253324,w4,A_fcs10_shrub,10
M3B-A399,102.20797740738045,39.83722857873477,w4,A_fcs10_shrub,10
M3B-A400,106.67745527198872,38.39902580885942,w4,A_fcs10_shrub,10
M3B-A401,106.89619504367182,41.02138778626113,w4,A_fcs10_shrub,10
M3B-A402,102.51942331638469,40.66763122737486,w4,A_fcs10_shrub,10
M3B-A403,105.72146814662872,38.4943370605045,w4,A_fcs10_shrub,10
M3B-A404,101.47728775527763,40.7325794224167,w4,A_fcs10_shrub,10
M3B-A405,102.53038276285095,38.407020814888085,w4,A_fcs10_shrub,10
M3B-A406,105.75982620926062,40.96668038545825,w4,A_fcs10_shrub,10
M3B-A407,101.01312824797307,38.701488565022466,w4,A_fcs10_shrub,10
M3B-A408,106.85810647562515,38.07617129574686,w4,A_fcs10_shrub,10
M3B-A409,106.80627368373146,39.12522388454164,w4,A_fcs10_shrub,10
M3B-A410,106.18616664310375,38.58713302935405,w4,A_fcs10_shrub,10
M3B-A411,106.3196562943239,32.73433945873013,w2,A_fcs10_shrub,10
M3B-A412,108.86260720060945,32.64055534306805,w2,A_fcs10_shrub,10
M3B-A413,105.73593102270304,34.759681098306004,w2,A_fcs10_shrub,10
M3B-A414,106.43994071086752,33.88571015838612,w2,A_fcs10_shrub,10
M3B-A415,109.64351267709455,33.18241912244895,w2,A_fcs10_shrub,10
M3B-A416,105.53075581181015,34.09232267373361,w2,A_fcs10_shrub,10
M3B-A417,108.07415587573774,35.3752067309847,w2,A_fcs10_shrub,10
M3B-A418,107.90679973830628,33.40618945972312,w2,A_fcs10_shrub,10
M3B-A419,107.15428102479936,33.81860600666239,w2,A_fcs10_shrub,10
M3B-A420,109.44866809196903,35.57220727279211,w2,A_fcs10_shrub,10
M3B-A421,108.07038295154445,33.780517438615725,w2,A_fcs10_shrub,10
M3B-A422,107.73603000279516,34.2004798339416,w2,A_fcs10_shrub,10
M3B-A423,108.71276821121832,33.13408976016332,w2,A_fcs10_shrub,10
M3B-A424,107.40248553780158,33.80809571783819,w2,A_fcs10_shrub,10
M3B-A425,108.70719865645677,34.42505865497148,w2,A_fcs10_shrub,10
M3B-A426,106.48584462188602,35.63212490224288,w2,A_fcs10_shrub,10
M3B-A427,109.23873181007029,31.95127802556314,w2,A_fcs10_shrub,10
M3B-A428,109.91624119735324,32.36944379032078,w2,A_fcs10_shrub,10
M3B-A429,106.26890148077116,31.980383440768616,w2,A_fcs10_shrub,10
M3B-A430,109.7874227856105,35.239650954611065,w2,A_fcs10_shrub,10
M3B-A431,107.71033818566934,35.26956485357224,w2,A_fcs10_shrub,10
M3B-A432,105.71571892881036,35.85984782676718,w2,A_fcs10_shrub,10
M3B-A433,106.3406768719723,35.0249536017065,w2,A_fcs10_shrub,10
M3B-A434,107.51639191582794,35.13499722401114,w2,A_fcs10_shrub,10
M3B-A435,107.98243788522915,31.76649457161976,w2,A_fcs10_shrub,10
M3B-A436,106.89502723380247,33.23847399617801,w2,A_fcs10_shrub,10
M3B-A437,106.11286411591959,35.38392038924066,w2,A_fcs10_shrub,10
M3B-A438,105.51153186472999,35.168324721051974,w2,A_fcs10_shrub,10
M3B-A439,106.22515352643454,34.550104142520915,w2,A_fcs10_shrub,10
M3B-A440,106.61124943554911,32.14585311610343,w2,A_fcs10_shrub,10
M3B-A441,106.19793457332571,34.30926581484847,w2,A_fcs10_shrub,10
M3B-A442,109.00157657506274,35.280344636981674,w2,A_fcs10_shrub,10
M3B-A443,107.03776953244906,35.53483735697274,w2,A_fcs10_shrub,10
M3B-A444,107.32576941253777,33.494853178265714,w2,A_fcs10_shrub,10
M3B-A445,108.69668836763258,34.000065694054534,w2,A_fcs10_shrub,10
M3B-A446,107.70836189204428,35.0182162370756,w2,A_fcs10_shrub,10
M3B-A447,109.58188824860395,35.83703061855054,w2,A_fcs10_shrub,10
M3B-A448,106.82253319037402,33.257697943258165,w2,A_fcs10_shrub,10
M3B-A449,105.56695791776016,35.30953988371556,w2,A_fcs10_shrub,10
M3B-A450,108.80951676731799,35.10122056932825,w2,A_fcs10_shrub,10
M3B-A451,107.19910695747691,32.03419252628738,w2,A_fcs10_shrub,10
M3B-A452,107.89332500904449,34.02530835353829,w2,A_fcs10_shrub,10
M3B-A453,108.561581748901,32.83315413998328,w2,A_fcs10_shrub,10
M3B-A454,107.2741162837009,34.32229138646821,w2,A_fcs10_shrub,10
M3B-A455,108.49627422774552,33.383551914563306,w2,A_fcs10_shrub,10
M3B-A456,106.6081951635831,34.389215875135115,w2,A_fcs10_shrub,10
M3B-A457,108.71474450484338,32.73784288833819,w2,A_fcs10_shrub,10
M3B-A458,108.3977290410776,33.00006111977268,w2,A_fcs10_shrub,10
M3B-A459,107.60128271017723,33.51093302185146,w2,A_fcs10_shrub,10
M3B-A460,106.82217386426036,35.13499722401114,w2,A_fcs10_shrub,10
M3B-A461,107.27609257732597,34.22500384119807,w2,A_fcs10_shrub,10
M3B-A462,106.645026090232,35.624399390799454,w2,A_fcs10_shrub,10
M3B-A463,105.6747557518545,33.5368045020341,w2,A_fcs10_shrub,10
M3B-A464,105.79593848368224,33.473652937560495,w2,A_fcs10_shrub,10
M3B-A465,108.30008216969381,32.58863271964594,w2,A_fcs10_shrub,10
M3B-A466,107.24069895513165,34.9242524583567,w2,A_fcs10_shrub,10
M3B-A467,107.30690479157127,35.10580197727725,w2,A_fcs10_shrub,10
M3B-A468,108.40626303627674,34.22024277019223,w2,A_fcs10_shrub,10
M3B-A469,107.52851917216356,35.60194150869646,w2,A_fcs10_shrub,10
M3B-A470,108.60775515450474,33.080729832286615,w2,A_fcs10_shrub,10
M3B-A471,106.75255442974111,31.793713524728577,w2,A_fcs10_shrub,10
M3B-A472,108.34607591224072,33.639122612895314,w2,A_fcs10_shrub,10
M3B-A473,108.60353307266938,35.12825985938024,w2,A_fcs10_shrub,10
M3B-A474,109.54182338693222,31.85183452361111,w2,A_fcs10_shrub,10
M3B-A475,108.84931213440449,32.979938857408406,w2,A_fcs10_shrub,10
M3B-A476,107.5483719399426,35.047231820752664,w2,A_fcs10_shrub,10
M3B-A477,108.9899883078976,34.69491256632099,w2,A_fcs10_shrub,10
M3B-A478,105.75497530672638,32.822554019630665,w2,A_fcs10_shrub,9
M3B-A479,107.1267925771053,34.72644343279358,w2,A_fcs10_shrub,10
M3B-A480,108.02852145930447,32.57425967510003,w2,A_fcs10_shrub,10
M3B-A481,108.80780996827816,31.868722850952558,w2,A_fcs10_shrub,10
M3B-A482,108.0768508215901,33.00006111977268,w2,A_fcs10_shrub,10
M3B-A483,106.61601050655494,33.73964409318829,w2,A_fcs10_shrub,10
M3B-A484,108.09841038840898,34.485066115950666,w2,A_fcs10_shrub,10
M3B-A485,108.6360520859545,32.39792038482737,w2,A_fcs10_shrub,10
M3B-A486,107.78795262621726,35.48048928228351,w2,A_fcs10_shrub,10
M3B-A487,106.42952025357172,32.73658524694043,w2,A_fcs10_shrub,10
M3B-A488,105.80671826709167,34.06169012254514,w2,A_fcs10_shrub,10
M3B-A489,107.06148505594982,33.968624659110354,w2,A_fcs10_shrub,10
M3B-A490,108.64117248307399,33.2985712886856,w2,A_fcs10_shrub,10
M3B-A491,107.44443686156997,34.5943012544996,w2,A_fcs10_shrub,10
M3B-A492,107.1027177274909,34.568250111260134,w2,A_fcs10_shrub,10
M3B-A493,107.12885870225878,35.76848916237223,w2,A_fcs10_shrub,10
M3B-A494,108.79128096705035,32.88372929047921,w2,A_fcs10_shrub,10
M3B-A495,108.07523385407869,34.99755498554085,w2,A_fcs10_shrub,10
M3B-A496,108.66991857216581,32.89783284043988,w2,A_fcs10_shrub,10
M3B-A497,108.52160671875768,31.800989878529947,w2,A_fcs10_shrub,10
M3B-A498,109.27744919881584,32.98344228701647,w2,A_fcs10_shrub,10
M3B-A499,108.99995960755133,33.61828169830374,w2,A_fcs10_shrub,10
M3B-A500,107.05474769131891,35.364337116046855,w2,A_fcs10_shrub,10
M3B-A501,108.03480966629331,32.39908819469672,w2,A_fcs10_shrub,10
M3B-A502,107.11655178286634,35.08945263910628,w2,A_fcs10_shrub,10
M3B-A503,108.28148704331254,31.89962489672627,w2,A_fcs10_shrub,10
M3B-A504,107.0583409524554,32.34896220184285,w2,A_fcs10_shrub,10
M3B-A505,109.57056947602405,33.937902276393466,w2,A_fcs10_shrub,10
M3B-A506,107.69749227710643,35.09852562347589,w2,A_fcs10_shrub,10
M3B-A507,107.15958108497566,32.64046551153964,w2,A_fcs10_shrub,10
M3B-A508,109.87905094459069,32.33440949424012,w2,A_fcs10_shrub,10
M3B-A509,107.66847669342937,33.88409319087471,w2,A_fcs10_shrub,10
M3B-A510,108.7937962498459,33.291025440298995,w2,A_fcs10_shrub,10
M3B-A511,122.8982445258065,45.14618207635274,w1,A_fcs10_shrub,10
M3B-A512,123.27607593430717,43.495527741783114,w1,A_fcs10_shrub,10
M3B-A513,125.20529783848225,45.931219803144785,w1,A_fcs10_shrub,10
M3B-A514,123.44522870230688,45.49904031995489,w1,A_fcs10_shrub,10
M3B-A515,122.83931504316826,46.51719086297595,w1,A_fcs10_shrub,10
M3B-A516,124.33572864345456,46.954221248700094,w1,A_fcs10_shrub,10
M3B-A517,122.5292166070902,46.309410537759106,w1,A_fcs10_shrub,10
M3B-A518,126.25965048745334,44.16153869342933,w1,A_fcs10_shrub,10
M3B-A519,126.40508773195229,44.15893357910538,w1,A_fcs10_shrub,10
M3B-A520,124.6186081264238,45.09075602332256,w1,A_fcs10_shrub,10
M3B-A521,123.51439897918408,44.052034060295156,w1,A_fcs10_shrub,10
M3B-A522,125.59606498707426,45.652921728124554,w1,A_fcs10_shrub,10
M3B-A523,123.59506769169802,46.34857708414671,w1,A_fcs10_shrub,10
M3B-A524,124.92475397525173,43.979540016866714,w1,A_fcs10_shrub,10
M3B-A525,123.7008892321673,46.00003075390834,w1,A_fcs10_shrub,10
M3B-A526,126.20099049940033,46.032549767193466,w1,A_fcs10_shrub,10
M3B-A527,123.22756690896472,44.19522551658381,w1,A_fcs10_shrub,10
M3B-A528,124.13378736758449,46.00003075390834,w1,A_fcs10_shrub,10
M3B-A529,122.62605499471829,44.56164832097616,w1,A_fcs10_shrub,10
M3B-A530,126.33142587865449,43.32664446836864,w1,A_fcs10_shrub,10
M3B-A531,126.37912642024123,43.69944531127825,w1,A_fcs10_shrub,10
M3B-A532,125.36933020936249,47.49150362013198,w1,A_fcs10_shrub,10
M3B-A533,122.96588766670071,46.614029250604034,w1,A_fcs10_shrub,10
M3B-A534,122.84200998902062,46.8775949549647,w1,A_fcs10_shrub,10
M3B-A535,126.40113514470217,44.645011979342456,w1,A_fcs10_shrub,10
M3B-A536,126.18230554149065,43.67923321738556,w1,A_fcs10_shrub,10
M3B-A537,123.59291173501613,46.98009272888274,w1,A_fcs10_shrub,10
M3B-A538,125.45862274860396,45.856120645392394,w1,A_fcs10_shrub,10
M3B-A539,123.48385625952402,46.75048334226179,w1,A_fcs10_shrub,10
M3B-A540,125.93041793582354,43.12973375808964,w1,A_fcs10_shrub,10
M3B-A541,123.03757322637344,46.07360277567773,w1,A_fcs10_shrub,10
M3B-A542,123.64842761957472,46.539469082022116,w1,A_fcs10_shrub,10
M3B-A543,125.24069146067657,46.3154292501627,w1,A_fcs10_shrub,10
M3B-A544,122.05616377847286,46.52213159703861,w1,A_fcs10_shrub,10
M3B-A545,124.43130938968488,43.636473409861466,w1,A_fcs10_shrub,10
M3B-A546,124.517906983074,46.27922714421269,w1,A_fcs10_shrub,10
M3B-A547,123.47649007419425,43.46803929408905,w1,A_fcs10_shrub,10
M3B-A548,122.78182286498462,45.7847944118333,w1,A_fcs10_shrub,10
M3B-A549,125.46527028170645,44.26215000525071,w1,A_fcs10_shrub,10
M3B-A550,124.20098135083663,45.82494910503345,w1,A_fcs10_shrub,10
M3B-A551,122.37228092695452,45.28883454347091,w1,A_fcs10_shrub,10
M3B-A552,125.07001155669386,46.19882792628399,w1,A_fcs10_shrub,10
M3B-A553,125.22029970372705,45.21077094528093,w1,A_fcs10_shrub,10
M3B-A554,124.80321191731036,46.03892780571071,w1,A_fcs10_shrub,10
M3B-A555,124.03452352868929,46.26242864839965,w1,A_fcs10_shrub,10
M3B-A556,126.24617575819155,47.306630334660184,w1,A_fcs10_shrub,10
M3B-A557,126.08888075194223,43.14572377014697,w1,A_fcs10_shrub,10
M3B-A558,126.14547461484175,46.82818761433813,w1,A_fcs10_shrub,10
M3B-A559,123.33051384052482,44.08832599777359,w1,A_fcs10_shrub,10
M3B-A560,122.98133868958756,45.03056889928655,w1,A_fcs10_shrub,10
M3B-A561,122.66432322582178,43.39886901721185,w1,A_fcs10_shrub,10
M3B-A562,122.37865896547177,46.633882018383076,w1,A_fcs10_shrub,10
M3B-A563,124.5411733489327,43.00064585176167,w1,A_fcs10_shrub,10
M3B-A564,124.62759127926499,46.608280032785665,w1,A_fcs10_shrub,10
M3B-A565,124.06237130249698,43.73906101530792,w1,A_fcs10_shrub,10
M3B-A566,123.83689416618299,43.97397046210517,w1,A_fcs10_shrub,10
M3B-A567,122.43552232295654,46.49500247545819,w1,A_fcs10_shrub,10
M3B-A568,123.04431059100433,43.966424613718566,w1,A_fcs10_shrub,10
M3B-A569,123.89573381729282,45.41810211285571,w1,A_fcs10_shrub,10
M3B-A570,125.15957359052058,43.16458839111348,w1,A_fcs10_shrub,10
M3B-A571,122.7464292427903,45.51296420685873,w1,A_fcs10_shrub,10
M3B-A572,124.78883887276444,47.14825735006991,w1,A_fcs10_shrub,10
M3B-A573,124.62624380633882,47.44694718203965,w1,A_fcs10_shrub,10
M3B-A574,124.08626648905457,44.81245794830233,w1,A_fcs10_shrub,10
M3B-A575,125.9587148672733,45.20008099339991,w1,A_fcs10_shrub,10
M3B-A576,125.12777322946275,45.52194735969993,w1,A_fcs10_shrub,10
M3B-A577,122.26502208203065,43.97980951145195,w1,A_fcs10_shrub,10
M3B-A578,125.44523785087058,46.91774964816484,w1,A_fcs10_shrub,10
M3B-A579,122.96912160172353,43.41818279582042,w1,A_fcs10_shrub,10
M3B-A580,125.93517900682937,45.548088334467806,w1,A_fcs10_shrub,10
M3B-A581,122.34569079454458,44.14249440940599,w1,A_fcs10_shrub,10
M3B-A582,123.07350583773822,46.13846113919116,w1,A_fcs10_shrub,10
M3B-A583,126.13343719003454,47.16981691688878,w1,A_fcs10_shrub,10
M3B-A584,122.35548243114148,46.91810897427849,w1,A_fcs10_shrub,10
M3B-A585,122.19953489781834,44.81820716612069,w1,A_fcs10_shrub,10
M3B-A586,124.72362118313737,45.30940596347725,w1,A_fcs10_shrub,10
M3B-A587,124.81839344561197,45.78659104240154,w1,A_fcs10_shrub,10
M3B-A588,126.12526252094906,43.06244994330909,w1,A_fcs10_shrub,10
M3B-A589,123.10629434560859,43.42411167669561,w1,A_fcs10_shrub,10
M3B-A590,123.52490926800829,44.26313815206324,w1,A_fcs10_shrub,10
M3B-A591,123.24715018215852,44.91504555374878,w1,A_fcs10_shrub,10
M3B-A592,123.4829579442399,47.356307169872,w1,A_fcs10_shrub,10
M3B-A593,125.27536643064359,47.34400025047955,w1,A_fcs10_shrub,10
M3B-A594,122.38333020494919,46.120764328094005,w1,A_fcs10_shrub,10
M3B-A595,123.33374777554765,45.61725861134501,w1,A_fcs10_shrub,10
M3B-A596,124.9094826154217,46.95080765062044,w1,A_fcs10_shrub,10
M3B-A597,122.57916293688724,45.56919874364462,w1,A_fcs10_shrub,10
M3B-A598,124.90148760939303,47.37867522044657,w1,A_fcs10_shrub,10
M3B-A599,123.96202948526084,44.990683700671646,w1,A_fcs10_shrub,10
M3B-B000,113.0531132537344,27.31448893928761,w3,B_control_base,1
M3B-B001,106.74774844297109,40.90348390522044,w4,B_control_base,1
M3B-B002,107.70499320972884,35.291259167683734,w2,B_control_base,1
M3B-B003,111.21381270949968,28.005742550417587,w3,B_control_base,1
M3B-B004,112.46857949835784,26.95201872214539,w3,B_control_base,1
M3B-B005,111.36068725845324,24.892541101772974,w3,B_control_base,1
M3B-B006,108.97242624409309,34.708072885233335,w2,B_control_base,1
M3B-B007,113.69127643157292,23.89352467430365,w3,B_control_base,1
M3B-B008,112.60413527473148,23.741260233645395,w3,B_control_base,1
M3B-B009,109.80273906120476,24.58962918796787,w3,B_control_base,1
M3B-B010,106.23058833390348,37.54342541649978,w4,B_control_base,1
M3B-B011,124.78556002197742,47.173275430732645,w1,B_control_base,1
M3B-B012,108.09198743412752,33.00729255780985,w2,B_control_base,1
M3B-B013,111.95788725933588,23.81052034205101,w3,B_control_base,1
M3B-B014,108.1030367121222,35.00074400479948,w2,B_control_base,1
M3B-B015,126.2570004573652,47.30020738037873,w1,B_control_base,1
M3B-B016,123.33945207760182,44.07354871134982,w1,B_control_base,1
M3B-B017,111.18632426180562,24.212875757808145,w3,B_control_base,1
M3B-B018,109.60412155188592,26.73022467849628,w3,B_control_base,1
M3B-B019,105.72016558946676,39.32801855993162,w4,B_control_base,1
M3B-B020,113.8580935798339,25.404311319135864,w3,B_control_base,1
M3B-B021,112.61195061770331,23.00958243473004,w3,B_control_base,3
M3B-B022,113.20968960775645,28.67867052975152,w3,B_control_base,3
M3B-B023,125.91824576372372,45.55792488682892,w1,B_control_base,3
M3B-B024,109.73509592031054,27.694745799055408,w3,B_control_base,3
M3B-B025,112.02364393813345,25.48515969470662,w3,B_control_base,3
M3B-B026,106.7652655910114,31.782709162498115,w2,B_control_base,3
M3B-B027,112.16593707913796,27.392911863591248,w3,B_control_base,3
M3B-B028,108.3722618027728,33.000285698593714,w2,B_control_base,3
M3B-B029,110.07250314102583,27.23741348791016,w3,B_control_base,3
M3B-B030,112.60036235053816,27.93405699074485,w3,B_control_base,3
M3B-B031,123.02468240204634,46.08936820891402,w1,B_control_base,3
M3B-B032,112.45995567163028,26.92318280152515,w3,B_control_base,3
M3B-B033,126.15001110702656,43.048391309112624,w1,B_control_base,3
M3B-B034,112.5893130725435,23.010929907656223,w3,B_control_base,3
M3B-B035,125.05963601516228,46.189081205451295,w1,B_control_base,3
M3B-B036,112.57988076206024,22.99233478127495,,B_control_base,3
M3B-B037,107.1560327396034,34.71561873361994,w2,B_control_base,3
M3B-B038,125.11569088889136,45.536095825424816,w1,B_control_base,3
M3B-B039,111.527234912129,25.54283153594709,w3,B_control_base,3
M3B-B040,123.6429029805774,46.56421766809961,w1,B_control_base,3
M3B-B041,112.80383076239124,23.15322304866076,w3,B_control_base,3
M3B-B042,109.16188093751389,28.739845800600055,w3,B_control_base,4
M3B-B043,113.19190296513088,27.376203199306627,w3,B_control_base,4
M3B-B044,110.8826038642448,25.336129189071197,w3,B_control_base,4
M3B-B045,111.87407444332752,23.044616730810706,w3,B_control_base,4
M3B-B046,113.18786054635234,25.83685012843941,w3,B_control_base,4
M3B-B047,111.37227552561838,23.07938153230613,w3,B_control_base,4
M3B-B048,108.3668719110681,33.61931476088048,w2,B_control_base,4
M3B-B049,108.31458996153236,32.60601512039366,w2,B_control_base,4
M3B-B050,109.30525205685936,28.934151396555112,w3,B_control_base,4
M3B-B051,108.96865331989976,26.124939840056545,w3,B_control_base,4
M3B-B052,110.66215729352189,26.558017638530565,w3,B_control_base,4
M3B-B053,112.47855079801155,24.702008430011222,w3,B_control_base,4
M3B-B054,109.60439104647116,25.69132305241205,w3,B_control_base,4
M3B-B055,113.05634718875724,26.876829732864586,w3,B_control_base,4
M3B-B056,109.86445332122376,32.336790029743035,w2,B_control_base,4
M3B-B057,113.07817625016136,26.969266375600483,w3,B_control_base,4
M3B-B058,112.47558635757396,27.26005103306997,w3,B_control_base,4
M3B-B059,106.3984834605054,32.742379380523,w2,B_control_base,4
M3B-B060,112.656147729682,26.03924056195154,w3,B_control_base,4
M3B-B061,108.67786866243028,24.030697418188705,w3,B_control_base,4
M3B-B062,113.98852895908809,27.9817575323316,w3,B_control_base,4
M3B-B063,110.31612624607904,24.133374855163567,w3,B_control_base,5
M3B-B064,107.92786523171888,33.405336060203204,w2,B_control_base,5
M3B-B065,108.05560566512068,33.79772017630661,w2,B_control_base,5
M3B-B066,112.50657823487607,24.995218538747835,w3,B_control_base,5
M3B-B067,106.60761125864845,33.72926855165671,w2,B_control_base,5
M3B-B068,105.815297178055,33.49184382206392,w2,B_control_base,5
M3B-B069,108.32159682074848,32.603320174541295,w2,B_control_base,5
M3B-B070,105.65198345940208,33.554636060423874,w2,B_control_base,5
M3B-B071,109.39903617252143,28.71693876085501,w3,B_control_base,5
M3B-B072,112.85719069026794,24.89981745557434,w3,B_control_base,5
M3B-B073,122.3487899822748,46.93638969031032,w1,B_control_base,5
M3B-B074,106.33218779253738,32.713543459902766,w2,B_control_base,5
M3B-B075,113.27005639484928,25.79507846772785,w3,B_control_base,5
M3B-B076,106.6027603561142,33.754870537254114,w2,B_control_base,5
M3B-B077,109.26860079326728,32.97333624007013,w2,B_control_base,5
M3B-B078,108.44852877039456,28.17714110662759,w3,B_control_base,5
M3B-B079,108.67921613535646,33.98717486972742,w2,B_control_base,5
M3B-B080,108.8395654135718,31.86867793518835,w2,B_control_base,5
M3B-B081,108.34558183883446,23.821030630875207,w3,B_control_base,5
M3B-B082,108.87190476380007,32.97657017509296,w2,B_control_base,5
M3B-B083,108.83875692981609,32.986002485576215,w2,B_control_base,5
M3B-B084,107.04419248673052,32.332208621794024,w2,B_control_base,6
M3B-B085,107.21505205377004,32.03926800764265,w2,B_control_base,6
M3B-B086,111.52480946086186,27.03717901107992,w3,B_control_base,6
M3B-B087,110.51043184203412,26.07966474973692,w3,B_control_base,6
M3B-B088,113.75326018617716,28.413757352464675,w3,B_control_base,6
M3B-B089,109.21658833831675,27.68504399398692,w3,B_control_base,6
M3B-B090,108.0941433908094,24.248988032229747,w3,B_control_base,6
M3B-B091,112.11338563501698,28.219182261924384,w3,B_control_base,6
M3B-B092,110.94324014592289,27.929745077381074,w3,B_control_base,6
M3B-B093,112.79466794649322,27.15602612316893,w3,B_control_base,6
M3B-B094,110.24174574055397,25.77540536300564,w3,B_control_base,6
M3B-B095,113.12695477008904,27.64138587117871,w3,B_control_base,6
M3B-B096,108.3480072901016,23.79569813986304,w3,B_control_base,6
M3B-B097,123.52890677102262,44.27728661778813,w1,B_control_base,6
M3B-B098,110.5163607229093,26.521635869523724,w3,B_control_base,6
M3B-B099,108.3555531384882,23.838008789745068,w3,B_control_base,6
M3B-B100,105.77002208773538,33.47917757655783,w2,B_control_base,6
M3B-B101,126.05784395887588,43.1384025005814,w1,B_control_base,6
M3B-B102,110.71632570515428,25.89371348592418,w3,B_control_base,6
M3B-B103,113.8556681285668,25.444466012336008,w3,B_control_base,6
M3B-B104,110.29672263594207,25.927130814493427,w3,B_control_base,6
M3B-B105,122.3487899822748,46.9339642390432,w1,B_control_base,7
M3B-B106,126.32949450079364,43.350494739162016,w1,B_control_base,7
M3B-B107,122.35283240105336,46.93126929319085,w1,B_control_base,7
M3B-B108,126.11632428387207,43.05997957627776,w1,B_control_base,7
M3B-B109,124.54355388443562,46.27747542940865,w1,B_control_base,7
M3B-B110,126.26373782199607,44.17137524579044,w1,B_control_base,7
M3B-B111,122.33774070428014,46.92129799353712,w1,B_control_base,7
M3B-B112,126.37072717233472,43.71161748337806,w1,B_control_base,7
M3B-B113,106.4165395977162,39.25094310855417,w4,B_control_base,11
M3B-B114,104.65135006442137,36.65409328522146,w4,B_control_base,11
M3B-B115,123.06645406275788,46.141650158449785,w1,B_control_base,11
M3B-B116,122.06959359197046,46.53403427455319,w1,B_control_base,11
M3B-B117,106.40656829806248,36.63145574006165,w4,B_control_base,11
M3B-B118,106.42354645693234,36.5303952705982,w4,B_control_base,11
M3B-B119,101.48263273121816,36.01970303157625,w4,B_control_base,11
M3B-B120,101.8874135982424,38.657246537279576,w4,B_control_base,11
M3B-B121,106.15782479588978,38.86071494913265,w4,B_control_base,11
M3B-B122,105.73364031872856,38.50794653705891,w4,B_control_base,11
M3B-B123,101.40232334481786,37.29360393598614,w4,B_control_base,11
M3B-B124,106.3939020525564,36.61959797831127,w4,B_control_base,11
M3B-B125,101.40286233398834,37.97407776370668,w4,B_control_base,11
M3B-B126,102.63768652353905,37.592203936427474,w4,B_control_base,11
M3B-B127,103.28743796854268,36.21212216543465,w4,B_control_base,11
M3B-B128,109.41897877182888,35.57315050384044,w2,B_control_base,11
M3B-B129,106.6526168543828,35.62920537756949,w2,B_control_base,11
M3B-B130,102.78051865371404,36.98233769003873,w4,B_control_base,11
M3B-B131,122.42667391740795,46.49253210842687,w1,B_control_base,11
M3B-B132,122.2067663358555,44.83972181717536,w1,B_control_base,11
M3B-B133,102.16822695605816,37.27473931501964,w4,B_control_base,11
M3B-B134,101.2980289403316,36.29297054100541,w4,B_control_base,13
M3B-B135,106.85500728789496,38.082684081556735,w4,B_control_base,13
M3B-B136,101.47589536658724,36.021050504502426,w4,B_control_base,13
M3B-B137,106.45319086130829,40.90698733482851,w4,B_control_base,13
M3B-B138,106.87575837095812,41.22364347248064,w4,B_control_base,13
M3B-B139,103.552890135,39.92279310954716,w4,B_control_base,13
M3B-B140,103.53213905193684,39.94084924675796,w4,B_control_base,13
M3B-B141,101.02098850670912,39.17198119508007,w4,B_control_base,13
M3B-B142,101.20613128676617,40.61647217194425,w4,B_control_base,13
M3B-B143,103.44643977383184,37.73153263699441,w4,B_control_base,13
M3B-B144,103.56259194006849,39.92791350666664,w4,B_control_base,13
M3B-B145,103.25860204792244,38.55322162737853,w4,B_control_base,13
M3B-B146,102.5059036713587,38.41227595930018,w4,B_control_base,13
M3B-B147,106.43782966994983,40.900519464782846,w4,B_control_base,13
M3B-B148,102.55279572918973,38.38856043579943,w4,B_control_base,13
M3B-B149,102.52261233564332,40.673066034843785,w4,B_control_base,13
M3B-B150,103.2297661273022,38.5273501471959,w4,B_control_base,13
M3B-B151,106.39713598757922,37.807260615445685,w4,B_control_base,13
M3B-B152,103.21683038721088,38.55537758406042,w4,B_control_base,13
M3B-B153,101.17594789321974,40.65635737055917,w4,B_control_base,13
M3B-B154,103.24054591071165,38.5701997862484,w4,B_control_base,13
M3B-B155,111.2041109044312,28.012479915048484,w3,B_control_base,15
M3B-B156,124.3298446783436,46.97223247014669,w1,B_control_base,15
M3B-B157,110.1608973649832,25.50402431567313,w3,B_control_base,15
M3B-B158,126.10500551129218,43.13597704931428,w1,B_control_base,15
M3B-B159,112.00963021970117,25.514804099082564,w3,B_control_base,15
M3B-B160,124.83757247692796,45.77891044672232,w1,B_control_base,15
M3B-B161,112.23950910090736,27.69555428281112,w3,B_control_base,15
M3B-B162,110.39374068662696,24.93242630038788,w3,B_control_base,15
M3B-B163,125.92686959045128,45.56520124063029,w1,B_control_base,15
M3B-B164,110.16817371878456,25.467103557495815,w3,B_control_base,15
M3B-B165,124.04310243965264,46.27208553770394,w1,B_control_base,15
M3B-B166,111.35421938840756,27.719000311726635,w3,B_control_base,15
M3B-B167,122.3668461194856,45.30837290090052,w1,B_control_base,15
M3B-B168,122.63553222096576,43.41490394503339,w1,B_control_base,15
M3B-B169,112.22226144745228,28.85303352639912,w3,B_control_base,15
M3B-B170,110.1819179426316,25.486237673047565,w3,B_control_base,15
M3B-B171,124.92192428210676,44.00132416250661,w1,B_control_base,15
M3B-B172,124.82409774766614,45.76274077160817,w1,B_control_base,15
M3B-B173,125.13617247736929,45.54525864132283,w1,B_control_base,15
M3B-B174,124.01264955152098,46.25618535717502,w1,B_control_base,15
M3B-B175,112.53352769339968,27.796345257689325,w3,B_control_base,15
M3B-B176,106.1993269620161,38.57990159131689,w4,B_control_base,16
M3B-B177,103.82427118233252,38.66425339649571,w4,B_control_base,16
M3B-B178,125.9511241031225,45.19114275632292,w1,B_control_base,16
M3B-B179,125.9473511789292,45.19437669134575,w1,B_control_base,16
M3B-B180,106.02792840580612,40.879768381719686,w4,B_control_base,16
M3B-B181,105.17955945148364,37.65122325059413,w4,B_control_base,16
M3B-B182,122.33720171510966,44.15736152735817,w1,B_control_base,16
M3B-B183,124.81493493176812,45.77217308209143,w1,B_control_base,16
M3B-B184,124.71872536483892,45.32400358684419,w1,B_control_base,16
M3B-B185,126.41303782221676,44.133646003857415,w1,B_control_base,16
M3B-B186,105.94169013853065,37.83959996567399,w4,B_control_base,16
M3B-B187,111.35206343172568,24.904937852693823,w3,B_control_base,16
M3B-B188,124.72734919156647,45.29678463373537,w1,B_control_base,16
M3B-B189,112.21929700701467,28.867047244831383,w3,B_control_base,16
M3B-B190,106.33569122214546,38.308251049399146,w4,B_control_base,16
M3B-B191,108.4029841854897,34.206004472938936,w2,B_control_base,16
M3B-B192,125.92498312835464,45.57113012150548,w1,B_control_base,16
M3B-B193,112.23519718754358,28.90369850842346,w3,B_control_base,16
M3B-B194,108.39948075588164,34.20735194586511,w2,B_control_base,16
M3B-B195,106.33434374921929,38.29612379306353,w4,B_control_base,16
M3B-B196,106.2955365289453,37.66523696902639,w4,B_control_base,16
M3B-B197,108.9567955581494,23.161846875388303,w3,B_control_base,21
M3B-B198,111.99561650126893,24.67020806895339,w3,B_control_base,21
M3B-B199,113.07790675557612,26.06915446091272,w3,B_control_base,21
M3B-B200,106.25726829784182,38.468869822199714,w4,B_control_base,21
M3B-B201,110.98501180663445,26.067537493401307,w3,B_control_base,21
M3B-B202,111.26905909947304,26.988130996566998,w3,B_control_base,21
M3B-B203,108.72556920401702,34.40704743352489,w2,B_control_base,21
M3B-B204,106.22654591512492,34.53128443731862,w2,B_control_base,21
M3B-B205,111.0801433952227,26.92453027445133,w3,B_control_base,21
M3B-B206,123.51435406341989,46.76364366117414,w1,B_control_base,21
M3B-B207,111.40515386501714,24.58262232875174,w3,B_control_base,21
M3B-B208,124.82436724225138,46.027653948895015,w1,B_control_base,21
M3B-B209,126.15243655829369,43.06240502754489,w1,B_control_base,21
M3B-B210,108.62100530494553,23.38687485406024,w3,B_control_base,21
M3B-B211,124.19294142904376,45.84062470674133,w1,B_control_base,21
M3B-B212,109.18451848267368,26.442673956049617,w3,B_control_base,21
M3B-B213,124.83029612312656,46.0319658622588,w1,B_control_base,21
M3B-B214,107.56270006872433,35.06730916735273,w2,B_control_base,21
M3B-B215,124.43386958824463,43.649903223359054,w1,B_control_base,21
M3B-B216,106.30038743147956,38.29208137428499,w4,B_control_base,21
M3B-B217,110.79879104823648,24.17811095631272,w3,B_control_base,21
M3B-B218,105.97268201583276,40.88300231674252,w4,B_control_base,22
M3B-B219,106.7089412226971,40.911029753607046,w4,B_control_base,22
M3B-B220,124.07005189817622,44.82409113123168,w1,B_control_base,22
M3B-B221,106.83479519400224,38.08295357614197,w4,B_control_base,22
M3B-B222,101.18376323619158,40.63291134164364,w4,B_control_base,22
M3B-B223,101.21718056476082,40.65150646802491,w4,B_control_base,22
M3B-B224,101.23631468031256,40.87680394128209,w4,B_control_base,22
M3B-B225,107.00808021230893,37.56336801580724,,B_control_base,22
M3B-B226,103.21063201175046,38.54864021942953,w4,B_control_base,22
M3B-B227,103.52351522520928,40.08448986068868,w4,B_control_base,22
M3B-B228,103.51623887140792,39.92791350666664,w4,B_control_base,22
M3B-B229,101.90466125169748,40.43213787564293,w4,B_control_base,22
M3B-B230,106.30955024737756,39.37356314483648,w4,B_control_base,22
M3B-B231,106.3715340019818,39.46869473342474,w4,B_control_base,22
M3B-B232,106.42058201649476,40.90644834565804,w4,B_control_base,22
M3B-B233,106.43028382156324,40.91507217238559,w4,B_control_base,22
M3B-B234,102.18251016907568,39.84140574480593,w4,B_control_base,22
M3B-B235,105.15826937925,37.67871169828818,w4,B_control_base,22
M3B-B236,105.55415692496146,36.984493646720615,w4,B_control_base,22
M3B-B237,106.7216074682032,38.57154725917457,w4,B_control_base,22
M3B-B238,106.01580114947048,40.88973968137341,w4,B_control_base,22
M3B-B239,126.42489558396711,44.14442578726685,w1,B_control_base,23
M3B-B240,112.4472894261242,24.70551185961929,w3,B_control_base,23
M3B-B241,105.94249862228634,37.83609653606592,w4,B_control_base,23
M3B-B242,112.80571722448788,23.172626658797736,w3,B_control_base,23
M3B-B243,112.86150260363172,26.37179688013259,w3,B_control_base,23
M3B-B244,113.20160477019937,28.69187576442808,w3,B_control_base,23
M3B-B245,112.27454339698802,28.77488009668072,w3,B_control_base,23
M3B-B246,109.75530801420324,23.460446875829632,w3,B_control_base,23
M3B-B247,108.8328280489409,23.21924922204354,w3,B_control_base,23
M3B-B248,112.8216174050168,26.390392006513864,w3,B_control_base,23
M3B-B249,113.475411268799,24.9273059032684,w3,B_control_base,23
M3B-B250,107.59989032148684,33.51421187263849,w2,B_control_base,23
M3B-B251,105.96944808080993,37.8479542978163,w4,B_control_base,23
M3B-B252,113.41423599795046,28.779192010044493,w3,B_control_base,23
M3B-B253,106.77200295564232,31.78567360293571,w2,B_control_base,23
M3B-B254,112.44701993153896,24.66158424222584,w3,B_control_base,23
M3B-B255,112.59578094258916,22.993143265030657,,B_control_base,23
M3B-B256,112.28316722371557,28.783234428823032,w3,B_control_base,23
M3B-B257,111.17069357586196,28.00439507749141,w3,B_control_base,23
M3B-B258,113.22262534784775,26.0705019338389,w3,B_control_base,23
M3B-B259,106.18639122192478,38.61331891988613,w4,B_control_base,23
M3B-B260,101.48182424746244,37.72614274528969,w4,B_control_base,24
M3B-B261,101.50068886842897,37.73584455035819,w4,B_control_base,24
M3B-B262,101.47212244239395,37.73018516406823,w4,B_control_base,24
