point_id,组别,复核理由,AI判读,AI置信,AI备注,arm,w,lon,lat,教师类(v31),Q1_是否灌丛(是/否/无法判读),Q2_若否主要地物(24类名),Q3_证据(影像/日期),判读员,复核员,备注,chip,ch_mean,tc2000,lossyear,nd_djf,nd_mam,nd_jja,nd_son,ndvi_amp,ndvi_mean,ndvi_winter,ndvi_summer,指标提示,dry,dry
M3B-A517,G1_不确定,AI 无法判读,无法判读,中,影像过暗且伪影重,A_fcs10_shrub,w1,122.5292166070902,46.309410537759106,落叶灌丛,,,,,,,F:\lc_work\v31_exp\data\m3\m5_geemat\m3chip2\chips\M3B-A517.png,1.91,0,,0.09016838674633351,0.1548229753595156,0.49417249417249415,0.16753507014028057,0.404,0.2267,0.0902,0.4942,高度1.5–5m·灌丛典型带；物候振幅大+树覆盖低·草本倾向,是,是
M3B-A531,G1_不确定,复判不一致：主判=否/置信低，复判=是,否,低,农田,A_fcs10_shrub,w1,126.37912642024123,43.69944531127825,落叶灌丛,,,,,,,F:\lc_work\v31_exp\data\m3\m5_geemat\m3chip2\chips\M3B-A531.png,4.28,0,,0.14630056591909452,0.36934990095443904,0.7326592993181283,0.6459259259259259,0.5864,0.4736,0.1463,0.7327,高度1.5–5m·灌丛典型带；物候振幅大+树覆盖低·草本倾向,,
M3B-A544,G1_不确定,复判不一致：主判=是/置信低，复判=否,是,低,灌丛,A_fcs10_shrub,w1,122.05616377847286,46.52213159703861,落叶灌丛,,,,,,,F:\lc_work\v31_exp\data\m3\m5_geemat\m3chip2\chips\M3B-A544.png,1.84,0,,0.2741977563266371,0.32934508816120905,0.8257216424989836,0.562379468921525,0.5515,0.4979,0.2742,0.8257,高度1.5–5m·灌丛典型带；物候振幅大+树覆盖低·草本倾向,是,是
M3B-A432,G1_不确定,复判不一致：主判=否/置信中，复判=是,否,中,裸地,A_fcs10_shrub,w2,105.71571892881036,35.85984782676718,落叶灌丛,,,,,,,F:\lc_work\v31_exp\data\m3\m5_geemat\m3chip2\chips\M3B-A432.png,3.69,0,,0.11671987230646448,0.1092,0.24937319189971072,0.12393162393162394,0.1402,0.1498,0.1167,0.2494,高度1.5–5m·灌丛典型带,是,是
M3B-A472,G1_不确定,AI 无法判读,无法判读,中,亮白斑覆盖（云/雪），地表不可辨,A_fcs10_shrub,w2,108.34607591224072,33.639122612895314,落叶灌丛,,,,,,,F:\lc_work\v31_exp\data\m3\m5_geemat\m3chip2\chips\M3B-A472.png,9.27,85,,0.4408626821154067,0.4707038930397169,0.8316341980417886,0.6350267379679144,0.3908,0.5946,0.4409,0.8316,高度≥5m·偏森林/郁闭木本,,
M3B-A016,G1_不确定,AI 无法判读,无法判读,中,云/雾霾遮挡,A_fcs10_shrub,w3,108.48558427586448,27.039379883526006,常绿灌丛,,,,,,,F:\lc_work\v31_exp\data\m3\m5_geemat\m3chip2\chips\M3B-A016.png,6.76,0,,0.3715254237288136,0.5008898556456397,0.41682242990654206,0.47379594002918934,0.1294,0.4408,0.3715,0.4168,高度≥5m·偏森林/郁闭木本,,
M3B-A017,G1_不确定,AI 无法判读,无法判读,低,中心被强反射亮斑（疑似云/亮裸岩）遮盖,A_fcs10_shrub,w3,109.28786965611164,28.93132170341013,常绿灌丛,,,,,,,F:\lc_work\v31_exp\data\m3\m5_geemat\m3chip2\chips\M3B-A017.png,8.97,89,,0.5969924812030075,0.5101289134438306,0.2822516460458722,0.7197295636140135,0.4375,0.5273,0.597,0.2823,高度≥5m·偏森林/郁闭木本,,
M3B-A045,G1_不确定,复判不一致：主判=否/置信高，复判=无法判读,否,高,乔木林,A_fcs10_shrub,w3,113.41958097389096,25.43444979691807,落叶灌丛,,,,,,,F:\lc_work\v31_exp\data\m3\m5_geemat\m3chip2\chips\M3B-A045.png,11.97,0,16,0.5660242683797287,0.4857369255150555,0.7762153475291281,0.7729825598581141,0.2905,0.6502,0.566,0.7762,高度≥5m·偏森林/郁闭木本,,
M3B-A055,G1_不确定,AI 无法判读,无法判读,低,中心为无数据黑块（疑似水体掩膜）,A_fcs10_shrub,w3,108.69884432431446,25.45565003762329,落叶灌丛,,,,,,,F:\lc_work\v31_exp\data\m3\m5_geemat\m3chip2\chips\M3B-A055.png,12.17,72,,0.31544146246596655,0.2827045565899069,,0.6477545740158935,0.3651,0.4153,0.3154,,高度≥5m·偏森林/郁闭木本,,
M3B-A069,G1_不确定,AI 无法判读,无法判读,中,影像过暗，无法分辨地物,A_fcs10_shrub,w3,113.2687538376873,25.78048084436091,落叶灌丛,,,,,,,F:\lc_work\v31_exp\data\m3\m5_geemat\m3chip2\chips\M3B-A069.png,15.82,76,,0.4609375,0.42445022463939464,0.5688879365759588,0.7149807419420231,0.2905,0.5423,0.4609,0.5689,高度≥5m·偏森林/郁闭木本,,
M3B-A075,G1_不确定,AI 无法判读,无法判读,低,影像掩膜/拼接伪影且中心偏暗,A_fcs10_shrub,w3,108.46573150808544,27.00003367408157,落叶灌丛,,,,,,,F:\lc_work\v31_exp\data\m3\m5_geemat\m3chip2\chips\M3B-A075.png,9.83,9,,0.49356223175965663,0.7652443128281061,0.4318840579710145,0.7694723618090452,0.3376,0.615,0.4936,0.4319,高度≥5m·偏森林/郁闭木本,,
M3B-A107,G1_不确定,AI 无法判读,无法判读,中,云雾遮挡判读点,A_fcs10_shrub,w3,113.07067531753894,26.958441676426837,落叶灌丛,,,,,,,F:\lc_work\v31_exp\data\m3\m5_geemat\m3chip2\chips\M3B-A107.png,14.56,63,,0.5040650406504065,0.5443686006825939,0.7166666666666667,0.6726500675545262,0.2126,0.6094,0.5041,0.7167,高度≥5m·偏森林/郁闭木本,,
M3B-A144,G1_不确定,AI 无法判读,无法判读,中,云遮挡,A_fcs10_shrub,w3,111.77036394377593,25.889895645966668,落叶灌丛,,,,,,,F:\lc_work\v31_exp\data\m3\m5_geemat\m3chip2\chips\M3B-A144.png,13.6,0,,0.3496402877697842,0.6,0.8470304624150778,0.6867931094484079,0.4974,0.6209,0.3496,0.847,高度≥5m·偏森林/郁闭木本；物候振幅大+树覆盖低·草本倾向,,
M3B-A154,G1_不确定,AI 无法判读,无法判读,中,云影/无数据遮罩覆盖中心,A_fcs10_shrub,w3,110.30161845424051,24.11500430760332,常绿灌丛,,,,,,,F:\lc_work\v31_exp\data\m3\m5_geemat\m3chip2\chips\M3B-A154.png,19.37,0,,0.6209952283571916,,,0.8045479155387114,,,0.621,,高度≥5m·偏森林/郁闭木本,,
M3B-A158,G1_不确定,AI 无法判读,无法判读,中,大面积黑色掩膜/云影，中心不可判,A_fcs10_shrub,w3,108.34338096638837,26.936253288909086,落叶灌丛,,,,,,,F:\lc_work\v31_exp\data\m3\m5_geemat\m3chip2\chips\M3B-A158.png,9.71,55,,0.41124586549062847,0.6464671246319922,0.4318607764390897,0.7521834061135371,0.3409,0.5604,0.4112,0.4319,高度≥5m·偏森林/郁闭木本,,
M3B-A173,G1_不确定,AI 无法判读,无法判读,低,云/雾亮斑覆盖，地表不可辨,A_fcs10_shrub,w3,108.39683072579348,25.905526331910348,常绿灌丛,,,,,,,F:\lc_work\v31_exp\data\m3\m5_geemat\m3chip2\chips\M3B-A173.png,11.95,0,,0.5234965494577719,0.4979287489643745,,0.6892332789559543,0.1913,0.5702,0.5235,,高度≥5m·偏森林/郁闭木本,,
M3B-A188,G1_不确定,AI 无法判读,无法判读,低,中心被云/强反射斑遮挡,A_fcs10_shrub,w3,109.14288156925474,26.936612615022735,落叶灌丛,,,,,,,F:\lc_work\v31_exp\data\m3\m5_geemat\m3chip2\chips\M3B-A188.png,15.81,85,23,0.624970882832518,0.15051588104390046,0.3842234198922097,0.5149892933618844,0.4745,0.4187,0.625,0.3842,高度≥5m·偏森林/郁闭木本,,
M3B-A189,G1_不确定,AI 无法判读,无法判读,低,云/雾遮挡（中心地物不可辨）,A_fcs10_shrub,w3,111.06374914128752,24.18300677461117,落叶灌丛,,,,,,,F:\lc_work\v31_exp\data\m3\m5_geemat\m3chip2\chips\M3B-A189.png,15.33,96,19,0.5446146057461081,,0.7732371794871795,0.7687861271676301,0.2286,0.6955,0.5446,0.7732,高度≥5m·偏森林/郁闭木本,,
M3B-A194,G1_不确定,AI 无法判读,无法判读,中,判读点被薄云覆盖（周边为常绿林）,A_fcs10_shrub,w3,111.93942688024723,26.17708704229968,落叶灌丛,,,,,,,F:\lc_work\v31_exp\data\m3\m5_geemat\m3chip2\chips\M3B-A194.png,19.46,75,,0.5711402623612513,,0.6242385379929465,0.6053333333333333,0.0531,0.6002,0.5711,0.6242,高度≥5m·偏森林/郁闭木本；物候平稳+树覆盖高·常绿木本倾向,,
M3B-A217,G1_不确定,AI 无法判读,无法判读,中,黑斑遮挡,A_fcs10_shrub,w3,109.45872922315117,25.328268930335142,落叶灌丛,,,,,,,F:\lc_work\v31_exp\data\m3\m5_geemat\m3chip2\chips\M3B-A217.png,16.82,85,22,0.4142776840921866,0.3325161968131676,,0.5463917525773195,0.2139,0.4311,0.4143,,高度≥5m·偏森林/郁闭木本,,
M3B-A218,G1_不确定,AI 无法判读,无法判读,中,云覆盖（点处亮白），地表不可辨,A_fcs10_shrub,w3,113.72698446411665,28.40760389276845,常绿灌丛,,,,,,,F:\lc_work\v31_exp\data\m3\m5_geemat\m3chip2\chips\M3B-A218.png,17.52,64,,0.7106382978723405,0.6636507252620997,0.7112993728683024,0.7356979405034325,0.072,0.7053,0.7106,0.7113,高度≥5m·偏森林/郁闭木本；物候平稳+树覆盖高·常绿木本倾向,,
M3B-A223,G1_不确定,AI 无法判读,无法判读,中,云霾覆盖判读点，地面无有效信号,A_fcs10_shrub,w3,112.33738055111218,24.5996454033858,常绿灌丛,,,,,,,F:\lc_work\v31_exp\data\m3\m5_geemat\m3chip2\chips\M3B-A223.png,18.66,33,,0.534375,0.6291616038882138,0.6883836983642917,0.7784099416080251,0.244,0.6576,0.5344,0.6884,高度≥5m·偏森林/郁闭木本,,
M3B-B054,G1_不确定,AI 无法判读,无法判读,中,云影/掩膜遮挡（周边为常绿林）,B_control_base,w3,109.60439104647116,25.69132305241205,常绿阔叶林,,,,,,,F:\lc_work\v31_exp\data\m3\m5_geemat\m3chip2\chips\M3B-B054.png,11.45,96,,0.5753424657534246,0.5183620409489763,,0.8189616252821671,0.3006,0.6376,0.5753,,高度≥5m·偏森林/郁闭木本,,
M3B-B096,G1_不确定,AI 无法判读,无法判读,中,云遮挡,B_control_base,w3,108.3480072901016,23.79569813986304,常绿针叶林,,,,,,,F:\lc_work\v31_exp\data\m3\m5_geemat\m3chip2\chips\M3B-B096.png,10.79,70,,0.677048477048477,0.6490825688073395,0.7095343680709535,0.7966953328824041,0.1476,0.7081,0.677,0.7095,高度≥5m·偏森林/郁闭木本；物候平稳+树覆盖高·常绿木本倾向,,
M3B-B155,G1_不确定,复判不一致：主判=无法判读/置信中，复判=否,无法判读,中,影像过暗，疑水体或深阴影,B_control_base,w3,111.2041109044312,28.012479915048484,草本沼泽,,,,,,,F:\lc_work\v31_exp\data\m3\m5_geemat\m3chip2\chips\M3B-B155.png,8.21,0,,0.44824016563146996,0.652574942352037,-0.3153846153846154,-0.3370473537604457,0.9896,0.1121,0.4482,-0.3154,高度≥5m·偏森林/郁闭木本；物候振幅大+树覆盖低·草本倾向,,
M3B-A347,G1_不确定,AI 无法判读,无法判读,中,云雾遮挡影像模糊,A_fcs10_shrub,w4,102.29565297911051,37.29185222118211,常绿灌丛,,,,,,,F:\lc_work\v31_exp\data\m3\m5_geemat\m3chip2\chips\M3B-A347.png,6.54,0,,0.2804564113267933,0.365625,0.7203797632982182,0.42909522268952877,0.4399,0.4489,0.2805,0.7204,高度≥5m·偏森林/郁闭木本；物候振幅大+树覆盖低·草本倾向,是,是
M3B-A360,G1_不确定,复判不一致：主判=否/置信低，复判=是,否,低,农田,A_fcs10_shrub,w4,101.6363793920952,36.848982786111186,落叶灌丛,,,,,,,F:\lc_work\v31_exp\data\m3\m5_geemat\m3chip2\chips\M3B-A360.png,2.95,0,,0.19142234068330508,0.2048566261947817,0.6698125404007756,0.33428063943161634,0.4784,0.3501,0.1914,0.6698,高度1.5–5m·灌丛典型带；物候振幅大+树覆盖低·草本倾向,是,是
M3B-A369,G1_不确定,AI 无法判读,无法判读,中,判读点被低云/雾带覆盖,A_fcs10_shrub,w4,101.36239323043874,36.30846647965647,落叶灌丛,,,,,,,F:\lc_work\v31_exp\data\m3\m5_geemat\m3chip2\chips\M3B-A369.png,3.11,0,,0.27437056165267915,0.2086903304773562,0.5756746186937818,0.17944093778178538,0.3962,0.3095,0.2744,0.5757,高度1.5–5m·灌丛典型带；物候振幅大+树覆盖低·草本倾向,是,是
M3B-B123,G1_不确定,AI 无法判读,无法判读,低,影像模糊（疑似积雪与阴影混杂）,B_control_base,w4,101.40232334481786,37.29360393598614,草地,,,,,,,F:\lc_work\v31_exp\data\m3\m5_geemat\m3chip2\chips\M3B-B123.png,5.73,0,,0.22938201011656037,0.1851185118511851,0.6510922330097088,0.31201171875,0.466,0.3444,0.2294,0.6511,高度≥5m·偏森林/郁闭木本；物候振幅大+树覆盖低·草本倾向,是,是
M3B-B237,G1_不确定,AI 无法判读,无法判读,低,影像模糊,B_control_base,w4,106.7216074682032,38.57154725917457,裸地,,,,,,,F:\lc_work\v31_exp\data\m3\m5_geemat\m3chip2\chips\M3B-B237.png,2.19,0,,0.07530271548327004,0.07817109144542773,0.08194719975583702,0.08528852251109702,0.01,0.0802,0.0753,0.0819,高度1.5–5m·灌丛典型带,是,是
M3B-B260,G1_不确定,AI 无法判读,无法判读,中,积雪覆盖,B_control_base,w4,101.48182424746244,37.72614274528969,永久冰雪,,,,,,,F:\lc_work\v31_exp\data\m3\m5_geemat\m3chip2\chips\M3B-B260.png,5.73,0,,-0.020940537449971413,-0.010014663214051726,0.02927010003705076,-0.020988746997091922,0.0503,-0.0057,-0.0209,0.0293,高度≥5m·偏森林/郁闭木本,是,是
M3B-B261,G1_不确定,AI 无法判读,无法判读,低,影像过暗（雪/阴影，中心地物不可辨）,B_control_base,w4,101.50068886842897,37.73584455035819,永久冰雪,,,,,,,F:\lc_work\v31_exp\data\m3\m5_geemat\m3chip2\chips\M3B-B261.png,5.61,0,,-0.10847318870241507,-0.01603157416786001,-0.05127304653204565,-0.08777048383175298,0.0924,-0.0659,-0.1085,-0.0513,高度≥5m·偏森林/郁闭木本,是,是
M3B-B262,G1_不确定,AI 无法判读,无法判读,低,影像过暗且积雪干扰,B_control_base,w4,101.47212244239395,37.73018516406823,永久冰雪,,,,,,,F:\lc_work\v31_exp\data\m3\m5_geemat\m3chip2\chips\M3B-B262.png,5.38,0,,-0.041360713544907696,-0.014014941038463914,-0.00398406374501992,-0.039193580476158896,0.0374,-0.0246,-0.0414,-0.004,高度≥5m·偏森林/郁闭木本,是,是
M3B-B036,G2_低置信是,"低置信""是""（决定分母）",是,低,幼林/灌丛型（城郊连片深绿低矮木本）,B_control_base,,112.57988076206024,22.99233478127495,灌溉耕地,,,,,,,F:\lc_work\v31_exp\data\m3\m5_geemat\m3chip2\chips\M3B-B036.png,3.23,0,,0.6283566058002148,0.5572679509632225,0.7105516871987145,0.7242181141727706,0.167,0.6551,0.6284,0.7106,高度1.5–5m·灌丛典型带,,
M3B-A563,G2_低置信是,"低置信""是""（决定分母）",是,低,灌丛/幼林（低矮木本）,A_fcs10_shrub,w1,124.5411733489327,43.00064585176167,落叶灌丛,,,,,,,F:\lc_work\v31_exp\data\m3\m5_geemat\m3chip2\chips\M3B-A563.png,3.75,0,,0.2701674277016743,0.33527696793002915,0.7681641708264004,0.44367716875269747,0.498,0.4543,0.2702,0.7682,高度1.5–5m·灌丛典型带；物候振幅大+树覆盖低·草本倾向,,
M3B-A570,G2_低置信是,"低置信""是""（决定分母）",是,低,灌丛/矮林（丘陵，含耕地斑块）,A_fcs10_shrub,w1,125.15957359052058,43.16458839111348,落叶灌丛,,,,,,,F:\lc_work\v31_exp\data\m3\m5_geemat\m3chip2\chips\M3B-A570.png,5.0,0,,0.21955636034404707,0.315210355987055,0.7776862906545904,0.6919552620940574,0.5581,0.5011,0.2196,0.7777,高度≥5m·偏森林/郁闭木本；物候振幅大+树覆盖低·草本倾向,,
M3B-A588,G2_低置信是,"低置信""是""（决定分母）",是,低,灌丛/幼林（低矮木本）,A_fcs10_shrub,w1,126.12526252094906,43.06244994330909,落叶灌丛,,,,,,,F:\lc_work\v31_exp\data\m3\m5_geemat\m3chip2\chips\M3B-A588.png,3.44,37,,0.046595646132468735,0.5342874180083482,0.7790406910661514,0.6405186385737439,0.7324,0.5001,0.0466,0.779,高度1.5–5m·灌丛典型带,,
M3B-B105,G2_低置信是,"低置信""是""（决定分母）",是,低,灌丛,B_control_base,w1,122.3487899822748,46.9339642390432,落叶针叶林,,,,,,,F:\lc_work\v31_exp\data\m3\m5_geemat\m3chip2\chips\M3B-B105.png,2.85,0,,0.14964191481341876,0.36899774411859493,0.7776612480335605,0.5017462165308498,0.628,0.4495,0.1496,0.7777,高度1.5–5m·灌丛典型带；物候振幅大+树覆盖低·草本倾向,是,是
M3B-B108,G2_低置信是,"低置信""是""（决定分母）",是,低,灌丛型（连片均匀深绿低矮木本）,B_control_base,w1,126.11632428387207,43.05997957627776,落叶针叶林,,,,,,,F:\lc_work\v31_exp\data\m3\m5_geemat\m3chip2\chips\M3B-B108.png,4.26,0,,0.1511627906976744,0.4163390126692879,0.8423834694858241,0.4589327146171694,0.6912,0.4672,0.1512,0.8424,高度1.5–5m·灌丛典型带；物候振幅大+树覆盖低·草本倾向,,
M3B-B110,G2_低置信是,"低置信""是""（决定分母）",是,低,幼林/灌丛型（连片深绿低矮木本）,B_control_base,w1,126.26373782199607,44.17137524579044,落叶针叶林,,,,,,,F:\lc_work\v31_exp\data\m3\m5_geemat\m3chip2\chips\M3B-B110.png,4.55,43,,0.5611061552185549,0.5812098382450698,0.84142936906756,0.7733613605962163,0.2803,0.6893,0.5611,0.8414,高度1.5–5m·灌丛典型带,,
M3B-B132,G2_低置信是,"低置信""是""（决定分母）",是,低,灌丛型（半干旱区低矮木本）,B_control_base,w1,122.2067663358555,44.83972181717536,草地,,,,,,,F:\lc_work\v31_exp\data\m3\m5_geemat\m3chip2\chips\M3B-B132.png,3.99,0,,0.24604102455096186,0.3398947127489128,0.5305,0.47111472742066723,0.2845,0.3969,0.246,0.5305,高度1.5–5m·灌丛典型带,,
M3B-A413,G2_低置信是,"低置信""是""（决定分母）",是,低,灌丛/幼林（低矮木本，可能含果园）,A_fcs10_shrub,w2,105.73593102270304,34.759681098306004,落叶灌丛,,,,,,,F:\lc_work\v31_exp\data\m3\m5_geemat\m3chip2\chips\M3B-A413.png,3.12,0,,0.2119258662369057,0.287189415940626,0.7518486025817772,0.41935483870967744,0.5399,0.4176,0.2119,0.7518,高度1.5–5m·灌丛典型带；物候振幅大+树覆盖低·草本倾向,是,是
M3B-A416,G2_低置信是,"低置信""是""（决定分母）",是,低,灌丛（丘陵低矮木本）,A_fcs10_shrub,w2,105.53075581181015,34.09232267373361,落叶灌丛,,,,,,,F:\lc_work\v31_exp\data\m3\m5_geemat\m3chip2\chips\M3B-A416.png,4.98,0,,0.4092465753424658,0.4004914004914005,0.7960042060988434,0.5642559361972086,0.3955,0.5425,0.4092,0.796,高度1.5–5m·灌丛典型带；物候振幅大+树覆盖低·草本倾向,是,是
M3B-A417,G2_低置信是,"低置信""是""（决定分母）",是,低,低矮灌丛（黄土坡地）,A_fcs10_shrub,w2,108.07415587573774,35.3752067309847,落叶灌丛,,,,,,,F:\lc_work\v31_exp\data\m3\m5_geemat\m3chip2\chips\M3B-A417.png,3.5,0,,0.19439699350871198,0.3593611357586513,0.6893939393939394,0.5204527081649151,0.495,0.4409,0.1944,0.6894,高度1.5–5m·灌丛典型带；物候振幅大+树覆盖低·草本倾向,是,是
M3B-A426,G2_低置信是,"低置信""是""（决定分母）",是,低,低矮密灌（黄土丘陵）,A_fcs10_shrub,w2,106.48584462188602,35.63212490224288,落叶灌丛,,,,,,,F:\lc_work\v31_exp\data\m3\m5_geemat\m3chip2\chips\M3B-A426.png,3.43,39,,0.30530056262955285,0.352327221438646,0.8193226749183428,0.41915760869565216,0.514,0.474,0.3053,0.8193,高度1.5–5m·灌丛典型带,是,是
M3B-A428,G2_低置信是,"低置信""是""（决定分母）",是,低,灌丛,A_fcs10_shrub,w2,109.91624119735324,32.36944379032078,落叶灌丛,,,,,,,F:\lc_work\v31_exp\data\m3\m5_geemat\m3chip2\chips\M3B-A428.png,4.86,0,,0.3066169617893756,0.6083872957138452,0.7596526229315808,0.5914249684741488,0.453,0.5665,0.3066,0.7597,高度1.5–5m·灌丛典型带；物候振幅大+树覆盖低·草本倾向,,
M3B-A433,G2_低置信是,"低置信""是""（决定分母）",是,低,灌丛（黄土坡面疏灌/灌草）,A_fcs10_shrub,w2,106.3406768719723,35.0249536017065,落叶灌丛,,,,,,,F:\lc_work\v31_exp\data\m3\m5_geemat\m3chip2\chips\M3B-A433.png,3.75,0,,0.30759951749095293,0.4168081494057725,0.7336162776182749,0.5685928539920599,0.426,0.5067,0.3076,0.7336,高度1.5–5m·灌丛典型带；物候振幅大+树覆盖低·草本倾向,是,是
M3B-A437,G2_低置信是,"低置信""是""（决定分母）",是,低,灌丛,A_fcs10_shrub,w2,106.11286411591959,35.38392038924066,落叶灌丛,,,,,,,F:\lc_work\v31_exp\data\m3\m5_geemat\m3chip2\chips\M3B-A437.png,3.43,0,,0.22433774834437087,0.25271542360608257,0.7976969970648001,0.542362885787301,0.5734,0.4543,0.2243,0.7977,高度1.5–5m·灌丛典型带；物候振幅大+树覆盖低·草本倾向,是,是
M3B-A439,G2_低置信是,"低置信""是""（决定分母）",是,低,灌丛,A_fcs10_shrub,w2,106.22515352643454,34.550104142520915,落叶灌丛,,,,,,,F:\lc_work\v31_exp\data\m3\m5_geemat\m3chip2\chips\M3B-A439.png,3.68,0,,0.18608695652173912,0.4785266697233685,0.6935370152761458,0.42868187089292614,0.5075,0.4467,0.1861,0.6935,高度1.5–5m·灌丛典型带；物候振幅大+树覆盖低·草本倾向,是,是
M3B-A447,G2_低置信是,"低置信""是""（决定分母）",是,低,灌丛（沟坡/地埂低矮木本，无高大树冠）,A_fcs10_shrub,w2,109.58188824860395,35.83703061855054,落叶灌丛,,,,,,,F:\lc_work\v31_exp\data\m3\m5_geemat\m3chip2\chips\M3B-A447.png,2.29,0,,0.13531799729364005,0.41459034792368127,0.7483849775539253,0.40200785683107815,0.6131,0.4251,0.1353,0.7484,高度1.5–5m·灌丛典型带；物候振幅大+树覆盖低·草本倾向,,
M3B-A450,G2_低置信是,"低置信""是""（决定分母）",是,低,灌丛（坡地）,A_fcs10_shrub,w2,108.80951676731799,35.10122056932825,落叶灌丛,,,,,,,F:\lc_work\v31_exp\data\m3\m5_geemat\m3chip2\chips\M3B-A450.png,3.81,0,,0.23452484742807322,0.263344146269537,0.6265183335225337,0.5016590298625375,0.392,0.4065,0.2345,0.6265,高度1.5–5m·灌丛典型带；物候振幅大+树覆盖低·草本倾向,,
M3B-A460,G2_低置信是,"低置信""是""（决定分母）",是,低,灌丛,A_fcs10_shrub,w2,106.82217386426036,35.13499722401114,落叶灌丛,,,,,,,F:\lc_work\v31_exp\data\m3\m5_geemat\m3chip2\chips\M3B-A460.png,4.08,0,,0.2750145151925682,0.3808707576276997,0.7837548507961997,0.4326086956521739,0.5087,0.4681,0.275,0.7838,高度1.5–5m·灌丛典型带；物候振幅大+树覆盖低·草本倾向,是,是
M3B-A469,G2_低置信是,"低置信""是""（决定分母）",是,低,灌丛,A_fcs10_shrub,w2,107.52851917216356,35.60194150869646,落叶灌丛,,,,,,,F:\lc_work\v31_exp\data\m3\m5_geemat\m3chip2\chips\M3B-A469.png,4.2,0,,0.3217284456276879,0.370138017565872,0.5233136094674556,0.5342025361671727,0.2125,0.4373,0.3217,0.5233,高度1.5–5m·灌丛典型带,是,是
M3B-A477,G2_低置信是,"低置信""是""（决定分母）",是,低,灌丛,A_fcs10_shrub,w2,108.9899883078976,34.69491256632099,落叶灌丛,,,,,,,F:\lc_work\v31_exp\data\m3\m5_geemat\m3chip2\chips\M3B-A477.png,3.46,0,,0.29313099041533547,0.5396357793251205,0.6782890473104343,0.6356329537843268,0.3852,0.5367,0.2931,0.6783,高度1.5–5m·灌丛典型带；物候振幅大+树覆盖低·草本倾向,,
M3B-A478,G2_低置信是,"低置信""是""（决定分母）",是,低,灌丛,A_fcs10_shrub,w2,105.75497530672638,32.822554019630665,常绿灌丛,,,,,,,F:\lc_work\v31_exp\data\m3\m5_geemat\m3chip2\chips\M3B-A478.png,2.37,0,,0.4517625231910946,0.6661120354963949,0.7299450549450549,0.723673792557403,0.2782,0.6429,0.4518,0.7299,高度1.5–5m·灌丛典型带,,
M3B-A492,G2_低置信是,"低置信""是""（决定分母）",是,低,灌丛（黄土坡面低矮木本）,A_fcs10_shrub,w2,107.1027177274909,34.568250111260134,落叶灌丛,,,,,,,F:\lc_work\v31_exp\data\m3\m5_geemat\m3chip2\chips\M3B-A492.png,2.38,11,,0.28328445747800585,0.4602076124567474,0.7782515991471215,0.5418439716312057,0.495,0.5159,0.2833,0.7783,高度1.5–5m·灌丛典型带；物候振幅大+树覆盖低·草本倾向,,
M3B-A493,G2_低置信是,"低置信""是""（决定分母）",是,低,灌丛（黄土坡面密灌）,A_fcs10_shrub,w2,107.12885870225878,35.76848916237223,落叶灌丛,,,,,,,F:\lc_work\v31_exp\data\m3\m5_geemat\m3chip2\chips\M3B-A493.png,4.15,0,,0.2683137029589199,0.2709529276693456,0.5186214563646471,0.4614604462474645,0.2503,0.3798,0.2683,0.5186,高度1.5–5m·灌丛典型带,是,是
M3B-A502,G2_低置信是,"低置信""是""（决定分母）",是,低,灌丛（黄土沟坡灌丛，含草地/农田）,A_fcs10_shrub,w2,107.11655178286634,35.08945263910628,落叶灌丛,,,,,,,F:\lc_work\v31_exp\data\m3\m5_geemat\m3chip2\chips\M3B-A502.png,4.85,0,,0.24547548535702535,0.3863205483447572,0.7232978586998333,0.49282845668387837,0.4778,0.462,0.2455,0.7233,高度1.5–5m·灌丛典型带；物候振幅大+树覆盖低·草本倾向,是,是
M3B-A510,G2_低置信是,"低置信""是""（决定分母）",是,低,灌丛（山地疏灌/灌草）,A_fcs10_shrub,w2,108.7937962498459,33.291025440298995,落叶灌丛,,,,,,,F:\lc_work\v31_exp\data\m3\m5_geemat\m3chip2\chips\M3B-A510.png,6.36,0,,0.18848018249215853,0.2006572191415075,0.37755436564309913,0.37401411374014115,0.1891,0.2852,0.1885,0.3776,高度≥5m·偏森林/郁闭木本,,
M3B-B128,G2_低置信是,"低置信""是""（决定分母）",是,低,灌丛,B_control_base,w2,109.41897877182888,35.57315050384044,草地,,,,,,,F:\lc_work\v31_exp\data\m3\m5_geemat\m3chip2\chips\M3B-B128.png,2.67,10,,0.20512,0.24883330222139258,0.7190006169031462,0.4544758990053558,0.5139,0.4069,0.2051,0.719,高度1.5–5m·灌丛典型带；物候振幅大+树覆盖低·草本倾向,,
M3B-A022,G2_低置信是,"低置信""是""（决定分母）",是,低,灌丛/疏灌,A_fcs10_shrub,w3,110.94912411103387,27.95197838066303,落叶灌丛,,,,,,,F:\lc_work\v31_exp\data\m3\m5_geemat\m3chip2\chips\M3B-A022.png,4.76,79,18,0.45168698109874583,0.502063789868668,0.6821049805342999,0.6124620060790273,0.2304,0.5621,0.4517,0.6821,高度1.5–5m·灌丛典型带,,
M3B-A047,G2_低置信是,"低置信""是""（决定分母）",是,低,灌丛,A_fcs10_shrub,w3,113.95165311667495,25.561291915035746,常绿灌丛,,,,,,,F:\lc_work\v31_exp\data\m3\m5_geemat\m3chip2\chips\M3B-A047.png,4.14,75,,0.5536694957563655,0.5624053942479703,0.7124795129946149,0.7304908540597447,0.1768,0.6398,0.5537,0.7125,高度1.5–5m·灌丛典型带；物候平稳+树覆盖高·常绿木本倾向,,
M3B-A081,G2_低置信是,"低置信""是""（决定分母）",是,低,灌丛（近河低矮木本，无高大树冠）,A_fcs10_shrub,w3,112.45847345141148,24.684985355377158,常绿灌丛,,,,,,,F:\lc_work\v31_exp\data\m3\m5_geemat\m3chip2\chips\M3B-A081.png,4.55,49,,0.5218446601941747,0.5467485347474184,0.7773342836778332,0.7211413748378729,0.2555,0.6418,0.5218,0.7773,高度1.5–5m·灌丛典型带,,
M3B-A102,G2_低置信是,"低置信""是""（决定分母）",是,低,灌丛（常绿）,A_fcs10_shrub,w3,111.52710016483637,27.039829041168066,常绿灌丛,,,,,,,F:\lc_work\v31_exp\data\m3\m5_geemat\m3chip2\chips\M3B-A102.png,3.24,36,17,0.5987437650101607,0.6371742112482853,0.7552253840342483,0.5930397727272727,0.1622,0.646,0.5987,0.7552,高度1.5–5m·灌丛典型带；物候平稳+树覆盖高·常绿木本倾向,,
M3B-A103,G2_低置信是,"低置信""是""（决定分母）",是,低,灌丛,A_fcs10_shrub,w3,113.1229572670747,24.55625677516283,落叶灌丛,,,,,,,F:\lc_work\v31_exp\data\m3\m5_geemat\m3chip2\chips\M3B-A103.png,3.0,0,,0.32899531494013534,0.37929543980981195,0.7120224606437381,0.7081497797356828,0.383,0.5321,0.329,0.712,高度1.5–5m·灌丛典型带；物候振幅大+树覆盖低·草本倾向,,
M3B-A115,G2_低置信是,"低置信""是""（决定分母）",是,低,灌丛（常绿低矮木本）,A_fcs10_shrub,w3,111.11881586820404,27.840766948489033,常绿灌丛,,,,,,,F:\lc_work\v31_exp\data\m3\m5_geemat\m3chip2\chips\M3B-A115.png,4.77,56,,0.5529699938763013,0.5792552154416065,0.7319219487310292,0.6964228166290687,0.179,0.6401,0.553,0.7319,高度1.5–5m·灌丛典型带；物候平稳+树覆盖高·常绿木本倾向,,
M3B-A124,G2_低置信是,"低置信""是""（决定分母）",是,低,灌丛,A_fcs10_shrub,w3,110.7945240506369,26.58348487683535,常绿灌丛,,,,,,,F:\lc_work\v31_exp\data\m3\m5_geemat\m3chip2\chips\M3B-A124.png,4.2,0,,0.5310136157337367,,0.670753064798599,0.717948717948718,0.1869,0.6399,0.531,0.6708,高度1.5–5m·灌丛典型带,,
M3B-A150,G2_低置信是,"低置信""是""（决定分母）",是,低,灌丛,A_fcs10_shrub,w3,111.74071953939999,27.160382952296906,落叶灌丛,,,,,,,F:\lc_work\v31_exp\data\m3\m5_geemat\m3chip2\chips\M3B-A150.png,4.29,0,16,0.45885873049796966,0.34862028760202096,0.7622445277542629,0.542016806722689,0.4136,0.5279,0.4589,0.7622,高度1.5–5m·灌丛典型带；物候振幅大+树覆盖低·草本倾向,,
M3B-A163,G2_低置信是,"低置信""是""（决定分母）",是,低,灌丛型（灰绿斑块状）,A_fcs10_shrub,w3,108.99331207444884,24.943610325675166,落叶灌丛,,,,,,,F:\lc_work\v31_exp\data\m3\m5_geemat\m3chip2\chips\M3B-A163.png,2.32,0,,0.43323284270260687,0.5447305056491943,0.5576703464027408,0.6557140567398622,0.2225,0.5478,0.4332,0.5577,高度1.5–5m·灌丛典型带,,
M3B-A199,G2_低置信是,"低置信""是""（决定分母）",是,低,灌丛,A_fcs10_shrub,w3,111.659601669244,26.26134901595009,常绿灌丛,,,,,,,F:\lc_work\v31_exp\data\m3\m5_geemat\m3chip2\chips\M3B-A199.png,2.57,0,,0.4436426971883553,,0.7207151664611591,0.6358475263584753,0.2771,0.6001,0.4436,0.7207,高度1.5–5m·灌丛典型带,,
M3B-A211,G2_低置信是,"低置信""是""（决定分母）",是,低,灌丛型（深绿斑块·与农田难分）,A_fcs10_shrub,w3,111.67963410007987,26.862860930196522,常绿灌丛,,,,,,,F:\lc_work\v31_exp\data\m3\m5_geemat\m3chip2\chips\M3B-A211.png,2.46,0,,0.2928844990929248,0.25323275862068967,0.6630054315027157,0.5264026402640264,0.4098,0.4339,0.2929,0.663,高度1.5–5m·灌丛典型带；物候振幅大+树覆盖低·草本倾向,,
M3B-A233,G2_低置信是,"低置信""是""（决定分母）",是,低,灌丛（林间迹地/次生灌丛）,A_fcs10_shrub,w3,113.86254024049029,26.385855514329055,落叶灌丛,,,,,,,F:\lc_work\v31_exp\data\m3\m5_geemat\m3chip2\chips\M3B-A233.png,5.74,37,,0.3189845474613687,0.5509177772190093,0.6959137108483717,0.6502623032725456,0.3769,0.554,0.319,0.6959,高度≥5m·偏森林/郁闭木本,,
M3B-A254,G2_低置信是,"低置信""是""（决定分母）",是,低,灌丛（库岸密灌，低矮木本无高大树冠）,A_fcs10_shrub,w3,111.61657236713467,28.450543363349365,落叶灌丛,,,,,,,F:\lc_work\v31_exp\data\m3\m5_geemat\m3chip2\chips\M3B-A254.png,3.83,0,,0.21755971594577148,-0.2310077519379845,0.1648012350443844,0.3233256351039261,0.5543,0.1187,0.2176,0.1648,高度1.5–5m·灌丛典型带；物候振幅大+树覆盖低·草本倾向,,
M3B-A278,G2_低置信是,"低置信""是""（决定分母）",是,低,灌丛（丘陵低矮木本与梯田交错）,A_fcs10_shrub,w3,110.95514282343747,27.965453109924823,落叶灌丛,,,,,,,F:\lc_work\v31_exp\data\m3\m5_geemat\m3chip2\chips\M3B-A278.png,2.7,0,,0.34337152209492633,0.5009178803084078,0.7784026996625422,0.6293634496919918,0.435,0.563,0.3434,0.7784,高度1.5–5m·灌丛典型带；物候振幅大+树覆盖低·草本倾向,,
M3B-A283,G2_低置信是,"低置信""是""（决定分母）",是,低,低矮密灌（与乔木林难分）,A_fcs10_shrub,w3,113.99998247896059,25.765658642172937,常绿灌丛,,,,,,,F:\lc_work\v31_exp\data\m3\m5_geemat\m3chip2\chips\M3B-A283.png,3.57,58,,0.5703824247355573,0.7500421088091629,0.7752735587130491,0.7676626640603184,0.2049,0.7158,0.5704,0.7753,高度1.5–5m·灌丛典型带,,
M3B-A289,G2_低置信是,"低置信""是""（决定分母）",是,低,灌丛,A_fcs10_shrub,w3,108.59122615327695,25.21265575326896,常绿灌丛,,,,,,,F:\lc_work\v31_exp\data\m3\m5_geemat\m3chip2\chips\M3B-A289.png,3.06,85,9,0.8422860973770218,0.8002719444024777,0.8037832638666239,0.8608198284080076,0.0605,0.8268,0.8423,0.8038,高度1.5–5m·灌丛典型带；物候平稳+树覆盖高·常绿木本倾向,,
M3B-B004,G2_低置信是,"低置信""是""（决定分母）",是,低,灌丛,B_control_base,w3,112.46857949835784,26.95201872214539,草本旱地,,,,,,,F:\lc_work\v31_exp\data\m3\m5_geemat\m3chip2\chips\M3B-B004.png,4.69,12,,0.2526168876482903,0.31686358754027927,0.5481491239625873,0.43816404589885255,0.2955,0.3889,0.2526,0.5481,高度1.5–5m·灌丛典型带,,
M3B-B039,G2_低置信是,"低置信""是""（决定分母）",是,低,灌丛,B_control_base,w3,111.527234912129,25.54283153594709,灌溉耕地,,,,,,,F:\lc_work\v31_exp\data\m3\m5_geemat\m3chip2\chips\M3B-B039.png,4.62,0,,0.36530227778729235,0.41289355322338833,0.6388687454677302,0.48054169636493227,0.2736,0.4744,0.3653,0.6389,高度1.5–5m·灌丛典型带,,
M3B-B053,G2_低置信是,"低置信""是""（决定分母）",是,低,灌丛,B_control_base,w3,112.47855079801155,24.702008430011222,常绿阔叶林,,,,,,,F:\lc_work\v31_exp\data\m3\m5_geemat\m3chip2\chips\M3B-B053.png,3.99,55,,0.6472413029027254,0.7028742067935797,0.8153846153846154,0.8149951314508277,0.1681,0.7451,0.6472,0.8154,高度1.5–5m·灌丛典型带；物候平稳+树覆盖高·常绿木本倾向,,
M3B-B086,G2_低置信是,"低置信""是""（决定分母）",是,低,灌丛型（常绿低矮木本斑块）,B_control_base,w3,111.52480946086186,27.03717901107992,常绿针叶林,,,,,,,F:\lc_work\v31_exp\data\m3\m5_geemat\m3chip2\chips\M3B-B086.png,3.44,0,,0.7501029230135858,0.7502908103916247,0.7255388432315087,0.6015625,0.1487,0.7069,0.7501,0.7255,高度1.5–5m·灌丛典型带,,
M3B-A306,G2_低置信是,"低置信""是""（决定分母）",是,低,灌丛（沙棘/柠条类低矮灌丛，深绿斑块，冠层约2m）,A_fcs10_shrub,w4,101.3281674181138,36.29903416917321,落叶灌丛,,,,,,,F:\lc_work\v31_exp\data\m3\m5_geemat\m3chip2\chips\M3B-A306.png,1.98,0,,0.12898003237992445,0.065279091769158,0.4265139116202946,0.00032071840923669016,0.4262,0.1553,0.129,0.4265,高度1.5–5m·灌丛典型带；物候振幅大+树覆盖低·草本倾向,是,是
M3B-A313,G2_低置信是,"低置信""是""（决定分母）",是,低,灌丛（荒漠山地/河谷密灌，近红外强、树冠不明显）,A_fcs10_shrub,w4,106.43742542807198,40.92535788238875,落叶灌丛,,,,,,,F:\lc_work\v31_exp\data\m3\m5_geemat\m3chip2\chips\M3B-A313.png,5.42,0,,0.09897536516241552,0.09924812030075188,0.13360800470865214,0.12252209219011226,0.0346,0.1136,0.099,0.1336,高度≥5m·偏森林/郁闭木本,是,是
M3B-A316,G2_低置信是,"低置信""是""（决定分母）",是,低,灌丛,A_fcs10_shrub,w4,101.91027572222323,40.43397942197537,落叶灌丛,,,,,,,F:\lc_work\v31_exp\data\m3\m5_geemat\m3chip2\chips\M3B-A316.png,3.0,0,,0.11534581324963569,0.10470441298917568,0.08503018520413384,0.0939448961869424,0.0303,0.0998,0.1153,0.085,高度1.5–5m·灌丛典型带,是,是
M3B-A341,G2_低置信是,"低置信""是""（决定分母）",是,低,灌丛,A_fcs10_shrub,w4,106.48234119227796,36.00007484261824,落叶灌丛,,,,,,,F:\lc_work\v31_exp\data\m3\m5_geemat\m3chip2\chips\M3B-A341.png,1.73,0,,0.28180961357210177,0.33028798411122146,0.787525354969574,0.5273824924536438,0.5057,0.4818,0.2818,0.7875,高度1.5–5m·灌丛典型带；物候振幅大+树覆盖低·草本倾向,是,是
M3B-A345,G2_低置信是,"低置信""是""（决定分母）",是,低,灌丛型（雪被间深色荒漠灌丛）,A_fcs10_shrub,w4,101.27013625075966,40.883406558620365,落叶灌丛,,,,,,,F:\lc_work\v31_exp\data\m3\m5_geemat\m3chip2\chips\M3B-A345.png,2.47,0,,0.06299720490217157,0.08081194944465722,0.08792234459585589,0.09108364334573384,0.0281,0.0807,0.063,0.0879,高度1.5–5m·灌丛典型带,是,是
M3B-A374,G2_低置信是,"低置信""是""（决定分母）",是,低,灌丛,A_fcs10_shrub,w4,101.32699960824444,37.14928958559234,落叶灌丛,,,,,,,F:\lc_work\v31_exp\data\m3\m5_geemat\m3chip2\chips\M3B-A374.png,2.82,0,,0.09744779582366589,0.1798330122029544,0.6928733031674208,0.4229934924078091,0.5954,0.3483,0.0974,0.6929,高度1.5–5m·灌丛典型带；物候振幅大+树覆盖低·草本倾向,是,是
M3B-A376,G2_低置信是,"低置信""是""（决定分母）",是,低,荒漠稀疏灌丛,A_fcs10_shrub,w4,105.76359913345392,39.565757699873856,落叶灌丛,,,,,,,F:\lc_work\v31_exp\data\m3\m5_geemat\m3chip2\chips\M3B-A376.png,2.18,0,,0.10528893241919686,0.09488651900464862,0.1389031266017427,0.15873015873015872,0.0638,0.1245,0.1053,0.1389,高度1.5–5m·灌丛典型带,是,是
M3B-A389,G2_低置信是,"低置信""是""（决定分母）",是,低,灌丛（盐碱/荒漠地稀疏低矮灌丛，暗色斑块）,A_fcs10_shrub,w4,106.62499365939614,37.85051449637604,落叶灌丛,,,,,,,F:\lc_work\v31_exp\data\m3\m5_geemat\m3chip2\chips\M3B-A389.png,1.85,0,,0.08768147189880696,0.099640640313623,0.1341498148675591,0.1532753868984524,0.0656,0.1187,0.0877,0.1341,高度1.5–5m·灌丛典型带,是,是
M3B-A391,G2_低置信是,"低置信""是""（决定分母）",是,低,高山灌丛（推测）,A_fcs10_shrub,w4,101.79241675694675,37.42938429118081,落叶灌丛,,,,,,,F:\lc_work\v31_exp\data\m3\m5_geemat\m3chip2\chips\M3B-A391.png,2.63,0,,0.00760043431053203,0.146484375,0.7591695501730104,0.3288280277431976,0.7516,0.3105,0.0076,0.7592,高度1.5–5m·灌丛典型带；物候振幅大+树覆盖低·草本倾向,是,是
M3B-A396,G2_低置信是,"低置信""是""（决定分母）",是,低,灌丛（黄土丘陵坡面低矮木本）,A_fcs10_shrub,w4,106.08914859241884,36.01525637091986,落叶灌丛,,,,,,,F:\lc_work\v31_exp\data\m3\m5_geemat\m3chip2\chips\M3B-A396.png,5.69,0,,0.2190923317683881,0.4067593480345158,0.77291222631273,0.3883248730964467,0.5538,0.4468,0.2191,0.7729,高度≥5m·偏森林/郁闭木本；物候振幅大+树覆盖低·草本倾向,是,是
M3B-B133,G2_低置信是,"低置信""是""（决定分母）",是,低,灌丛,B_control_base,w4,102.16822695605816,37.27473931501964,草地,,,,,,,F:\lc_work\v31_exp\data\m3\m5_geemat\m3chip2\chips\M3B-B133.png,3.65,0,,0.2374013357619915,0.18907726155040766,0.734024568916939,0.3572676727561557,0.5449,0.3794,0.2374,0.734,高度1.5–5m·灌丛典型带；物候振幅大+树覆盖低·草本倾向,是,是
M3B-A533,G3_干旱A,干旱 A 臂随机 60（AI 最可能低估）,否,高,农田,A_fcs10_shrub,w1,122.96588766670071,46.614029250604034,落叶灌丛,,,,,,,F:\lc_work\v31_exp\data\m3\m5_geemat\m3chip2\chips\M3B-A533.png,3.61,0,,0.08702845797485109,0.23220973782771537,0.8278855975485189,0.37358635230975656,0.7409,0.3802,0.087,0.8279,高度1.5–5m·灌丛典型带；物候振幅大+树覆盖低·草本倾向,是,是
M3B-A534,G3_干旱A,干旱 A 臂随机 60（AI 最可能低估）,否,高,农田（田块条带清晰）,A_fcs10_shrub,w1,122.84200998902062,46.8775949549647,落叶灌丛,,,,,,,F:\lc_work\v31_exp\data\m3\m5_geemat\m3chip2\chips\M3B-A534.png,2.71,0,,0.06683703558089248,0.32628320866649474,0.7515756302521008,0.32888377445339473,0.6847,0.3684,0.0668,0.7516,高度1.5–5m·灌丛典型带；物候振幅大+树覆盖低·草本倾向,是,是
M3B-A584,G3_干旱A,干旱 A 臂随机 60（AI 最可能低估）,否,低,草地,A_fcs10_shrub,w1,122.35548243114148,46.91810897427849,落叶灌丛,,,,,,,F:\lc_work\v31_exp\data\m3\m5_geemat\m3chip2\chips\M3B-A584.png,2.84,0,,0.20804597701149424,0.37550138846035175,0.8120531154239019,0.4800810263335584,0.604,0.4689,0.208,0.8121,高度1.5–5m·灌丛典型带；物候振幅大+树覆盖低·草本倾向,是,是
M3B-A594,G3_干旱A,干旱 A 臂随机 60（AI 最可能低估）,否,中,农田,A_fcs10_shrub,w1,122.38333020494919,46.120764328094005,落叶灌丛,,,,,,,F:\lc_work\v31_exp\data\m3\m5_geemat\m3chip2\chips\M3B-A594.png,2.78,0,,0.19124328789756298,0.26948307530831805,0.6994456495541094,0.5604203152364273,0.5082,0.4301,0.1912,0.6994,高度1.5–5m·灌丛典型带；物候振幅大+树覆盖低·草本倾向,是,是
M3B-A438,G3_干旱A,干旱 A 臂随机 60（AI 最可能低估）,否,低,农田,A_fcs10_shrub,w2,105.51153186472999,35.168324721051974,落叶灌丛,,,,,,,F:\lc_work\v31_exp\data\m3\m5_geemat\m3chip2\chips\M3B-A438.png,4.36,0,,0.1680650235972732,0.18289396602226127,0.18820601187057248,0.09785804283914322,0.0903,0.1593,0.1681,0.1882,高度1.5–5m·灌丛典型带,是,是
M3B-A443,G3_干旱A,干旱 A 臂随机 60（AI 最可能低估）,否,中,农田（黄土梯田）,A_fcs10_shrub,w2,107.03776953244906,35.53483735697274,落叶灌丛,,,,,,,F:\lc_work\v31_exp\data\m3\m5_geemat\m3chip2\chips\M3B-A443.png,8.84,0,,0.24119241192411925,0.32900364327578013,0.7046905356647238,0.4723360655737705,0.4635,0.4368,0.2412,0.7047,高度≥5m·偏森林/郁闭木本；物候振幅大+树覆盖低·草本倾向,是,是
M3B-A449,G3_干旱A,干旱 A 臂随机 60（AI 最可能低估）,否,低,农田,A_fcs10_shrub,w2,105.56695791776016,35.30953988371556,落叶灌丛,,,,,,,F:\lc_work\v31_exp\data\m3\m5_geemat\m3chip2\chips\M3B-A449.png,5.68,0,,0.14412285883047843,0.16110486189226347,0.3070203136511946,0.2049131216297184,0.1629,0.2043,0.1441,0.307,高度≥5m·偏森林/郁闭木本,是,是
M3B-A488,G3_干旱A,干旱 A 臂随机 60（AI 最可能低估）,否,低,其他,A_fcs10_shrub,w2,105.80671826709167,34.06169012254514,落叶灌丛,,,,,,,F:\lc_work\v31_exp\data\m3\m5_geemat\m3chip2\chips\M3B-A488.png,4.37,0,,0.3413030484160191,0.5414949970570924,0.7558290155440415,0.5968634686346863,0.4145,0.5589,0.3413,0.7558,高度1.5–5m·灌丛典型带；物候振幅大+树覆盖低·草本倾向,是,是
M3B-A303,G3_干旱A,干旱 A 臂随机 60（AI 最可能低估）,否,中,裸地(荒漠稀疏植被),A_fcs10_shrub,w4,101.19386928313791,40.640502105794454,落叶灌丛,,,,,,,F:\lc_work\v31_exp\data\m3\m5_geemat\m3chip2\chips\M3B-A303.png,2.05,0,,0.10835433223492925,0.1026341291516166,0.11856243052982586,0.11733174508636093,0.0159,0.1117,0.1084,0.1186,高度1.5–5m·灌丛典型带,是,是
M3B-A307,G3_干旱A,干旱 A 臂随机 60（AI 最可能低估）,否,中,沙地,A_fcs10_shrub,w4,103.8257534025513,38.6476794795037,落叶灌丛,,,,,,,F:\lc_work\v31_exp\data\m3\m5_geemat\m3chip2\chips\M3B-A307.png,2.29,0,,0.12133149497734882,0.11869381764813795,0.2472972972972973,0.14216380182002022,0.1286,0.1574,0.1213,0.2473,高度1.5–5m·灌丛典型带,是,是
M3B-A308,G3_干旱A,干旱 A 臂随机 60（AI 最可能低估）,否,中,裸地,A_fcs10_shrub,w4,103.23412295643018,38.56224969598394,落叶灌丛,,,,,,,F:\lc_work\v31_exp\data\m3\m5_geemat\m3chip2\chips\M3B-A308.png,2.33,0,,0.13410632246773135,0.11032531824611033,0.1608570514870483,0.12297426120114395,0.0505,0.1321,0.1341,0.1609,高度1.5–5m·灌丛典型带,是,是
M3B-A309,G3_干旱A,干旱 A 臂随机 60（AI 最可能低估）,否,中,裸地（山地裸岩/稀疏植被，含积雪）,A_fcs10_shrub,w4,106.00102386304671,39.085338685926736,落叶灌丛,,,,,,,F:\lc_work\v31_exp\data\m3\m5_geemat\m3chip2\chips\M3B-A309.png,9.65,0,,-0.031818181818181815,0.11669441501437869,0.21025260029717682,0.167601246105919,0.2421,0.1157,-0.0318,0.2103,高度≥5m·偏森林/郁闭木本,是,是
M3B-A311,G3_干旱A,干旱 A 臂随机 60（AI 最可能低估）,否,中,裸地（荒山/裸土）,A_fcs10_shrub,w4,104.22774949219477,36.30424439782111,落叶灌丛,,,,,,,F:\lc_work\v31_exp\data\m3\m5_geemat\m3chip2\chips\M3B-A311.png,6.18,0,,0.1241688153073687,0.0993939393939394,0.07554240631163708,0.1150317572335921,0.0486,0.1035,0.1242,0.0755,高度≥5m·偏森林/郁闭木本,是,是
M3B-A312,G3_干旱A,干旱 A 臂随机 60（AI 最可能低估）,否,中,农田,A_fcs10_shrub,w4,106.32306989240357,38.3034450626291,落叶灌丛,,,,,,,F:\lc_work\v31_exp\data\m3\m5_geemat\m3chip2\chips\M3B-A312.png,1.81,0,,0.10857356795207787,0.1136094674556213,0.27311408506823387,0.19766627771295217,0.1645,0.1732,0.1086,0.2731,高度1.5–5m·灌丛典型带,是,是
M3B-A315,G3_干旱A,干旱 A 臂随机 60（AI 最可能低估）,否,低,沙地（裸地，植被稀疏）,A_fcs10_shrub,w4,106.81633481491359,38.637798011378386,落叶灌丛,,,,,,,F:\lc_work\v31_exp\data\m3\m5_geemat\m3chip2\chips\M3B-A315.png,2.21,0,,0.10968049594659036,0.0957983193277311,0.12739814615218797,0.1322545321815306,0.0365,0.1163,0.1097,0.1274,高度1.5–5m·灌丛典型带,是,是
M3B-A317,G3_干旱A,干旱 A 臂随机 60（AI 最可能低估）,否,中,裸地（高山裸岩，局部积雪）,A_fcs10_shrub,w4,101.005043410416,39.16142599049166,落叶灌丛,,,,,,,F:\lc_work\v31_exp\data\m3\m5_geemat\m3chip2\chips\M3B-A317.png,8.23,0,,0.09985315712187959,0.09111523397237684,0.12396694214876033,0.10309167295055478,0.0329,0.1045,0.0999,0.124,高度≥5m·偏森林/郁闭木本,是,是
M3B-A320,G3_干旱A,干旱 A 臂随机 60（AI 最可能低估）,否,中,沙地（暗色砾石戈壁/沙漠，无植被信号）,A_fcs10_shrub,w4,104.79081351228089,40.449789770975876,落叶灌丛,,,,,,,F:\lc_work\v31_exp\data\m3\m5_geemat\m3chip2\chips\M3B-A320.png,1.87,0,,0.09518716577540107,0.09470702779252965,0.15677381187142575,0.11377620189800813,0.0621,0.1151,0.0952,0.1568,高度1.5–5m·灌丛典型带,是,是
M3B-A322,G3_干旱A,干旱 A 臂随机 60（AI 最可能低估）,否,低,沙地,A_fcs10_shrub,w4,102.7284612829993,40.969734657424254,落叶灌丛,,,,,,,F:\lc_work\v31_exp\data\m3\m5_geemat\m3chip2\chips\M3B-A322.png,3.41,0,,0.08859377842459523,0.0912782648823258,0.22238358021105625,0.08209656208904753,0.1403,0.1211,0.0886,0.2224,高度1.5–5m·灌丛典型带,是,是
M3B-A323,G3_干旱A,干旱 A 臂随机 60（AI 最可能低估）,否,高,裸地,A_fcs10_shrub,w4,105.43921748435837,37.64758507369344,落叶灌丛,,,,,,,F:\lc_work\v31_exp\data\m3\m5_geemat\m3chip2\chips\M3B-A323.png,2.74,0,,0.09815950920245399,0.09259617243379084,0.08201955697465575,0.08188585607940446,0.0163,0.0887,0.0982,0.082,高度1.5–5m·灌丛典型带,是,是
M3B-A324,G3_干旱A,干旱 A 臂随机 60（AI 最可能低估）,否,中,沙地,A_fcs10_shrub,w4,103.53955015303082,40.105735017158096,落叶灌丛,,,,,,,F:\lc_work\v31_exp\data\m3\m5_geemat\m3chip2\chips\M3B-A324.png,2.27,0,,0.09658246656760773,0.0937444621655148,0.12863385901577049,0.10717816887482698,0.0349,0.1065,0.0966,0.1286,高度1.5–5m·灌丛典型带,是,是
M3B-A326,G3_干旱A,干旱 A 臂随机 60（AI 最可能低估）,否,中,裸地,A_fcs10_shrub,w4,104.56551603902372,36.07014343477956,落叶灌丛,,,,,,,F:\lc_work\v31_exp\data\m3\m5_geemat\m3chip2\chips\M3B-A326.png,4.91,0,,0.10294805802526907,0.07352085354025219,0.2504557687299245,0.13349368610944076,0.1769,0.1401,0.1029,0.2505,高度1.5–5m·灌丛典型带,是,是
M3B-A332,G3_干旱A,干旱 A 臂随机 60（AI 最可能低估）,否,低,乔木林（暗色郁闭常绿植被）,A_fcs10_shrub,w4,101.49498456637478,37.743255651452166,落叶灌丛,,,,,,,F:\lc_work\v31_exp\data\m3\m5_geemat\m3chip2\chips\M3B-A332.png,5.96,0,,-0.11497938616582684,-0.022599173331901874,0.30991551800800354,-0.032833857860867115,0.4249,0.0349,-0.115,0.3099,高度≥5m·偏森林/郁闭木本；物候振幅大+树覆盖低·草本倾向,是,是
M3B-A333,G3_干旱A,干旱 A 臂随机 60（AI 最可能低估）,否,低,裸地（山前洪积扇，沟谷零星植被）,A_fcs10_shrub,w4,106.14556279226154,38.87728886612465,落叶灌丛,,,,,,,F:\lc_work\v31_exp\data\m3\m5_geemat\m3chip2\chips\M3B-A333.png,7.46,0,,-0.0109717868338558,0.15253311484364332,0.1908247925817472,0.07271885132005558,0.2018,0.1013,-0.011,0.1908,高度≥5m·偏森林/郁闭木本,是,是
M3B-A335,G3_干旱A,干旱 A 臂随机 60（AI 最可能低估）,否,中,裸地（荒漠，邻近城镇与道路）,A_fcs10_shrub,w4,105.59597350143723,38.746763655342086,落叶灌丛,,,,,,,F:\lc_work\v31_exp\data\m3\m5_geemat\m3chip2\chips\M3B-A335.png,2.0,0,,0.10110206037374221,0.10583941605839416,0.12518342928095721,0.092673218061948,0.0325,0.1062,0.1011,0.1252,高度1.5–5m·灌丛典型带,是,是
M3B-A338,G3_干旱A,干旱 A 臂随机 60（AI 最可能低估）,否,中,裸地,A_fcs10_shrub,w4,103.29655586867648,36.2117179235568,落叶灌丛,,,,,,,F:\lc_work\v31_exp\data\m3\m5_geemat\m3chip2\chips\M3B-A338.png,3.05,0,,0.13743166778555674,0.11412609736632083,0.08803000312532555,0.12521663778162911,0.0494,0.1162,0.1374,0.088,高度1.5–5m·灌丛典型带,是,是
M3B-A340,G3_干旱A,干旱 A 臂随机 60（AI 最可能低估）,否,中,水体,A_fcs10_shrub,w4,106.74761369567845,38.57904819179697,落叶灌丛,,,,,,,F:\lc_work\v31_exp\data\m3\m5_geemat\m3chip2\chips\M3B-A340.png,2.29,0,,0.15427639244931252,0.12221163012392755,0.11462076792131644,0.13137020536781485,0.0397,0.1306,0.1543,0.1146,高度1.5–5m·灌丛典型带,是,是
M3B-A343,G3_干旱A,干旱 A 臂随机 60（AI 最可能低估）,否,高,裸地（砾石荒山/基岩）,A_fcs10_shrub,w4,105.52554558316226,37.80029867199376,落叶灌丛,,,,,,,F:\lc_work\v31_exp\data\m3\m5_geemat\m3chip2\chips\M3B-A343.png,2.94,0,,0.10380267214799589,0.09459325887120688,0.0866943866943867,0.0971981155467394,0.0171,0.0956,0.1038,0.0867,高度1.5–5m·灌丛典型带,是,是
M3B-A350,G3_干旱A,干旱 A 臂随机 60（AI 最可能低估）,否,中,农田,A_fcs10_shrub,w4,106.77815641533851,39.070696146795584,落叶灌丛,,,,,,,F:\lc_work\v31_exp\data\m3\m5_geemat\m3chip2\chips\M3B-A350.png,1.57,0,,0.10395898604386215,0.12260365581810076,0.21505120266730174,0.19144040497008744,0.1111,0.1583,0.104,0.2151,高度1.5–5m·灌丛典型带,是,是
M3B-A355,G3_干旱A,干旱 A 臂随机 60（AI 最可能低估）,否,中,裸地（高寒山地裸土/砾石坡）,A_fcs10_shrub,w4,102.92869575982954,37.14946924864917,落叶灌丛,,,,,,,F:\lc_work\v31_exp\data\m3\m5_geemat\m3chip2\chips\M3B-A355.png,4.76,0,,0.13586392864550922,0.11725550435227855,0.16991747936984247,0.15242950785558215,0.0527,0.1439,0.1359,0.1699,高度1.5–5m·灌丛典型带,是,是
M3B-A356,G3_干旱A,干旱 A 臂随机 60（AI 最可能低估）,否,中,裸地,A_fcs10_shrub,w4,103.00487289592287,36.325624301583154,落叶灌丛,,,,,,,F:\lc_work\v31_exp\data\m3\m5_geemat\m3chip2\chips\M3B-A356.png,1.99,0,,0.1359026369168357,0.11207144915010084,0.1104594330400782,0.15863317492645396,0.0482,0.1293,0.1359,0.1105,高度1.5–5m·灌丛典型带,是,是
M3B-A358,G3_干旱A,干旱 A 臂随机 60（AI 最可能低估）,否,高,裸地（山地裸岩/矿区）,A_fcs10_shrub,w4,106.40697253994033,39.25323381252867,落叶灌丛,,,,,,,F:\lc_work\v31_exp\data\m3\m5_geemat\m3chip2\chips\M3B-A358.png,5.12,0,,0.10278176831657307,0.08864084044648719,0.10073917634635692,0.10123889375547492,0.0141,0.0984,0.1028,0.1007,高度≥5m·偏森林/郁闭木本,是,是
M3B-A361,G3_干旱A,干旱 A 臂随机 60（AI 最可能低估）,否,低,农田,A_fcs10_shrub,w4,106.99995045898763,37.586589465901724,落叶灌丛,,,,,,,F:\lc_work\v31_exp\data\m3\m5_geemat\m3chip2\chips\M3B-A361.png,1.7,0,,0.10127546164096707,0.08644338118022328,0.24972253052164262,0.1500260010400416,0.1633,0.1469,0.1013,0.2497,高度1.5–5m·灌丛典型带,是,是
M3B-A362,G3_干旱A,干旱 A 臂随机 60（AI 最可能低估）,否,中,沙地,A_fcs10_shrub,w4,102.33401104174241,40.874603068835995,落叶灌丛,,,,,,,F:\lc_work\v31_exp\data\m3\m5_geemat\m3chip2\chips\M3B-A362.png,2.89,0,,0.10198872700202063,0.09251949552325021,0.11168418964491172,0.11674247346761966,0.0242,0.1057,0.102,0.1117,高度1.5–5m·灌丛典型带,是,是
M3B-A363,G3_干旱A,干旱 A 臂随机 60（AI 最可能低估）,否,高,农田,A_fcs10_shrub,w4,106.55312843666657,39.11929500366645,落叶灌丛,,,,,,,F:\lc_work\v31_exp\data\m3\m5_geemat\m3chip2\chips\M3B-A363.png,2.68,0,,0.08892875448487955,0.10609943618657099,0.33934583934583934,0.23021382949180783,0.2504,0.1911,0.0889,0.3393,高度1.5–5m·灌丛典型带,是,是
M3B-A368,G3_干旱A,干旱 A 臂随机 60（AI 最可能低估）,否,中,农田,A_fcs10_shrub,w4,106.87733042270531,38.40082243942766,落叶灌丛,,,,,,,F:\lc_work\v31_exp\data\m3\m5_geemat\m3chip2\chips\M3B-A368.png,3.04,0,,0.10392857142857143,0.10409647100549743,0.13247539742619227,0.1747824041402023,0.0709,0.1288,0.1039,0.1325,高度1.5–5m·灌丛典型带,是,是
M3B-A372,G3_干旱A,干旱 A 臂随机 60（AI 最可能低估）,否,中,裸地,A_fcs10_shrub,w4,101.20518805571783,41.95042545309754,落叶灌丛,,,,,,,F:\lc_work\v31_exp\data\m3\m5_geemat\m3chip2\chips\M3B-A372.png,2.77,0,,0.1296783329961562,0.1343172053054362,0.1958719460825611,0.16592338479130933,0.0662,0.1564,0.1297,0.1959,高度1.5–5m·灌丛典型带,是,是
M3B-A375,G3_干旱A,干旱 A 臂随机 60（AI 最可能低估）,否,中,裸地（盐碱/砾石滩，含道路）,A_fcs10_shrub,w4,102.26654756390504,38.56242935904076,落叶灌丛,,,,,,,F:\lc_work\v31_exp\data\m3\m5_geemat\m3chip2\chips\M3B-A375.png,2.14,0,,0.1127843385907902,0.10138522988017337,0.6303327422551371,0.40906657147956454,0.5289,0.3134,0.1128,0.6303,高度1.5–5m·灌丛典型带；物候振幅大+树覆盖低·草本倾向,是,是
M3B-A378,G3_干旱A,干旱 A 臂随机 60（AI 最可能低估）,否,低,裸地（白色裸岩/积雪山地）,A_fcs10_shrub,w4,102.64949936952519,37.56772484493521,落叶灌丛,,,,,,,F:\lc_work\v31_exp\data\m3\m5_geemat\m3chip2\chips\M3B-A378.png,5.0,0,,0.10684430512016718,0.08346645367412141,0.1319918774229278,0.11212446351931331,0.0485,0.1086,0.1068,0.132,高度≥5m·偏森林/郁闭木本,是,是
M3B-A380,G3_干旱A,干旱 A 臂随机 60（AI 最可能低估）,否,中,裸地（干旱裸岩劣地，伪彩暗）,A_fcs10_shrub,w4,101.49085231606783,36.03924138900585,落叶灌丛,,,,,,,F:\lc_work\v31_exp\data\m3\m5_geemat\m3chip2\chips\M3B-A380.png,5.12,0,,0.10499515033947623,0.11136260751471254,0.15421965317919076,0.1580916744621141,0.0531,0.1322,0.105,0.1542,高度≥5m·偏森林/郁闭木本,是,是
M3B-A386,G3_干旱A,干旱 A 臂随机 60（AI 最可能低估）,否,中,裸地,A_fcs10_shrub,w4,103.54583836001964,39.92732960173196,落叶灌丛,,,,,,,F:\lc_work\v31_exp\data\m3\m5_geemat\m3chip2\chips\M3B-A386.png,4.44,0,,0.08979402915991669,0.09534467323187108,0.10993227990970654,0.09273602679505966,0.0201,0.097,0.0898,0.1099,高度1.5–5m·灌丛典型带,是,是
M3B-A390,G3_干旱A,干旱 A 臂随机 60（AI 最可能低估）,否,低,农田,A_fcs10_shrub,w4,106.20296513891678,37.552543316633596,落叶灌丛,,,,,,,F:\lc_work\v31_exp\data\m3\m5_geemat\m3chip2\chips\M3B-A390.png,1.87,0,,0.09255210610698149,0.09086710541507909,0.16420980459376072,0.11357254290171608,0.0733,0.1153,0.0926,0.1642,高度1.5–5m·灌丛典型带,是,是
M3B-A394,G3_干旱A,干旱 A 臂随机 60（AI 最可能低估）,否,高,裸地,A_fcs10_shrub,w4,102.34829425475992,37.35572243788301,落叶灌丛,,,,,,,F:\lc_work\v31_exp\data\m3\m5_geemat\m3chip2\chips\M3B-A394.png,3.36,0,,-0.038376709307454786,-0.015622800844475721,0.3076414158121072,-0.016751930986056776,0.346,0.0592,-0.0384,0.3076,高度1.5–5m·灌丛典型带,是,是
M3B-A395,G3_干旱A,干旱 A 臂随机 60（AI 最可能低估）,否,中,裸地,A_fcs10_shrub,w4,105.29602602806972,36.70866593873171,落叶灌丛,,,,,,,F:\lc_work\v31_exp\data\m3\m5_geemat\m3chip2\chips\M3B-A395.png,3.96,0,,0.13717605004468275,0.11804367515346684,0.20236686390532543,0.168373010978167,0.0843,0.1565,0.1372,0.2024,高度1.5–5m·灌丛典型带,是,是
M3B-A397,G3_干旱A,干旱 A 臂随机 60（AI 最可能低估）,否,中,沙地,A_fcs10_shrub,w4,105.99985605317735,40.8866404936432,落叶灌丛,,,,,,,F:\lc_work\v31_exp\data\m3\m5_geemat\m3chip2\chips\M3B-A397.png,2.11,0,,0.14935292060160896,0.11874349512725897,0.3793884484711212,0.2147215115134816,0.2606,0.2156,0.1494,0.3794,高度1.5–5m·灌丛典型带,是,是
M3B-A402,G3_干旱A,干旱 A 臂随机 60（AI 最可能低估）,否,高,裸地,A_fcs10_shrub,w4,102.51942331638469,40.66763122737486,落叶灌丛,,,,,,,F:\lc_work\v31_exp\data\m3\m5_geemat\m3chip2\chips\M3B-A402.png,3.56,0,,0.09552744297240762,0.0904362900895695,0.13152610441767068,0.11431217203415989,0.0411,0.108,0.0955,0.1315,高度1.5–5m·灌丛典型带,是,是
M3B-A403,G3_干旱A,干旱 A 臂随机 60（AI 最可能低估）,否,中,裸地（山地裸土/砾石）,A_fcs10_shrub,w4,105.72146814662872,38.4943370605045,落叶灌丛,,,,,,,F:\lc_work\v31_exp\data\m3\m5_geemat\m3chip2\chips\M3B-A403.png,4.17,0,,0.08992805755395683,0.09090909090909091,0.10414942664617567,0.0974170709322145,0.0142,0.0956,0.0899,0.1041,高度1.5–5m·灌丛典型带,是,是
M3B-A404,G3_干旱A,干旱 A 臂随机 60（AI 最可能低估）,否,中,沙地,A_fcs10_shrub,w4,101.47728775527763,40.7325794224167,落叶灌丛,,,,,,,F:\lc_work\v31_exp\data\m3\m5_geemat\m3chip2\chips\M3B-A404.png,2.34,0,,0.10473524609283881,0.09672197490894374,0.0771978567176027,0.09924015657379691,0.0275,0.0945,0.1047,0.0772,高度1.5–5m·灌丛典型带,是,是
M3B-A405,G3_干旱A,干旱 A 臂随机 60（AI 最可能低估）,否,中,裸地,A_fcs10_shrub,w4,102.53038276285095,38.407020814888085,落叶灌丛,,,,,,,F:\lc_work\v31_exp\data\m3\m5_geemat\m3chip2\chips\M3B-A405.png,2.49,0,,0.11311818482211697,0.10142927550517496,0.11661926046322633,0.10985533453887884,0.0152,0.1103,0.1131,0.1166,高度1.5–5m·灌丛典型带,是,是
M3B-A407,G3_干旱A,干旱 A 臂随机 60（AI 最可能低估）,否,中,裸地（侵蚀劣地/裸岩）,A_fcs10_shrub,w4,101.01312824797307,38.701488565022466,落叶灌丛,,,,,,,F:\lc_work\v31_exp\data\m3\m5_geemat\m3chip2\chips\M3B-A407.png,1.99,0,,0.08220910623946037,0.1091703056768559,0.12400318979266348,0.12258064516129032,0.0418,0.1095,0.0822,0.124,高度1.5–5m·灌丛典型带,是,是
M3B-A512,G4_随机否,"每窗随机""否""审计（w1）",否,低,农田,A_fcs10_shrub,w1,123.27607593430717,43.495527741783114,落叶灌丛,,,,,,,F:\lc_work\v31_exp\data\m3\m5_geemat\m3chip2\chips\M3B-A512.png,2.59,0,,0.2607516466485858,0.37025363950172596,0.7523842552453616,0.4749732129190265,0.4916,0.4646,0.2608,0.7524,高度1.5–5m·灌丛典型带；物候振幅大+树覆盖低·草本倾向,是,是
M3B-A515,G4_随机否,"每窗随机""否""审计（w1）",否,中,水体（河道，点位于河面/冰面）,A_fcs10_shrub,w1,122.83931504316826,46.51719086297595,落叶灌丛,,,,,,,F:\lc_work\v31_exp\data\m3\m5_geemat\m3chip2\chips\M3B-A515.png,2.69,0,,0.0430082619102772,0.10498726973191554,0.1982138427189283,0.1375811013142572,0.1552,0.1209,0.043,0.1982,高度1.5–5m·灌丛典型带,是,是
M3B-A518,G4_随机否,"每窗随机""否""审计（w1）",否,低,农田,A_fcs10_shrub,w1,126.25965048745334,44.16153869342933,落叶灌丛,,,,,,,F:\lc_work\v31_exp\data\m3\m5_geemat\m3chip2\chips\M3B-A518.png,3.1,0,,0.11773094596735859,0.3523592085235921,0.7834902244750181,0.5144688962051638,0.6658,0.442,0.1177,0.7835,高度1.5–5m·灌丛典型带；物候振幅大+树覆盖低·草本倾向,,
M3B-A522,G4_随机否,"每窗随机""否""审计（w1）",否,中,农田,A_fcs10_shrub,w1,125.59606498707426,45.652921728124554,落叶灌丛,,,,,,,F:\lc_work\v31_exp\data\m3\m5_geemat\m3chip2\chips\M3B-A522.png,3.28,0,,0.04642829915376992,0.3474903474903475,0.8288838854937279,0.4835658548120123,0.7825,0.4266,0.0464,0.8289,高度1.5–5m·灌丛典型带；物候振幅大+树覆盖低·草本倾向,,
M3B-A530,G4_随机否,"每窗随机""否""审计（w1）",否,高,乔木林（GEDI 11.3m、树覆盖96%）,A_fcs10_shrub,w1,126.33142587865449,43.32664446836864,落叶灌丛,,,,,,,F:\lc_work\v31_exp\data\m3\m5_geemat\m3chip2\chips\M3B-A530.png,11.29,96,,0.2238372093023256,0.5826210826210826,0.8653576437587658,0.5954733249506018,0.6415,0.5668,0.2238,0.8654,高度≥5m·偏森林/郁闭木本,,
M3B-A537,G4_随机否,"每窗随机""否""审计（w1）",否,高,农田,A_fcs10_shrub,w1,123.59291173501613,46.98009272888274,落叶灌丛,,,,,,,F:\lc_work\v31_exp\data\m3\m5_geemat\m3chip2\chips\M3B-A537.png,1.9,0,,0.07185778668002003,0.2893350062735257,0.8394373673036093,0.508724832214765,0.7676,0.4273,0.0719,0.8394,高度1.5–5m·灌丛典型带；物候振幅大+树覆盖低·草本倾向,,
M3B-A539,G4_随机否,"每窗随机""否""审计（w1）",否,高,农田（规则格田）,A_fcs10_shrub,w1,123.48385625952402,46.75048334226179,落叶灌丛,,,,,,,F:\lc_work\v31_exp\data\m3\m5_geemat\m3chip2\chips\M3B-A539.png,2.03,0,,0.023141236189907436,0.1553911205073996,0.7937777777777778,0.3413452219422369,0.7706,0.3284,0.0231,0.7938,高度1.5–5m·灌丛典型带；物候振幅大+树覆盖低·草本倾向,是,是
M3B-A541,G4_随机否,"每窗随机""否""审计（w1）",否,中,农田,A_fcs10_shrub,w1,123.03757322637344,46.07360277567773,落叶灌丛,,,,,,,F:\lc_work\v31_exp\data\m3\m5_geemat\m3chip2\chips\M3B-A541.png,1.97,0,,0.2378698224852071,0.19292276284450494,0.6894409937888198,0.3387224599778095,0.4965,0.3647,0.2379,0.6894,高度1.5–5m·灌丛典型带；物候振幅大+树覆盖低·草本倾向,,
M3B-A549,G4_随机否,"每窗随机""否""审计（w1）",否,高,农田,A_fcs10_shrub,w1,125.46527028170645,44.26215000525071,落叶灌丛,,,,,,,F:\lc_work\v31_exp\data\m3\m5_geemat\m3chip2\chips\M3B-A549.png,2.99,0,,0.11365747909569526,0.29927536231884055,0.875716174526223,0.5936339522546419,0.7621,0.4706,0.1137,0.8757,高度1.5–5m·灌丛典型带；物候振幅大+树覆盖低·草本倾向,,
M3B-A559,G4_随机否,"每窗随机""否""审计（w1）",否,中,农田,A_fcs10_shrub,w1,123.33051384052482,44.08832599777359,落叶灌丛,,,,,,,F:\lc_work\v31_exp\data\m3\m5_geemat\m3chip2\chips\M3B-A559.png,2.48,0,,0.22366522366522368,0.4001759014951627,0.7700164744645799,0.39695121951219514,0.5464,0.4477,0.2237,0.77,高度1.5–5m·灌丛典型带；物候振幅大+树覆盖低·草本倾向,是,是
M3B-A562,G4_随机否,"每窗随机""否""审计（w1）",否,低,农田,A_fcs10_shrub,w1,122.37865896547177,46.633882018383076,落叶灌丛,,,,,,,F:\lc_work\v31_exp\data\m3\m5_geemat\m3chip2\chips\M3B-A562.png,1.52,0,,0.10345191597170907,0.27179352120094813,0.6426735218508998,0.42732979237083535,0.5392,0.3613,0.1035,0.6427,高度1.5–5m·灌丛典型带；物候振幅大+树覆盖低·草本倾向,是,是
M3B-A592,G4_随机否,"每窗随机""否""审计（w1）",否,中,湿地,A_fcs10_shrub,w1,123.4829579442399,47.356307169872,落叶灌丛,,,,,,,F:\lc_work\v31_exp\data\m3\m5_geemat\m3chip2\chips\M3B-A592.png,1.44,0,,0.04410415637569685,0.28060956384655805,0.6728439059158945,0.43599493029150826,0.6287,0.3584,0.0441,0.6728,高度<1.5m·偏草本/低矮；物候振幅大+树覆盖低·草本倾向,,
M3B-B011,G4_随机否,"每窗随机""否""审计（w1）",否,高,农田,B_control_base,w1,124.78556002197742,47.173275430732645,草本旱地,,,,,,,F:\lc_work\v31_exp\data\m3\m5_geemat\m3chip2\chips\M3B-B011.png,3.48,0,,0.01810040363269425,0.15598885793871867,0.7989668532070598,0.35709436524100474,0.7809,0.3325,0.0181,0.799,高度1.5–5m·灌丛典型带；物候振幅大+树覆盖低·草本倾向,,
M3B-B073,G4_随机否,"每窗随机""否""审计（w1）",否,低,农田,B_control_base,w1,122.3487899822748,46.93638969031032,落叶阔叶林,,,,,,,F:\lc_work\v31_exp\data\m3\m5_geemat\m3chip2\chips\M3B-B073.png,2.84,0,,0.18994285714285714,0.34003771213073536,0.7975050768784451,0.4973190348525469,0.6076,0.4562,0.1899,0.7975,高度1.5–5m·灌丛典型带；物候振幅大+树覆盖低·草本倾向,是,是
M3B-B097,G4_随机否,"每窗随机""否""审计（w1）",否,中,农田,B_control_base,w1,123.52890677102262,44.27728661778813,常绿针叶林,,,,,,,F:\lc_work\v31_exp\data\m3\m5_geemat\m3chip2\chips\M3B-B097.png,2.44,0,,0.6097560975609756,0.6250480215136381,0.7816733067729084,0.6338928856914469,0.1719,0.6626,0.6098,0.7817,高度1.5–5m·灌丛典型带,,
M3B-B172,G4_随机否,"每窗随机""否""审计（w1）",否,中,湿地,B_control_base,w1,124.82409774766614,45.76274077160817,草本沼泽,,,,,,,F:\lc_work\v31_exp\data\m3\m5_geemat\m3chip2\chips\M3B-B172.png,2.82,0,,0.05842191015594693,0.21318954790543343,0.5170701427684667,0.3288557213930348,0.4586,0.2794,0.0584,0.5171,高度1.5–5m·灌丛典型带；物候振幅大+树覆盖低·草本倾向,,
M3B-B173,G4_随机否,"每窗随机""否""审计（w1）",否,中,农田（格田+防护林带/坑塘）,B_control_base,w1,125.13617247736929,45.54525864132283,草本沼泽,,,,,,,F:\lc_work\v31_exp\data\m3\m5_geemat\m3chip2\chips\M3B-B173.png,2.86,0,,0.03684836135167261,0.15202524986849028,,0.47597633136094675,0.4391,0.2216,0.0368,,高度1.5–5m·灌丛典型带；物候振幅大+树覆盖低·草本倾向,,
M3B-B174,G4_随机否,"每窗随机""否""审计（w1）",否,高,农田,B_control_base,w1,124.01264955152098,46.25618535717502,草本沼泽,,,,,,,F:\lc_work\v31_exp\data\m3\m5_geemat\m3chip2\chips\M3B-B174.png,2.48,0,,0.05588709677419355,0.2255083179297597,0.632120253164557,0.3497584541062802,0.5762,0.3158,0.0559,0.6321,高度1.5–5m·灌丛典型带；物候振幅大+树覆盖低·草本倾向,,
M3B-A411,G4_随机否,"每窗随机""否""审计（w2）",否,低,乔木林,A_fcs10_shrub,w2,106.3196562943239,32.73433945873013,落叶灌丛,,,,,,,F:\lc_work\v31_exp\data\m3\m5_geemat\m3chip2\chips\M3B-A411.png,10.58,0,,0.415929203539823,0.6388298741624449,0.6741957563312799,0.7098095068541926,0.2939,0.6097,0.4159,0.6742,高度≥5m·偏森林/郁闭木本,,
M3B-A414,G4_随机否,"每窗随机""否""审计（w2）",否,低,乔木林,A_fcs10_shrub,w2,106.43994071086752,33.88571015838612,落叶灌丛,,,,,,,F:\lc_work\v31_exp\data\m3\m5_geemat\m3chip2\chips\M3B-A414.png,8.47,4,,0.37240684793554885,0.5394637176185426,0.6783609317990458,0.5300687285223368,0.306,0.5301,0.3724,0.6784,高度≥5m·偏森林/郁闭木本,,
M3B-A419,G4_随机否,"每窗随机""否""审计（w2）",否,高,乔木林,A_fcs10_shrub,w2,107.15428102479936,33.81860600666239,落叶灌丛,,,,,,,F:\lc_work\v31_exp\data\m3\m5_geemat\m3chip2\chips\M3B-A419.png,15.8,74,,0.3649923896499239,0.4166666666666667,0.660587915078933,0.5519176800748363,0.2956,0.4985,0.365,0.6606,高度≥5m·偏森林/郁闭木本,,
M3B-A429,G4_随机否,"每窗随机""否""审计（w2）",否,低,农田,A_fcs10_shrub,w2,106.26890148077116,31.980383440768616,落叶灌丛,,,,,,,F:\lc_work\v31_exp\data\m3\m5_geemat\m3chip2\chips\M3B-A429.png,5.54,0,,0.17034313725490197,0.204911742133538,0.30155148095909734,0.29843643779741674,0.1312,0.2438,0.1703,0.3016,高度≥5m·偏森林/郁闭木本,,
M3B-A436,G4_随机否,"每窗随机""否""审计（w2）",否,低,乔木林,A_fcs10_shrub,w2,106.89502723380247,33.23847399617801,落叶灌丛,,,,,,,F:\lc_work\v31_exp\data\m3\m5_geemat\m3chip2\chips\M3B-A436.png,6.61,0,,0.35609314944607734,0.5865182064399639,0.8194754167994053,0.6124306326304106,0.4634,0.5936,0.3561,0.8195,高度≥5m·偏森林/郁闭木本；物候振幅大+树覆盖低·草本倾向,,
M3B-A445,G4_随机否,"每窗随机""否""审计（w2）",否,低,乔木林,A_fcs10_shrub,w2,108.69668836763258,34.000065694054534,落叶灌丛,,,,,,,F:\lc_work\v31_exp\data\m3\m5_geemat\m3chip2\chips\M3B-A445.png,6.66,22,,0.1792946754914551,0.3267998492272899,0.7856472795497186,0.6445086705202312,0.6064,0.4841,0.1793,0.7856,高度≥5m·偏森林/郁闭木本；物候振幅大+树覆盖低·草本倾向,,
M3B-A453,G4_随机否,"每窗随机""否""审计（w2）",否,中,乔木林,A_fcs10_shrub,w2,108.561581748901,32.83315413998328,落叶灌丛,,,,,,,F:\lc_work\v31_exp\data\m3\m5_geemat\m3chip2\chips\M3B-A453.png,9.16,0,,0.33190025795356837,0.3905745642349903,0.7746554985139151,0.6625816993464052,0.4428,0.5399,0.3319,0.7747,高度≥5m·偏森林/郁闭木本；物候振幅大+树覆盖低·草本倾向,,
M3B-A454,G4_随机否,"每窗随机""否""审计（w2）",否,中,水体,A_fcs10_shrub,w2,107.2741162837009,34.32229138646821,落叶灌丛,,,,,,,F:\lc_work\v31_exp\data\m3\m5_geemat\m3chip2\chips\M3B-A454.png,5.17,0,,0.24858002004677582,0.3842696629213483,0.5122742010189902,0.4410941871308673,0.2637,0.3966,0.2486,0.5123,高度≥5m·偏森林/郁闭木本,,
M3B-A456,G4_随机否,"每窗随机""否""审计（w2）",否,中,乔木林,A_fcs10_shrub,w2,106.6081951635831,34.389215875135115,落叶灌丛,,,,,,,F:\lc_work\v31_exp\data\m3\m5_geemat\m3chip2\chips\M3B-A456.png,18.75,0,,0.24504119621605128,0.4594771241830065,0.7770043505282784,0.548489666136725,0.532,0.5075,0.245,0.777,高度≥5m·偏森林/郁闭木本；物候振幅大+树覆盖低·草本倾向,是,是
M3B-A457,G4_随机否,"每窗随机""否""审计（w2）",否,中,乔木林,A_fcs10_shrub,w2,108.71474450484338,32.73784288833819,落叶灌丛,,,,,,,F:\lc_work\v31_exp\data\m3\m5_geemat\m3chip2\chips\M3B-A457.png,7.48,0,,0.3513102924420813,0.40597941512824703,0.7539994754786258,0.6250385445575085,0.4027,0.5341,0.3513,0.754,高度≥5m·偏森林/郁闭木本；物候振幅大+树覆盖低·草本倾向,,
M3B-A462,G4_随机否,"每窗随机""否""审计（w2）",否,中,乔木林,A_fcs10_shrub,w2,106.645026090232,35.624399390799454,落叶灌丛,,,,,,,F:\lc_work\v31_exp\data\m3\m5_geemat\m3chip2\chips\M3B-A462.png,7.75,0,,0.2339812814974802,0.32539184952978056,0.7201152184349496,0.5474051896207585,0.4861,0.4567,0.234,0.7201,高度≥5m·偏森林/郁闭木本；物候振幅大+树覆盖低·草本倾向,是,是
M3B-A487,G4_随机否,"每窗随机""否""审计（w2）",否,中,乔木林,A_fcs10_shrub,w2,106.42952025357172,32.73658524694043,落叶灌丛,,,,,,,F:\lc_work\v31_exp\data\m3\m5_geemat\m3chip2\chips\M3B-A487.png,5.86,0,,0.36760691537761603,0.6480804387568556,0.800139599813867,0.6749420721615359,0.4325,0.6227,0.3676,0.8001,高度≥5m·偏森林/郁闭木本；物候振幅大+树覆盖低·草本倾向,,
M3B-A495,G4_随机否,"每窗随机""否""审计（w2）",否,低,农田,A_fcs10_shrub,w2,108.07523385407869,34.99755498554085,落叶灌丛,,,,,,,F:\lc_work\v31_exp\data\m3\m5_geemat\m3chip2\chips\M3B-A495.png,3.58,20,,0.22637455922685124,0.34985207100591714,0.8135985198889917,0.4692675745307324,0.5872,0.4648,0.2264,0.8136,高度1.5–5m·灌丛典型带；物候振幅大+树覆盖低·草本倾向,,
M3B-A501,G4_随机否,"每窗随机""否""审计（w2）",否,高,乔木林,A_fcs10_shrub,w2,108.03480966629331,32.39908819469672,落叶灌丛,,,,,,,F:\lc_work\v31_exp\data\m3\m5_geemat\m3chip2\chips\M3B-A501.png,15.41,45,,0.34011391375101707,0.3878273177636235,0.7055125725338491,0.6447876447876448,0.3654,0.5196,0.3401,0.7055,高度≥5m·偏森林/郁闭木本,,
M3B-B026,G4_随机否,"每窗随机""否""审计（w2）",否,中,乔木林,B_control_base,w2,106.7652655910114,31.782709162498115,灌溉耕地,,,,,,,F:\lc_work\v31_exp\data\m3\m5_geemat\m3chip2\chips\M3B-B026.png,11.0,0,,0.46166306695464365,0.42007653812187223,0.656832298136646,0.568646080760095,0.2368,0.5268,0.4617,0.6568,高度≥5m·偏森林/郁闭木本,,
M3B-B059,G4_随机否,"每窗随机""否""审计（w2）",否,中,乔木林,B_control_base,w2,106.3984834605054,32.742379380523,常绿阔叶林,,,,,,,F:\lc_work\v31_exp\data\m3\m5_geemat\m3chip2\chips\M3B-B059.png,8.9,63,,0.5211416490486258,0.6774193548387096,0.7599795291709315,0.8360655737704918,0.3149,0.6987,0.5211,0.76,高度≥5m·偏森林/郁闭木本,,
M3B-B074,G4_随机否,"每窗随机""否""审计（w2）",否,中,乔木林,B_control_base,w2,106.33218779253738,32.713543459902766,落叶阔叶林,,,,,,,F:\lc_work\v31_exp\data\m3\m5_geemat\m3chip2\chips\M3B-B074.png,7.6,0,,0.47465437788018433,0.6501556750636852,0.7458369851007888,0.7575547064953109,0.2829,0.6571,0.4747,0.7458,高度≥5m·偏森林/郁闭木本,,
M3B-B076,G4_随机否,"每窗随机""否""审计（w2）",否,中,乔木林,B_control_base,w2,106.6027603561142,33.754870537254114,落叶阔叶林,,,,,,,F:\lc_work\v31_exp\data\m3\m5_geemat\m3chip2\chips\M3B-B076.png,7.79,49,,0.36118251928020567,0.5614466957015717,0.8836660227516634,0.7247225025227043,0.5225,0.6328,0.3612,0.8837,高度≥5m·偏森林/郁闭木本,,
M3B-B077,G4_随机否,"每窗随机""否""审计（w2）",否,中,乔木林,B_control_base,w2,109.26860079326728,32.97333624007013,落叶阔叶林,,,,,,,F:\lc_work\v31_exp\data\m3\m5_geemat\m3chip2\chips\M3B-B077.png,14.59,0,,0.386159314237926,0.5650466372115857,0.8535606820461384,0.6187930791953862,0.4674,0.6059,0.3862,0.8536,高度≥5m·偏森林/郁闭木本；物候振幅大+树覆盖低·草本倾向,,
M3B-B083,G4_随机否,"每窗随机""否""审计（w2）",否,低,乔木林,B_control_base,w2,108.83875692981609,32.986002485576215,落叶阔叶林,,,,,,,F:\lc_work\v31_exp\data\m3\m5_geemat\m3chip2\chips\M3B-B083.png,7.32,29,,0.5610859728506787,0.5297651556526488,0.8694551751698415,0.8243572902983675,0.3397,0.6962,0.5611,0.8695,高度≥5m·偏森林/郁闭木本,,
M3B-A006,G4_随机否,"每窗随机""否""审计（w3）",否,中,乔木林,A_fcs10_shrub,w3,113.10310449929565,27.139631869233746,落叶灌丛,,,,,,,F:\lc_work\v31_exp\data\m3\m5_geemat\m3chip2\chips\M3B-A006.png,15.99,0,,0.43082021541010773,0.48591828639428797,0.834850455136541,0.7104072398190046,0.404,0.6155,0.4308,0.8349,高度≥5m·偏森林/郁闭木本；物候振幅大+树覆盖低·草本倾向,,
M3B-A021,G4_随机否,"每窗随机""否""审计（w3）",否,高,乔木林,A_fcs10_shrub,w3,109.71340160619906,27.69757549220038,落叶灌丛,,,,,,,F:\lc_work\v31_exp\data\m3\m5_geemat\m3chip2\chips\M3B-A021.png,23.28,4,,0.3763157894736842,0.6233993799703464,0.4385395537525355,0.6324850299401198,0.2562,0.5177,0.3763,0.4385,高度≥5m·偏森林/郁闭木本,,
M3B-A023,G4_随机否,"每窗随机""否""审计（w3）",否,低,农田,A_fcs10_shrub,w3,109.75643090830837,27.247699197913324,落叶灌丛,,,,,,,F:\lc_work\v31_exp\data\m3\m5_geemat\m3chip2\chips\M3B-A023.png,17.97,47,19,0.49843260188087773,0.6066497604959143,0.45359564299210847,0.6177268616219476,0.1641,0.5441,0.4984,0.4536,高度≥5m·偏森林/郁闭木本；物候平稳+树覆盖高·常绿木本倾向,,
M3B-A035,G4_随机否,"每窗随机""否""审计（w3）",否,中,乔木林,A_fcs10_shrub,w3,113.50797519784832,23.42797277830871,落叶灌丛,,,,,,,F:\lc_work\v31_exp\data\m3\m5_geemat\m3chip2\chips\M3B-A035.png,8.14,0,,0.5184956843403206,0.2948425376540392,0.3147662734818698,0.43130990415335463,0.2237,0.3899,0.5185,0.3148,高度≥5m·偏森林/郁闭木本,,
M3B-A036,G4_随机否,"每窗随机""否""审计（w3）",否,中,乔木林,A_fcs10_shrub,w3,110.87986400262825,25.347313214358476,常绿灌丛,,,,,,,F:\lc_work\v31_exp\data\m3\m5_geemat\m3chip2\chips\M3B-A036.png,15.35,87,,0.5613033254954652,,0.7557302624294098,0.7497911445279867,0.1944,0.6889,0.5613,0.7557,高度≥5m·偏森林/郁闭木本；物候平稳+树覆盖高·常绿木本倾向,,
M3B-A057,G4_随机否,"每窗随机""否""审计（w3）",否,低,农田（山间坡耕地与村寨，周围乔木林）,A_fcs10_shrub,w3,110.15429474764491,25.48179101239117,落叶灌丛,,,,,,,F:\lc_work\v31_exp\data\m3\m5_geemat\m3chip2\chips\M3B-A057.png,5.2,0,,0.38810408921933087,0.6225654801880457,0.5681852353029619,0.5366766467065869,0.2345,0.5289,0.3881,0.5682,高度≥5m·偏森林/郁闭木本,,
M3B-A067,G4_随机否,"每窗随机""否""审计（w3）",否,低,其他,A_fcs10_shrub,w3,111.03123012800239,26.326387042520345,落叶灌丛,,,,,,,F:\lc_work\v31_exp\data\m3\m5_geemat\m3chip2\chips\M3B-A067.png,19.9,78,,0.5409069658719028,0.29112271540469975,0.6307572209211554,0.6392558641143166,0.3481,0.5255,0.5409,0.6308,高度≥5m·偏森林/郁闭木本,,
M3B-A134,G4_随机否,"每窗随机""否""审计（w3）",否,高,乔木林,A_fcs10_shrub,w3,108.27834293981812,24.438307978357937,常绿灌丛,,,,,,,F:\lc_work\v31_exp\data\m3\m5_geemat\m3chip2\chips\M3B-A134.png,17.22,0,,0.31726044226044225,0.6649870959813199,0.8151987740016227,0.642713567839196,0.4979,0.61,0.3173,0.8152,高度≥5m·偏森林/郁闭木本；物候振幅大+树覆盖低·草本倾向,,
M3B-A164,G4_随机否,"每窗随机""否""审计（w3）",否,中,乔木林（常绿密林，影像带薄雾）,A_fcs10_shrub,w3,109.93286003010945,24.952323983931127,常绿灌丛,,,,,,,F:\lc_work\v31_exp\data\m3\m5_geemat\m3chip2\chips\M3B-A164.png,12.53,70,20,0.8622848200312989,0.5006342982354977,0.8583084577114428,0.8933702245397467,0.3927,0.7786,0.8623,0.8583,高度≥5m·偏森林/郁闭木本,,
M3B-A167,G4_随机否,"每窗随机""否""审计（w3）",否,中,水体(河道及河洲植被),A_fcs10_shrub,w3,112.81357748322394,23.16153246503886,常绿灌丛,,,,,,,F:\lc_work\v31_exp\data\m3\m5_geemat\m3chip2\chips\M3B-A167.png,7.59,0,,0.8176478814151867,0.7068359596417639,0.8444052518126592,0.8620767494356659,0.1552,0.8077,0.8176,0.8444,高度≥5m·偏森林/郁闭木本,,
M3B-A178,G4_随机否,"每窗随机""否""审计（w3）",否,高,乔木林,A_fcs10_shrub,w3,109.08835383150868,26.239519954545987,落叶灌丛,,,,,,,F:\lc_work\v31_exp\data\m3\m5_geemat\m3chip2\chips\M3B-A178.png,15.63,62,18,0.36356275303643726,0.6126052703069818,0.5751826409333769,0.5767036925848094,0.249,0.532,0.3636,0.5752,高度≥5m·偏森林/郁闭木本,,
M3B-A196,G4_随机否,"每窗随机""否""审计（w3）",否,低,乔木林,A_fcs10_shrub,w3,109.56517958431932,23.434979637524844,常绿灌丛,,,,,,,F:\lc_work\v31_exp\data\m3\m5_geemat\m3chip2\chips\M3B-A196.png,9.55,35,,0.5628664495114006,0.6351240796291246,0.6782921158317481,0.6606856309263311,0.1154,0.6342,0.5629,0.6783,高度≥5m·偏森林/郁闭木本；物候平稳+树覆盖高·常绿木本倾向,,
M3B-A206,G4_随机否,"每窗随机""否""审计（w3）",否,中,乔木林（与农田镶嵌）,A_fcs10_shrub,w3,109.10964390374232,27.365019174019334,落叶灌丛,,,,,,,F:\lc_work\v31_exp\data\m3\m5_geemat\m3chip2\chips\M3B-A206.png,8.74,0,19,0.2899037385269756,0.6579398091509665,0.6958311345646438,0.677935296255907,0.4059,0.5804,0.2899,0.6958,高度≥5m·偏森林/郁闭木本；物候振幅大+树覆盖低·草本倾向,,
M3B-A246,G4_随机否,"每窗随机""否""审计（w3）",否,低,农田（河谷耕地/草甸）,A_fcs10_shrub,w3,110.70550100598065,28.141253411027012,常绿灌丛,,,,,,,F:\lc_work\v31_exp\data\m3\m5_geemat\m3chip2\chips\M3B-A246.png,12.46,35,12,0.49474398101051204,0.6255407509949819,0.7804307116104869,0.681360201511335,0.2857,0.6455,0.4947,0.7804,高度≥5m·偏森林/郁闭木本,,
M3B-A263,G4_随机否,"每窗随机""否""审计（w3）",否,低,乔木林,A_fcs10_shrub,w3,113.8700860888769,25.63127067566866,落叶灌丛,,,,,,,F:\lc_work\v31_exp\data\m3\m5_geemat\m3chip2\chips\M3B-A263.png,6.0,0,,0.4623574144486692,0.4954954954954955,0.7942307692307692,0.662710363153233,0.3319,0.6037,0.4624,0.7942,高度≥5m·偏森林/郁闭木本,,
M3B-A282,G4_随机否,"每窗随机""否""审计（w3）",否,低,农田,A_fcs10_shrub,w3,108.90680431258814,24.38009714794699,常绿灌丛,,,,,,,F:\lc_work\v31_exp\data\m3\m5_geemat\m3chip2\chips\M3B-A282.png,8.26,0,,0.48533724340175954,0.5587694570413041,0.6216444726273516,0.7301460823373174,0.2448,0.599,0.4853,0.6216,高度≥5m·偏森林/郁闭木本,,
M3B-B003,G4_随机否,"每窗随机""否""审计（w3）",否,低,乔木林,B_control_base,w3,111.21381270949968,28.005742550417587,草本旱地,,,,,,,F:\lc_work\v31_exp\data\m3\m5_geemat\m3chip2\chips\M3B-B003.png,8.55,0,,0.2776778833804264,0.28958430639887905,0.6454711802378774,0.6035940803382663,0.3678,0.4541,0.2777,0.6455,高度≥5m·偏森林/郁闭木本；物候振幅大+树覆盖低·草本倾向,,
M3B-B021,G4_随机否,"每窗随机""否""审计（w3）",否,低,水体,B_control_base,w3,112.61195061770331,23.00958243473004,灌溉耕地,,,,,,,F:\lc_work\v31_exp\data\m3\m5_geemat\m3chip2\chips\M3B-B021.png,2.38,0,,0.391304347826087,0.437567084078712,0.470995318542642,0.5925215723873442,0.2012,0.4731,0.3913,0.471,高度1.5–5m·灌丛典型带,,
M3B-B089,G4_随机否,"每窗随机""否""审计（w3）",否,高,乔木林,B_control_base,w3,109.21658833831675,27.68504399398692,常绿针叶林,,,,,,,F:\lc_work\v31_exp\data\m3\m5_geemat\m3chip2\chips\M3B-B089.png,23.95,55,,0.4773805757671623,0.43628767532079976,0.6349504154382203,0.6697688381867307,0.2335,0.5546,0.4774,0.635,高度≥5m·偏森林/郁闭木本,,
M3B-B091,G4_随机否,"每窗随机""否""审计（w3）",否,高,乔木林,B_control_base,w3,112.11338563501698,28.219182261924384,常绿针叶林,,,,,,,F:\lc_work\v31_exp\data\m3\m5_geemat\m3chip2\chips\M3B-B091.png,22.93,47,,0.5514354066985646,0.6747496046389035,0.7231939163498099,0.7146087743102668,0.1718,0.666,0.5514,0.7232,高度≥5m·偏森林/郁闭木本；物候平稳+树覆盖高·常绿木本倾向,,
M3B-A314,G4_随机否,"每窗随机""否""审计（w4）",否,中,裸地（黄土/砾质裸坡）,A_fcs10_shrub,w4,104.96275105766138,36.59826299031343,落叶灌丛,,,,,,,F:\lc_work\v31_exp\data\m3\m5_geemat\m3chip2\chips\M3B-A314.png,1.49,0,,0.11731336510097572,0.09160745150758594,0.10352422907488987,0.1605610785782378,0.069,0.1183,0.1173,0.1035,高度<1.5m·偏草本/低矮,是,是
M3B-A337,G4_随机否,"每窗随机""否""审计（w4）",否,中,裸地（砾石荒漠/侵蚀地，稀疏植被）,A_fcs10_shrub,w4,105.53902031242404,38.678761188334235,落叶灌丛,,,,,,,F:\lc_work\v31_exp\data\m3\m5_geemat\m3chip2\chips\M3B-A337.png,2.06,0,,0.12295184490306442,0.1213705640226944,0.11861490482847618,0.12353347135955832,0.0049,0.1216,0.123,0.1186,高度1.5–5m·灌丛典型带,是,是
M3B-A346,G4_随机否,"每窗随机""否""审计（w4）",否,低,草地（丘陵沟壑坡地草原）,A_fcs10_shrub,w4,101.25881747817976,38.051018467791515,落叶灌丛,,,,,,,F:\lc_work\v31_exp\data\m3\m5_geemat\m3chip2\chips\M3B-A346.png,1.85,0,,0.19838781907747424,0.17040731504571904,0.7677498844909902,0.30895386256321605,0.5973,0.3614,0.1984,0.7677,高度1.5–5m·灌丛典型带；物候振幅大+树覆盖低·草本倾向,是,是
M3B-A370,G4_随机否,"每窗随机""否""审计（w4）",否,低,草地,A_fcs10_shrub,w4,106.94874648779282,37.02289662511672,落叶灌丛,,,,,,,F:\lc_work\v31_exp\data\m3\m5_geemat\m3chip2\chips\M3B-A370.png,4.56,0,,0.19934906427990237,0.14477611940298507,0.1469074492099323,0.09589581689029203,0.1035,0.1467,0.1993,0.1469,高度1.5–5m·灌丛典型带,是,是
M3B-A373,G4_随机否,"每窗随机""否""审计（w4）",否,高,农田,A_fcs10_shrub,w4,105.71661724409448,39.30857003403044,落叶灌丛,,,,,,,F:\lc_work\v31_exp\data\m3\m5_geemat\m3chip2\chips\M3B-A373.png,2.5,0,,0.11998890276043835,0.09063922422323373,0.1352130067915209,0.14655942806076855,0.0559,0.1231,0.12,0.1352,高度1.5–5m·灌丛典型带,是,是
M3B-A392,G4_随机否,"每窗随机""否""审计（w4）",否,低,农田（沙漠绿洲灌溉田块）,A_fcs10_shrub,w4,106.32190208253421,39.366421538327735,落叶灌丛,,,,,,,F:\lc_work\v31_exp\data\m3\m5_geemat\m3chip2\chips\M3B-A392.png,2.77,0,,0.17746717492587885,0.1474151857835218,0.13221947194719472,0.12494150678521292,0.0525,0.1455,0.1775,0.1322,高度1.5–5m·灌丛典型带,是,是
M3B-A409,G4_随机否,"每窗随机""否""审计（w4）",否,中,农田（规则条田，含场院建筑）,A_fcs10_shrub,w4,106.80627368373146,39.12522388454164,落叶灌丛,,,,,,,F:\lc_work\v31_exp\data\m3\m5_geemat\m3chip2\chips\M3B-A409.png,1.76,0,,0.07820488543836394,0.09447217600295803,0.18728205128205128,0.11570631970260223,0.1091,0.1189,0.0782,0.1873,高度1.5–5m·灌丛典型带,是,是
M3B-B121,G4_随机否,"每窗随机""否""审计（w4）",否,中,裸地,B_control_base,w4,106.15782479588978,38.86071494913265,草地,,,,,,,F:\lc_work\v31_exp\data\m3\m5_geemat\m3chip2\chips\M3B-B121.png,6.39,0,,0.11577752553916004,0.14694656488549618,0.24139770605494798,0.16414904330312186,0.1256,0.1671,0.1158,0.2414,高度≥5m·偏森林/郁闭木本,是,是
M3B-B139,G4_随机否,"每窗随机""否""审计（w4）",否,中,沙地,B_control_base,w4,103.552890135,39.92279310954716,稀疏植被,,,,,,,F:\lc_work\v31_exp\data\m3\m5_geemat\m3chip2\chips\M3B-B139.png,4.31,0,,0.07444267515923567,0.08191988451822446,0.07876370887337986,0.06629280993390747,0.0156,0.0754,0.0744,0.0788,高度1.5–5m·灌丛典型带,是,是
M3B-B152,G4_随机否,"每窗随机""否""审计（w4）",否,中,裸地,B_control_base,w4,103.21683038721088,38.55537758406042,稀疏植被,,,,,,,F:\lc_work\v31_exp\data\m3\m5_geemat\m3chip2\chips\M3B-B152.png,2.15,0,,0.09495718363463368,0.07755927219261165,0.08220764183712852,0.08501383946223803,0.0174,0.0849,0.095,0.0822,高度1.5–5m·灌丛典型带,是,是
M3B-B241,G4_随机否,"每窗随机""否""审计（w4）",否,中,水体（浑水河道）,B_control_base,w4,105.94249862228634,37.83609653606592,水体,,,,,,,F:\lc_work\v31_exp\data\m3\m5_geemat\m3chip2\chips\M3B-B241.png,3.16,0,,-0.3687968582649054,-0.22744599745870395,-0.21250930752047653,-0.25771543086172344,0.1563,-0.2666,-0.3688,-0.2125,高度1.5–5m·灌丛典型带,是,是
M3B-B259,G4_随机否,"每窗随机""否""审计（w4）",否,中,湿地（湖泊水面/湿地公园）,B_control_base,w4,106.18639122192478,38.61331891988613,水体,,,,,,,F:\lc_work\v31_exp\data\m3\m5_geemat\m3chip2\chips\M3B-B259.png,2.25,0,,-0.2991194968553459,-0.2988215488215488,0.55420054200542,-0.09575757575757576,0.8533,-0.0349,-0.2991,0.5542,高度1.5–5m·灌丛典型带；物候振幅大+树覆盖低·草本倾向,是,是
