point_id,arm,w,lon,lat,教师类(v31),Q1_是否灌丛(是/否/无法判读),Q2_若否主要地物(24类名),Q3_证据(影像/日期),判读员,复核员,备注
M3B-A000,A_fcs10_shrub,w3,111.50769655469938,23.094068987201485,落叶灌丛,,,,,,
M3B-A001,A_fcs10_shrub,w3,112.60642597870597,24.8438973291379,落叶灌丛,,,,,,
M3B-A002,A_fcs10_shrub,w3,109.74089005389311,28.486116648600497,落叶灌丛,,,,,,
M3B-A003,A_fcs10_shrub,w3,112.82435726663337,26.042070255096515,常绿灌丛,,,,,,
M3B-A004,A_fcs10_shrub,w3,109.29748162965171,28.72039727469887,常绿灌丛,,,,,,
M3B-A005,A_fcs10_shrub,w3,111.75266713267878,26.035602385050854,常绿灌丛,,,,,,
M3B-A006,A_fcs10_shrub,w3,113.10310449929565,27.139631869233746,落叶灌丛,,,,,,
M3B-A007,A_fcs10_shrub,w3,111.09563933387376,25.365189688512455,落叶灌丛,,,,,,
M3B-A008,A_fcs10_shrub,w3,113.84107050519984,25.315962010942705,落叶灌丛,,,,,,
M3B-A009,A_fcs10_shrub,w3,110.53859402619125,26.525274046424407,常绿灌丛,,,,,,
M3B-A010,A_fcs10_shrub,w3,111.49458115155124,26.78398884825083,落叶灌丛,,,,,,
M3B-A011,A_fcs10_shrub,w3,108.86709877703005,24.103146545852944,落叶灌丛,,,,,,
M3B-A012,A_fcs10_shrub,w3,112.91212266989184,27.55159925853096,常绿灌丛,,,,,,
M3B-A013,A_fcs10_shrub,w3,110.22589047578924,26.728742458277477,落叶灌丛,,,,,,
M3B-A014,A_fcs10_shrub,w3,108.9711236869311,26.10629979791106,落叶灌丛,,,,,,
M3B-A015,A_fcs10_shrub,w3,111.29012459288563,27.007489690939764,常绿灌丛,,,,,,
M3B-A016,A_fcs10_shrub,w3,108.48558427586448,27.039379883526006,常绿灌丛,,,,,,
M3B-A017,A_fcs10_shrub,w3,109.28786965611164,28.93132170341013,常绿灌丛,,,,,,
M3B-A018,A_fcs10_shrub,w3,113.99998247896059,28.003272183386255,落叶灌丛,,,,,,
M3B-A019,A_fcs10_shrub,w3,109.9483110529963,24.530295463451775,落叶灌丛,,,,,,
M3B-A020,A_fcs10_shrub,w3,111.70352928663743,28.048457442177465,常绿灌丛,,,,,,
M3B-A021,A_fcs10_shrub,w3,109.71340160619906,27.69757549220038,落叶灌丛,,,,,,
M3B-A022,A_fcs10_shrub,w3,110.94912411103387,27.95197838066303,落叶灌丛,,,,,,
M3B-A023,A_fcs10_shrub,w3,109.75643090830837,27.247699197913324,落叶灌丛,,,,,,
M3B-A024,A_fcs10_shrub,w3,110.29515058419486,26.892774829157702,落叶灌丛,,,,,,
M3B-A025,A_fcs10_shrub,w3,109.43061195475822,25.1956775943991,落叶灌丛,,,,,,
M3B-A026,A_fcs10_shrub,w3,112.26353903475754,28.78813024712148,落叶灌丛,,,,,,
M3B-A027,A_fcs10_shrub,w3,108.07397621268092,26.410289690057105,落叶灌丛,,,,,,
M3B-A028,A_fcs10_shrub,w3,108.8335916169324,23.232499372484302,落叶灌丛,,,,,,
M3B-A029,A_fcs10_shrub,w3,111.79928969592459,27.029139089287046,常绿灌丛,,,,,,
M3B-A030,A_fcs10_shrub,w3,111.05359817857696,26.92125142366429,常绿灌丛,,,,,,
M3B-A031,A_fcs10_shrub,w3,113.522078747809,26.998776032683804,常绿灌丛,,,,,,
M3B-A032,A_fcs10_shrub,w3,109.68878776741417,26.81264510581424,落叶灌丛,,,,,,
M3B-A033,A_fcs10_shrub,w3,113.96970925388575,27.771237345498182,落叶灌丛,,,,,,
M3B-A034,A_fcs10_shrub,w3,113.66976178051824,26.116091434507965,常绿灌丛,,,,,,
M3B-A035,A_fcs10_shrub,w3,113.50797519784832,23.42797277830871,落叶灌丛,,,,,,
M3B-A036,A_fcs10_shrub,w3,110.87986400262825,25.347313214358476,常绿灌丛,,,,,,
M3B-A037,A_fcs10_shrub,w3,113.1215199626201,27.663170016818604,常绿灌丛,,,,,,
M3B-A038,A_fcs10_shrub,w3,112.20990961229562,26.837618270712763,常绿灌丛,,,,,,
M3B-A039,A_fcs10_shrub,w3,112.41589330694421,26.160647872600293,常绿灌丛,,,,,,
M3B-A040,A_fcs10_shrub,w3,110.02448818908964,24.732685896963904,常绿灌丛,,,,,,
M3B-A041,A_fcs10_shrub,w3,108.27232422741452,25.391061168695096,落叶灌丛,,,,,,
M3B-A042,A_fcs10_shrub,w3,108.33269101450735,28.298189091162694,常绿灌丛,,,,,,
M3B-A043,A_fcs10_shrub,w3,110.93232561522083,24.83832777437636,落叶灌丛,,,,,,
M3B-A044,A_fcs10_shrub,w3,111.42343458104897,23.113562428866878,落叶灌丛,,,,,,
M3B-A045,A_fcs10_shrub,w3,113.41958097389096,25.43444979691807,落叶灌丛,,,,,,
M3B-A046,A_fcs10_shrub,w3,110.71367567506614,25.89411772780203,落叶灌丛,,,,,,
M3B-A047,A_fcs10_shrub,w3,113.95165311667495,25.561291915035746,常绿灌丛,,,,,,
M3B-A048,A_fcs10_shrub,w3,111.16471977922255,28.21698138947829,落叶灌丛,,,,,,
M3B-A049,A_fcs10_shrub,w3,111.93448614618457,25.003348292069113,常绿灌丛,,,,,,
M3B-A050,A_fcs10_shrub,w3,112.25886779528012,28.903743424187663,落叶灌丛,,,,,,
M3B-A051,A_fcs10_shrub,w3,109.83548265331089,23.92725641322234,落叶灌丛,,,,,,
M3B-A052,A_fcs10_shrub,w3,111.8587581677333,28.06660341091668,落叶灌丛,,,,,,
M3B-A053,A_fcs10_shrub,w3,110.09006520483037,27.230810870571876,落叶灌丛,,,,,,
M3B-A054,A_fcs10_shrub,w3,110.93313409897654,28.344362496766436,常绿灌丛,,,,,,
M3B-A055,A_fcs10_shrub,w3,108.69884432431446,25.45565003762329,落叶灌丛,,,,,,
M3B-A056,A_fcs10_shrub,w3,112.1091186374174,28.241325733677925,落叶灌丛,,,,,,
M3B-A057,A_fcs10_shrub,w3,110.15429474764491,25.48179101239117,落叶灌丛,,,,,,
M3B-A058,A_fcs10_shrub,w3,111.24080708378747,28.904821402528604,常绿灌丛,,,,,,
M3B-A059,A_fcs10_shrub,w3,111.37456622959287,24.89959287675331,落叶灌丛,,,,,,
M3B-A060,A_fcs10_shrub,w3,112.32678043075956,24.80940202222771,常绿灌丛,,,,,,
M3B-A061,A_fcs10_shrub,w3,112.6991321160271,24.859617846609993,落叶灌丛,,,,,,
M3B-A062,A_fcs10_shrub,w3,112.202363763909,28.873470199112834,常绿灌丛,,,,,,
M3B-A063,A_fcs10_shrub,w3,109.37338927115981,25.4624772337826,常绿灌丛,,,,,,
M3B-A064,A_fcs10_shrub,w3,112.71853572616409,24.72711634220236,落叶灌丛,,,,,,
M3B-A065,A_fcs10_shrub,w3,108.44857368615877,27.894126876365732,落叶灌丛,,,,,,
M3B-A066,A_fcs10_shrub,w3,111.46053500228311,25.98853066416299,常绿灌丛,,,,,,
M3B-A067,A_fcs10_shrub,w3,111.03123012800239,26.326387042520345,落叶灌丛,,,,,,
M3B-A068,A_fcs10_shrub,w3,111.01191634939381,26.056353468114015,落叶灌丛,,,,,,
M3B-A069,A_fcs10_shrub,w3,113.2687538376873,25.78048084436091,落叶灌丛,,,,,,
M3B-A070,A_fcs10_shrub,w3,112.68386075619708,25.653998052356883,常绿灌丛,,,,,,
M3B-A071,A_fcs10_shrub,w3,109.5836848791722,27.90050491488298,落叶灌丛,,,,,,
M3B-A072,A_fcs10_shrub,w3,113.64119535448324,27.084924468430867,常绿灌丛,,,,,,
M3B-A073,A_fcs10_shrub,w3,111.17298427983646,24.224239446152254,落叶灌丛,,,,,,
M3B-A074,A_fcs10_shrub,w3,113.43898458402793,28.452519656974427,落叶灌丛,,,,,,
M3B-A075,A_fcs10_shrub,w3,108.46573150808544,27.00003367408157,落叶灌丛,,,,,,
M3B-A076,A_fcs10_shrub,w3,112.00563271668683,25.495894562351847,落叶灌丛,,,,,,
M3B-A077,A_fcs10_shrub,w3,108.18752326459364,24.479720312955845,常绿灌丛,,,,,,
M3B-A078,A_fcs10_shrub,w3,108.19956068940083,23.120209961969362,常绿灌丛,,,,,,
M3B-A079,A_fcs10_shrub,w3,111.14378903310256,27.386578740838203,落叶灌丛,,,,,,
M3B-A080,A_fcs10_shrub,w3,112.98030479995651,27.367444625286456,落叶灌丛,,,,,,
M3B-A081,A_fcs10_shrub,w3,112.45847345141148,24.684985355377158,常绿灌丛,,,,,,
M3B-A082,A_fcs10_shrub,w3,111.54614444885969,25.55320707747867,常绿灌丛,,,,,,
M3B-A083,A_fcs10_shrub,w3,112.20721466644325,23.502802441475865,常绿灌丛,,,,,,
M3B-A084,A_fcs10_shrub,w3,108.19983018398607,26.71643553888504,落叶灌丛,,,,,,
M3B-A085,A_fcs10_shrub,w3,111.36755937037674,26.933019353886255,落叶灌丛,,,,,,
M3B-A086,A_fcs10_shrub,w3,111.44149071825977,27.064173385367706,落叶灌丛,,,,,,
M3B-A087,A_fcs10_shrub,w3,108.25453758478895,26.647624588121484,落叶灌丛,,,,,,
M3B-A088,A_fcs10_shrub,w3,110.48235948940535,23.866799794601096,落叶灌丛,,,,,,
M3B-A089,A_fcs10_shrub,w3,110.56419601178865,25.7638620116047,落叶灌丛,,,,,,
M3B-A090,A_fcs10_shrub,w3,110.80835810601234,28.37679167852315,常绿灌丛,,,,,,
M3B-A091,A_fcs10_shrub,w3,111.99772754218658,24.648513754841904,落叶灌丛,,,,,,
M3B-A092,A_fcs10_shrub,w3,109.7655937242064,23.46615117788379,落叶灌丛,,,,,,
M3B-A093,A_fcs10_shrub,w3,112.78393307884798,27.160832109938966,落叶灌丛,,,,,,
M3B-A094,A_fcs10_shrub,w3,112.54902363205073,27.789113819652158,常绿灌丛,,,,,,
M3B-A095,A_fcs10_shrub,w3,109.23118596168369,27.66757176171079,常绿灌丛,,,,,,
M3B-A096,A_fcs10_shrub,w3,111.354533798757,27.725782592121732,常绿灌丛,,,,,,
M3B-A097,A_fcs10_shrub,w3,111.3304589491426,26.043148233437456,常绿灌丛,,,,,,
M3B-A098,A_fcs10_shrub,w3,108.05753704298154,24.33724750889449,落叶灌丛,,,,,,
M3B-A099,A_fcs10_shrub,w3,113.18745630447448,25.820366042975817,常绿灌丛,,,,,,
M3B-A100,A_fcs10_shrub,w3,112.6239431267463,23.753073079631566,落叶灌丛,,,,,,
M3B-A101,A_fcs10_shrub,w3,113.21287862701506,28.66937296656088,常绿灌丛,,,,,,
M3B-A102,A_fcs10_shrub,w3,111.52710016483637,27.039829041168066,常绿灌丛,,,,,,
M3B-A103,A_fcs10_shrub,w3,113.1229572670747,24.55625677516283,落叶灌丛,,,,,,
M3B-A104,A_fcs10_shrub,w3,113.63418849526711,23.90794263461377,常绿灌丛,,,,,,
M3B-A105,A_fcs10_shrub,w3,109.1192558772824,28.53363752713042,落叶灌丛,,,,,,
M3B-A106,A_fcs10_shrub,w3,112.4646718268719,26.94379913729569,常绿灌丛,,,,,,
M3B-A107,A_fcs10_shrub,w3,113.07067531753894,26.958441676426837,落叶灌丛,,,,,,
M3B-A108,A_fcs10_shrub,w3,112.22230636321646,26.228650339608137,落叶灌丛,,,,,,
M3B-A109,A_fcs10_shrub,w3,110.29488108960962,25.920258702569907,落叶灌丛,,,,,,
M3B-A110,A_fcs10_shrub,w3,110.82964817824598,24.504873140911194,落叶灌丛,,,,,,
M3B-A111,A_fcs10_shrub,w3,111.40259366645739,25.198013214137813,落叶灌丛,,,,,,
M3B-A112,A_fcs10_shrub,w3,108.85119859650113,23.46660033552585,落叶灌丛,,,,,,
M3B-A113,A_fcs10_shrub,w3,113.8294822380347,28.38775112498941,落叶灌丛,,,,,,
M3B-A114,A_fcs10_shrub,w3,110.54721785291879,26.46652422684299,常绿灌丛,,,,,,
M3B-A115,A_fcs10_shrub,w3,111.11881586820404,27.840766948489033,常绿灌丛,,,,,,
M3B-A116,A_fcs10_shrub,w3,112.88095112953289,23.998402983724606,落叶灌丛,,,,,,
M3B-A117,A_fcs10_shrub,w3,113.93584276767444,28.860624290549925,落叶灌丛,,,,,,
M3B-A118,A_fcs10_shrub,w3,108.34832170045102,23.815146665764225,常绿灌丛,,,,,,
M3B-A119,A_fcs10_shrub,w3,113.64856153981303,25.385850940047206,落叶灌丛,,,,,,
M3B-A120,A_fcs10_shrub,w3,112.33100251259492,23.956002502314163,常绿灌丛,,,,,,
M3B-A121,A_fcs10_shrub,w3,111.27269727637372,27.12732494984131,落叶灌丛,,,,,,
M3B-A122,A_fcs10_shrub,w3,109.79667543303692,25.01520605381949,落叶灌丛,,,,,,
M3B-A123,A_fcs10_shrub,w3,108.18446899262763,27.39430425228163,落叶灌丛,,,,,,
M3B-A124,A_fcs10_shrub,w3,110.7945240506369,26.58348487683535,常绿灌丛,,,,,,
M3B-A125,A_fcs10_shrub,w3,109.77933794805342,24.59084191360143,落叶灌丛,,,,,,
M3B-A126,A_fcs10_shrub,w3,110.90097441180505,24.572426450276982,常绿灌丛,,,,,,
M3B-A127,A_fcs10_shrub,w3,108.96932705636286,23.17258174303353,常绿灌丛,,,,,,
M3B-A128,A_fcs10_shrub,w3,110.68960082545173,23.715074343113308,常绿灌丛,,,,,,
M3B-A129,A_fcs10_shrub,w3,113.67416352541044,27.614391496890914,常绿灌丛,,,,,,
M3B-A130,A_fcs10_shrub,w3,108.08915774098254,24.252805872187256,常绿灌丛,,,,,,
M3B-A131,A_fcs10_shrub,w3,113.00563729096868,28.67997308691349,常绿灌丛,,,,,,
M3B-A132,A_fcs10_shrub,w3,111.4146310912646,24.564431444248317,常绿灌丛,,,,,,
M3B-A133,A_fcs10_shrub,w3,110.52278367719074,25.89510587461456,常绿灌丛,,,,,,
M3B-A134,A_fcs10_shrub,w3,108.27834293981812,24.438307978357937,常绿灌丛,,,,,,
M3B-A135,A_fcs10_shrub,w3,111.11055136759015,25.624802805623,常绿灌丛,,,,,,
M3B-A136,A_fcs10_shrub,w3,110.52431081317374,26.08743517694455,常绿灌丛,,,,,,
M3B-A137,A_fcs10_shrub,w3,113.28016244179561,27.12552831927307,落叶灌丛,,,,,,
M3B-A138,A_fcs10_shrub,w3,110.67388030797964,27.823070137391877,落叶灌丛,,,,,,
M3B-A139,A_fcs10_shrub,w3,108.14736857139349,27.6616428808356,落叶灌丛,,,,,,
M3B-A140,A_fcs10_shrub,w3,109.86656436214143,23.626949613741186,落叶灌丛,,,,,,
M3B-A141,A_fcs10_shrub,w3,113.26345377751099,27.266563818879835,常绿灌丛,,,,,,
M3B-A142,A_fcs10_shrub,w3,111.2726074448453,25.91531796850725,落叶灌丛,,,,,,
M3B-A143,A_fcs10_shrub,w3,111.85615305340934,23.418181141711806,落叶灌丛,,,,,,
M3B-A144,A_fcs10_shrub,w3,111.77036394377593,25.889895645966668,落叶灌丛,,,,,,
M3B-A145,A_fcs10_shrub,w3,109.62473788765645,25.696398533767322,常绿灌丛,,,,,,
M3B-A146,A_fcs10_shrub,w3,113.05100221281673,26.85863884836116,落叶灌丛,,,,,,
M3B-A147,A_fcs10_shrub,w3,112.77773470338757,27.547377176695598,常绿灌丛,,,,,,
M3B-A148,A_fcs10_shrub,w3,113.84628073384773,25.420525910014216,常绿灌丛,,,,,,
M3B-A149,A_fcs10_shrub,w3,108.67378132788753,24.006757315866917,落叶灌丛,,,,,,
M3B-A150,A_fcs10_shrub,w3,111.74071953939999,27.160382952296906,落叶灌丛,,,,,,
M3B-A151,A_fcs10_shrub,w3,113.5890032364759,23.450340828883284,常绿灌丛,,,,,,
M3B-A152,A_fcs10_shrub,w3,110.53922284689013,28.114663278617073,常绿灌丛,,,,,,
M3B-A153,A_fcs10_shrub,w3,110.4788560597973,27.141338668273573,常绿灌丛,,,,,,
M3B-A154,A_fcs10_shrub,w3,110.30161845424051,24.11500430760332,常绿灌丛,,,,,,
M3B-A155,A_fcs10_shrub,w3,111.36333728854137,24.162704849190067,常绿灌丛,,,,,,
M3B-A156,A_fcs10_shrub,w3,109.40896255641094,24.976937822716,常绿灌丛,,,,,,
M3B-A157,A_fcs10_shrub,w3,109.59374601035432,24.01017091394657,常绿灌丛,,,,,,
M3B-A158,A_fcs10_shrub,w3,108.34338096638837,26.936253288909086,落叶灌丛,,,,,,
M3B-A159,A_fcs10_shrub,w3,110.96089204125583,28.70431743111313,常绿灌丛,,,,,,
M3B-A160,A_fcs10_shrub,w3,113.95030564374878,26.445144323080942,落叶灌丛,,,,,,
M3B-A161,A_fcs10_shrub,w3,108.04235551467991,24.75640142046466,落叶灌丛,,,,,,
M3B-A162,A_fcs10_shrub,w3,111.91544186216123,27.316240654091644,常绿灌丛,,,,,,
M3B-A163,A_fcs10_shrub,w3,108.99331207444884,24.943610325675166,落叶灌丛,,,,,,
M3B-A164,A_fcs10_shrub,w3,109.93286003010945,24.952323983931127,常绿灌丛,,,,,,
M3B-A165,A_fcs10_shrub,w3,111.86612435306307,28.172963940556432,落叶灌丛,,,,,,
M3B-A166,A_fcs10_shrub,w3,110.82102435151842,28.867092160595586,落叶灌丛,,,,,,
M3B-A167,A_fcs10_shrub,w3,112.81357748322394,23.16153246503886,常绿灌丛,,,,,,
M3B-A168,A_fcs10_shrub,w3,113.71512670236628,27.13055888486414,常绿灌丛,,,,,,
M3B-A169,A_fcs10_shrub,w3,109.58718830878026,26.722723745873875,落叶灌丛,,,,,,
M3B-A170,A_fcs10_shrub,w3,110.67549727549105,26.55276249411846,常绿灌丛,,,,,,
M3B-A171,A_fcs10_shrub,w3,113.25141635270379,24.49328487374605,落叶灌丛,,,,,,
M3B-A172,A_fcs10_shrub,w3,110.56895708279448,26.47847182012178,落叶灌丛,,,,,,
M3B-A173,A_fcs10_shrub,w3,108.39683072579348,25.905526331910348,常绿灌丛,,,,,,
M3B-A174,A_fcs10_shrub,w3,113.747555884123,25.976583070884203,常绿灌丛,,,,,,
M3B-A175,A_fcs10_shrub,w3,111.99116984061251,28.161734999504937,常绿灌丛,,,,,,
M3B-A176,A_fcs10_shrub,w3,108.41174275950986,24.18543222587829,常绿灌丛,,,,,,
M3B-A177,A_fcs10_shrub,w3,111.70065467772825,28.13424655181088,落叶灌丛,,,,,,
M3B-A178,A_fcs10_shrub,w3,109.08835383150868,26.239519954545987,落叶灌丛,,,,,,
M3B-A179,A_fcs10_shrub,w3,109.89072904328424,25.472358701907915,落叶灌丛,,,,,,
M3B-A180,A_fcs10_shrub,w3,112.46413283770144,27.235841436162946,落叶灌丛,,,,,,
M3B-A181,A_fcs10_shrub,w3,113.02782567848644,23.073856893308793,常绿灌丛,,,,,,
M3B-A182,A_fcs10_shrub,w3,108.95423535958965,23.85673866341896,常绿灌丛,,,,,,
M3B-A183,A_fcs10_shrub,w3,110.50275124635488,23.805444860695733,常绿灌丛,,,,,,
M3B-A184,A_fcs10_shrub,w3,109.15348168960735,28.755880728421587,落叶灌丛,,,,,,
M3B-A185,A_fcs10_shrub,w3,112.02746177809094,27.578548717054545,常绿灌丛,,,,,,
M3B-A186,A_fcs10_shrub,w3,111.19571165652468,28.274473567661936,落叶灌丛,,,,,,
M3B-A187,A_fcs10_shrub,w3,109.07937067866749,28.901677299034187,落叶灌丛,,,,,,
M3B-A188,A_fcs10_shrub,w3,109.14288156925474,26.936612615022735,落叶灌丛,,,,,,
M3B-A189,A_fcs10_shrub,w3,111.06374914128752,24.18300677461117,落叶灌丛,,,,,,
M3B-A190,A_fcs10_shrub,w3,113.99602989171046,26.498504250957645,落叶灌丛,,,,,,
M3B-A191,A_fcs10_shrub,w3,111.1470229681254,25.602614418105244,落叶灌丛,,,,,,
M3B-A192,A_fcs10_shrub,w3,110.18681376093004,24.731787581679782,落叶灌丛,,,,,,
M3B-A193,A_fcs10_shrub,w3,109.8453641214362,23.528943416243745,常绿灌丛,,,,,,
M3B-A194,A_fcs10_shrub,w3,111.93942688024723,26.17708704229968,落叶灌丛,,,,,,
M3B-A195,A_fcs10_shrub,w3,112.30683783145211,24.335630541383075,落叶灌丛,,,,,,
M3B-A196,A_fcs10_shrub,w3,109.56517958431932,23.434979637524844,常绿灌丛,,,,,,
M3B-A197,A_fcs10_shrub,w3,112.29381225983238,28.767738490171965,落叶灌丛,,,,,,
M3B-A198,A_fcs10_shrub,w3,108.47175022048904,28.169819837062015,落叶灌丛,,,,,,
M3B-A199,A_fcs10_shrub,w3,111.659601669244,26.26134901595009,常绿灌丛,,,,,,
M3B-A200,A_fcs10_shrub,w3,108.21420322853199,23.62021224911029,落叶灌丛,,,,,,
M3B-A201,A_fcs10_shrub,w3,110.0730870459605,25.774372300428897,常绿灌丛,,,,,,
M3B-A202,A_fcs10_shrub,w3,110.2046004035556,28.922787708210997,落叶灌丛,,,,,,
M3B-A203,A_fcs10_shrub,w3,110.03652561389684,27.39520256756575,常绿灌丛,,,,,,
M3B-A204,A_fcs10_shrub,w3,111.55243265584853,26.774287043182337,常绿灌丛,,,,,,
M3B-A205,A_fcs10_shrub,w3,112.65664180308825,26.048987282784235,落叶灌丛,,,,,,
M3B-A206,A_fcs10_shrub,w3,109.10964390374232,27.365019174019334,落叶灌丛,,,,,,
M3B-A207,A_fcs10_shrub,w3,112.29003933563908,26.106479460967883,落叶灌丛,,,,,,
M3B-A208,A_fcs10_shrub,w3,112.81240967335458,25.640792817680325,落叶灌丛,,,,,,
M3B-A209,A_fcs10_shrub,w3,109.51020268893122,28.850203833254138,落叶灌丛,,,,,,
M3B-A210,A_fcs10_shrub,w3,113.0575599143908,27.325852627631722,落叶灌丛,,,,,,
M3B-A211,A_fcs10_shrub,w3,111.67963410007987,26.862860930196522,常绿灌丛,,,,,,
M3B-A212,A_fcs10_shrub,w3,109.79011773146286,24.13386892856983,落叶灌丛,,,,,,
M3B-A213,A_fcs10_shrub,w3,110.52754474819658,27.31381520282452,常绿灌丛,,,,,,
M3B-A214,A_fcs10_shrub,w3,113.49405131094447,24.921421938157415,落叶灌丛,,,,,,
M3B-A215,A_fcs10_shrub,w3,110.04119685337426,26.571716946613385,常绿灌丛,,,,,,
M3B-A216,A_fcs10_shrub,w3,109.40096755038228,28.72093626386934,落叶灌丛,,,,,,
M3B-A217,A_fcs10_shrub,w3,109.45872922315117,25.328268930335142,落叶灌丛,,,,,,
M3B-A218,A_fcs10_shrub,w3,113.72698446411665,28.40760389276845,常绿灌丛,,,,,,
M3B-A219,A_fcs10_shrub,w3,111.37142212609845,23.05948384876288,常绿灌丛,,,,,,
M3B-A220,A_fcs10_shrub,w3,108.61952308472671,23.412521755421853,常绿灌丛,,,,,,
M3B-A221,A_fcs10_shrub,w3,110.95864625304553,24.717684031719106,落叶灌丛,,,,,,
M3B-A222,A_fcs10_shrub,w3,113.92281719605472,26.34749745169715,常绿灌丛,,,,,,
M3B-A223,A_fcs10_shrub,w3,112.33738055111218,24.5996454033858,常绿灌丛,,,,,,
M3B-A224,A_fcs10_shrub,w3,113.67272622095584,23.901205269982874,常绿灌丛,,,,,,
M3B-A225,A_fcs10_shrub,w3,112.84744396943523,24.886926631247224,落叶灌丛,,,,,,
M3B-A226,A_fcs10_shrub,w3,111.68879691597787,28.859725975265807,常绿灌丛,,,,,,
M3B-A227,A_fcs10_shrub,w3,108.30771784960882,23.74471874748925,常绿灌丛,,,,,,
M3B-A228,A_fcs10_shrub,w3,112.5278233913455,27.048363036367203,常绿灌丛,,,,,,
M3B-A229,A_fcs10_shrub,w3,110.22885491622684,27.64457489043733,落叶灌丛,,,,,,
M3B-A230,A_fcs10_shrub,w3,110.97930750458028,26.695504792765053,落叶灌丛,,,,,,
M3B-A231,A_fcs10_shrub,w3,108.87895653878043,26.815250220138186,常绿灌丛,,,,,,
M3B-A232,A_fcs10_shrub,w3,110.59590654131807,25.581504008928434,常绿灌丛,,,,,,
M3B-A233,A_fcs10_shrub,w3,113.86254024049029,26.385855514329055,落叶灌丛,,,,,,
M3B-A234,A_fcs10_shrub,w3,111.77287922657146,25.332491012170504,常绿灌丛,,,,,,
M3B-A235,A_fcs10_shrub,w3,111.21134234246836,23.902013753738583,落叶灌丛,,,,,,
M3B-A236,A_fcs10_shrub,w3,112.49000431788409,25.011433129626187,常绿灌丛,,,,,,
M3B-A237,A_fcs10_shrub,w3,108.50615569587083,25.78371477938374,落叶灌丛,,,,,,
M3B-A238,A_fcs10_shrub,w3,113.09448067256811,26.089501302098025,落叶灌丛,,,,,,
M3B-A239,A_fcs10_shrub,w3,113.1808986029004,27.324325491648718,常绿灌丛,,,,,,
M3B-A240,A_fcs10_shrub,w3,113.65386159998933,28.055284638336776,落叶灌丛,,,,,,
M3B-A241,A_fcs10_shrub,w3,112.54363374034601,25.100546005810845,落叶灌丛,,,,,,
M3B-A242,A_fcs10_shrub,w3,109.1966906547735,26.42610003905761,落叶灌丛,,,,,,
M3B-A243,A_fcs10_shrub,w3,112.59789198350684,27.923771280741676,常绿灌丛,,,,,,
M3B-A244,A_fcs10_shrub,w3,110.58171315982898,23.737352562159472,落叶灌丛,,,,,,
M3B-A245,A_fcs10_shrub,w3,113.46054415084681,26.10037091703587,落叶灌丛,,,,,,
M3B-A246,A_fcs10_shrub,w3,110.70550100598065,28.141253411027012,常绿灌丛,,,,,,
M3B-A247,A_fcs10_shrub,w3,113.4386252579143,28.781033556376936,常绿灌丛,,,,,,
M3B-A248,A_fcs10_shrub,w3,108.65895912569955,24.107368627688302,落叶灌丛,,,,,,
M3B-A249,A_fcs10_shrub,w3,108.89827031738899,28.59157886295613,常绿灌丛,,,,,,
M3B-A250,A_fcs10_shrub,w3,109.4131846382463,25.432473503293007,落叶灌丛,,,,,,
M3B-A251,A_fcs10_shrub,w3,110.11944011462107,25.18471814793284,落叶灌丛,,,,,,
M3B-A252,A_fcs10_shrub,w3,113.24270269444783,26.06443830567109,常绿灌丛,,,,,,
M3B-A253,A_fcs10_shrub,w3,109.19462452962003,24.872194260587666,落叶灌丛,,,,,,
M3B-A254,A_fcs10_shrub,w3,111.61657236713467,28.450543363349365,落叶灌丛,,,,,,
M3B-A255,A_fcs10_shrub,w3,113.17721551023551,25.549434153285368,落叶灌丛,,,,,,
M3B-A256,A_fcs10_shrub,w3,112.99997790467873,24.568833189140502,落叶灌丛,,,,,,
M3B-A257,A_fcs10_shrub,w3,108.32873842725722,25.912533191126478,常绿灌丛,,,,,,
M3B-A258,A_fcs10_shrub,w3,112.22796574950641,27.72012320583178,落叶灌丛,,,,,,
M3B-A259,A_fcs10_shrub,w3,113.4905478813364,28.27276676862211,常绿灌丛,,,,,,
M3B-A260,A_fcs10_shrub,w3,109.0342752514047,25.288922720890707,落叶灌丛,,,,,,
M3B-A261,A_fcs10_shrub,w3,112.49593319875927,24.307603104518545,常绿灌丛,,,,,,
M3B-A262,A_fcs10_shrub,w3,110.94598000753945,23.623895341775178,常绿灌丛,,,,,,
M3B-A263,A_fcs10_shrub,w3,113.8700860888769,25.63127067566866,落叶灌丛,,,,,,
M3B-A264,A_fcs10_shrub,w3,113.5033937898993,23.90470869959094,落叶灌丛,,,,,,
M3B-A265,A_fcs10_shrub,w3,113.09151623213052,27.609720257413493,落叶灌丛,,,,,,
M3B-A266,A_fcs10_shrub,w3,113.52234824239423,25.229813575195642,常绿灌丛,,,,,,
M3B-A267,A_fcs10_shrub,w3,112.11684414886084,25.194599616058156,常绿灌丛,,,,,,
M3B-A268,A_fcs10_shrub,w3,112.46952272940615,23.973519650354497,常绿灌丛,,,,,,
M3B-A269,A_fcs10_shrub,w3,111.60642140442413,28.746448417938335,落叶灌丛,,,,,,
M3B-A270,A_fcs10_shrub,w3,110.41444685392592,24.92627284069166,落叶灌丛,,,,,,
M3B-A271,A_fcs10_shrub,w3,110.26820112567127,25.768263756496886,常绿灌丛,,,,,,
M3B-A272,A_fcs10_shrub,w3,112.169215929925,27.369510750439932,常绿灌丛,,,,,,
M3B-A273,A_fcs10_shrub,w3,109.33242609420397,23.729627050716047,落叶灌丛,,,,,,
M3B-A274,A_fcs10_shrub,w3,111.68170022523333,25.271585235907203,常绿灌丛,,,,,,
M3B-A275,A_fcs10_shrub,w3,112.83774216436674,26.388191134067768,落叶灌丛,,,,,,
M3B-A276,A_fcs10_shrub,w3,112.08405564099047,25.865102144124968,常绿灌丛,,,,,,
M3B-A277,A_fcs10_shrub,w3,109.3251497404026,25.15372627063072,常绿灌丛,,,,,,
M3B-A278,A_fcs10_shrub,w3,110.95514282343747,27.965453109924823,落叶灌丛,,,,,,
M3B-A279,A_fcs10_shrub,w3,113.71943861573006,23.308496845520814,常绿灌丛,,,,,,
M3B-A280,A_fcs10_shrub,w3,111.15654511013706,26.278057680234713,落叶灌丛,,,,,,
M3B-A281,A_fcs10_shrub,w3,112.00194962402195,26.156785116878577,落叶灌丛,,,,,,
M3B-A282,A_fcs10_shrub,w3,108.90680431258814,24.38009714794699,常绿灌丛,,,,,,
M3B-A283,A_fcs10_shrub,w3,113.99998247896059,25.765658642172937,常绿灌丛,,,,,,
M3B-A284,A_fcs10_shrub,w3,111.70281063441014,26.084560568035368,落叶灌丛,,,,,,
M3B-A285,A_fcs10_shrub,w3,111.85723103175029,23.03639714596101,常绿灌丛,,,,,,
M3B-A286,A_fcs10_shrub,w3,109.26675924693483,24.195313694003605,落叶灌丛,,,,,,
M3B-A287,A_fcs10_shrub,w3,113.96809228637434,27.112951905295397,常绿灌丛,,,,,,
M3B-A288,A_fcs10_shrub,w3,110.34249179966795,26.507756898384073,落叶灌丛,,,,,,
M3B-A289,A_fcs10_shrub,w3,108.59122615327695,25.21265575326896,常绿灌丛,,,,,,
M3B-A290,A_fcs10_shrub,w3,110.81743109038194,24.159111588053587,常绿灌丛,,,,,,
M3B-A291,A_fcs10_shrub,w3,113.17622736342298,27.367444625286456,常绿灌丛,,,,,,
M3B-A292,A_fcs10_shrub,w3,112.58567489564281,23.01196297023296,常绿灌丛,,,,,,
M3B-A293,A_fcs10_shrub,w3,111.13444655414771,24.997958400364396,落叶灌丛,,,,,,
M3B-A294,A_fcs10_shrub,w3,112.70524065995912,23.4850157988503,落叶灌丛,,,,,,
M3B-A295,A_fcs10_shrub,w3,111.95892032191261,23.800773621218312,常绿灌丛,,,,,,
M3B-A296,A_fcs10_shrub,w3,108.5577189931793,23.22558234479658,常绿灌丛,,,,,,
M3B-A297,A_fcs10_shrub,w3,108.361616766656,24.816319049915432,落叶灌丛,,,,,,
M3B-A298,A_fcs10_shrub,w3,108.22543216958347,23.62811742361054,落叶灌丛,,,,,,
M3B-A299,A_fcs10_shrub,w3,111.1936455313712,27.987282171328925,落叶灌丛,,,,,,
M3B-A300,A_fcs10_shrub,w3,110.83261261868357,28.89817386942612,常绿灌丛,,,,,,
M3B-A301,A_fcs10_shrub,w4,105.82010316482504,38.69681732554504,落叶灌丛,,,,,,
M3B-A302,A_fcs10_shrub,w4,106.88577458637603,37.95597671073167,落叶灌丛,,,,,,
M3B-A303,A_fcs10_shrub,w4,101.19386928313791,40.640502105794454,落叶灌丛,,,,,,
M3B-A304,A_fcs10_shrub,w4,104.7892863762979,40.76752388696895,落叶灌丛,,,,,,
M3B-A305,A_fcs10_shrub,w4,101.73806868225752,37.435672498169644,落叶灌丛,,,,,,
M3B-A306,A_fcs10_shrub,w4,101.3281674181138,36.29903416917321,落叶灌丛,,,,,,
M3B-A307,A_fcs10_shrub,w4,103.8257534025513,38.6476794795037,落叶灌丛,,,,,,
M3B-A308,A_fcs10_shrub,w4,103.23412295643018,38.56224969598394,落叶灌丛,,,,,,
M3B-A309,A_fcs10_shrub,w4,106.00102386304671,39.085338685926736,落叶灌丛,,,,,,
M3B-A310,A_fcs10_shrub,w4,104.17627602641473,37.04436636040718,落叶灌丛,,,,,,
M3B-A311,A_fcs10_shrub,w4,104.22774949219477,36.30424439782111,落叶灌丛,,,,,,
M3B-A312,A_fcs10_shrub,w4,106.32306989240357,38.3034450626291,落叶灌丛,,,,,,
M3B-A313,A_fcs10_shrub,w4,106.43742542807198,40.92535788238875,落叶灌丛,,,,,,
M3B-A314,A_fcs10_shrub,w4,104.96275105766138,36.59826299031343,落叶灌丛,,,,,,
M3B-A315,A_fcs10_shrub,w4,106.81633481491359,38.637798011378386,落叶灌丛,,,,,,
M3B-A316,A_fcs10_shrub,w4,101.91027572222323,40.43397942197537,落叶灌丛,,,,,,
M3B-A317,A_fcs10_shrub,w4,101.005043410416,39.16142599049166,落叶灌丛,,,,,,
M3B-A318,A_fcs10_shrub,w4,106.39053337024095,37.81107845540319,落叶灌丛,,,,,,
M3B-A319,A_fcs10_shrub,w4,104.42034828911001,37.74262683075329,落叶灌丛,,,,,,
M3B-A320,A_fcs10_shrub,w4,104.79081351228089,40.449789770975876,落叶灌丛,,,,,,
M3B-A321,A_fcs10_shrub,w4,106.44595942327112,36.53133850164652,落叶灌丛,,,,,,
M3B-A322,A_fcs10_shrub,w4,102.7284612829993,40.969734657424254,落叶灌丛,,,,,,
M3B-A323,A_fcs10_shrub,w4,105.43921748435837,37.64758507369344,落叶灌丛,,,,,,
M3B-A324,A_fcs10_shrub,w4,103.53955015303082,40.105735017158096,落叶灌丛,,,,,,
M3B-A325,A_fcs10_shrub,w4,103.53541790272386,36.783585433427284,落叶灌丛,,,,,,
M3B-A326,A_fcs10_shrub,w4,104.56551603902372,36.07014343477956,落叶灌丛,,,,,,
M3B-A327,A_fcs10_shrub,w4,105.16415334436097,37.65396311221069,落叶灌丛,,,,,,
M3B-A328,A_fcs10_shrub,w4,104.55671254923935,37.90405408730956,落叶灌丛,,,,,,
M3B-A329,A_fcs10_shrub,w4,102.27580021133147,39.72440017904936,落叶灌丛,,,,,,
M3B-A330,A_fcs10_shrub,w4,106.4030199526902,36.60535968105797,落叶灌丛,,,,,,
M3B-A331,A_fcs10_shrub,w4,106.73207284126318,40.91808152858738,落叶灌丛,,,,,,
M3B-A332,A_fcs10_shrub,w4,101.49498456637478,37.743255651452166,落叶灌丛,,,,,,
M3B-A333,A_fcs10_shrub,w4,106.14556279226154,38.87728886612465,落叶灌丛,,,,,,
M3B-A334,A_fcs10_shrub,w4,106.86511333484128,41.22449687200055,落叶灌丛,,,,,,
M3B-A335,A_fcs10_shrub,w4,105.59597350143723,38.746763655342086,落叶灌丛,,,,,,
M3B-A336,A_fcs10_shrub,w4,106.26297259989597,36.21468236399439,落叶灌丛,,,,,,
M3B-A337,A_fcs10_shrub,w4,105.53902031242404,38.678761188334235,落叶灌丛,,,,,,
M3B-A338,A_fcs10_shrub,w4,103.29655586867648,36.2117179235568,落叶灌丛,,,,,,
M3B-A339,A_fcs10_shrub,w4,101.39509190678069,37.95418008016343,落叶灌丛,,,,,,
M3B-A340,A_fcs10_shrub,w4,106.74761369567845,38.57904819179697,落叶灌丛,,,,,,
M3B-A341,A_fcs10_shrub,w4,106.48234119227796,36.00007484261824,落叶灌丛,,,,,,
M3B-A342,A_fcs10_shrub,w4,106.99995045898763,37.450764194942856,落叶灌丛,,,,,,
M3B-A343,A_fcs10_shrub,w4,105.52554558316226,37.80029867199376,落叶灌丛,,,,,,
M3B-A344,A_fcs10_shrub,w4,103.46148655484083,37.734721656253036,落叶灌丛,,,,,,
M3B-A345,A_fcs10_shrub,w4,101.27013625075966,40.883406558620365,落叶灌丛,,,,,,
M3B-A346,A_fcs10_shrub,w4,101.25881747817976,38.051018467791515,落叶灌丛,,,,,,
M3B-A347,A_fcs10_shrub,w4,102.29565297911051,37.29185222118211,常绿灌丛,,,,,,
M3B-A348,A_fcs10_shrub,w4,105.50793860359352,36.25286076356947,落叶灌丛,,,,,,
M3B-A349,A_fcs10_shrub,w4,102.77643131917128,36.976004567285685,落叶灌丛,,,,,,
M3B-A350,A_fcs10_shrub,w4,106.77815641533851,39.070696146795584,落叶灌丛,,,,,,
M3B-A351,A_fcs10_shrub,w4,106.03956158873544,37.45759139110216,落叶灌丛,,,,,,
M3B-A352,A_fcs10_shrub,w4,101.41440568538927,37.31233380966003,落叶灌丛,,,,,,
M3B-A353,A_fcs10_shrub,w4,105.72820551125962,37.82428369007975,落叶灌丛,,,,,,
M3B-A354,A_fcs10_shrub,w4,105.56049004771451,37.00888290668446,落叶灌丛,,,,,,
M3B-A355,A_fcs10_shrub,w4,102.92869575982954,37.14946924864917,落叶灌丛,,,,,,
M3B-A356,A_fcs10_shrub,w4,103.00487289592287,36.325624301583154,落叶灌丛,,,,,,
M3B-A357,A_fcs10_shrub,w4,104.8945689275967,38.55883609790428,落叶灌丛,,,,,,
M3B-A358,A_fcs10_shrub,w4,106.40697253994033,39.25323381252867,落叶灌丛,,,,,,
M3B-A359,A_fcs10_shrub,w4,106.15041369479579,37.61605420722084,落叶灌丛,,,,,,
M3B-A360,A_fcs10_shrub,w4,101.6363793920952,36.848982786111186,落叶灌丛,,,,,,
M3B-A361,A_fcs10_shrub,w4,106.99995045898763,37.586589465901724,落叶灌丛,,,,,,
M3B-A362,A_fcs10_shrub,w4,102.33401104174241,40.874603068835995,落叶灌丛,,,,,,
M3B-A363,A_fcs10_shrub,w4,106.55312843666657,39.11929500366645,落叶灌丛,,,,,,
M3B-A364,A_fcs10_shrub,w4,106.28704744951037,38.4575061338556,落叶灌丛,,,,,,
M3B-A365,A_fcs10_shrub,w4,106.39511477818995,39.45993615940458,落叶灌丛,,,,,,
M3B-A366,A_fcs10_shrub,w4,106.29126953134573,37.65063934565945,落叶灌丛,,,,,,
M3B-A367,A_fcs10_shrub,w4,101.86095821312507,38.6476794795037,落叶灌丛,,,,,,
M3B-A368,A_fcs10_shrub,w4,106.87733042270531,38.40082243942766,落叶灌丛,,,,,,
M3B-A369,A_fcs10_shrub,w4,101.36239323043874,36.30846647965647,落叶灌丛,,,,,,
M3B-A370,A_fcs10_shrub,w4,106.94874648779282,37.02289662511672,落叶灌丛,,,,,,
M3B-A371,A_fcs10_shrub,w4,106.70036231173377,40.973058423975495,落叶灌丛,,,,,,
M3B-A372,A_fcs10_shrub,w4,101.20518805571783,41.95042545309754,落叶灌丛,,,,,,
M3B-A373,A_fcs10_shrub,w4,105.71661724409448,39.30857003403044,落叶灌丛,,,,,,
M3B-A374,A_fcs10_shrub,w4,101.32699960824444,37.14928958559234,落叶灌丛,,,,,,
M3B-A375,A_fcs10_shrub,w4,102.26654756390504,38.56242935904076,落叶灌丛,,,,,,
M3B-A376,A_fcs10_shrub,w4,105.76359913345392,39.565757699873856,落叶灌丛,,,,,,
M3B-A377,A_fcs10_shrub,w4,102.15515646867422,37.285204688079624,落叶灌丛,,,,,,
M3B-A378,A_fcs10_shrub,w4,102.64949936952519,37.56772484493521,落叶灌丛,,,,,,
M3B-A379,A_fcs10_shrub,w4,101.45168576968022,38.76446046643924,落叶灌丛,,,,,,
M3B-A380,A_fcs10_shrub,w4,101.49085231606783,36.03924138900585,落叶灌丛,,,,,,
M3B-A381,A_fcs10_shrub,w4,105.94775376669843,37.8449449416145,落叶灌丛,,,,,,
M3B-A382,A_fcs10_shrub,w4,103.2357399239416,38.54949361894944,落叶灌丛,,,,,,
M3B-A383,A_fcs10_shrub,w4,101.003516274433,38.39354608562629,落叶灌丛,,,,,,
M3B-A384,A_fcs10_shrub,w4,105.21517765249895,36.74325107717032,落叶灌丛,,,,,,
M3B-A385,A_fcs10_shrub,w4,104.96616465574103,36.34484824866331,落叶灌丛,,,,,,
M3B-A386,A_fcs10_shrub,w4,103.54583836001964,39.92732960173196,落叶灌丛,,,,,,
M3B-A387,A_fcs10_shrub,w4,104.6751105036863,36.67255366431011,落叶灌丛,,,,,,
M3B-A388,A_fcs10_shrub,w4,104.66451038333369,39.043746688272,落叶灌丛,,,,,,
M3B-A389,A_fcs10_shrub,w4,106.62499365939614,37.85051449637604,落叶灌丛,,,,,,
M3B-A390,A_fcs10_shrub,w4,106.20296513891678,37.552543316633596,落叶灌丛,,,,,,
M3B-A391,A_fcs10_shrub,w4,101.79241675694675,37.42938429118081,落叶灌丛,,,,,,
M3B-A392,A_fcs10_shrub,w4,106.32190208253421,39.366421538327735,落叶灌丛,,,,,,
M3B-A393,A_fcs10_shrub,w4,106.3346581595687,41.30624356285543,落叶灌丛,,,,,,
M3B-A394,A_fcs10_shrub,w4,102.34829425475992,37.35572243788301,落叶灌丛,,,,,,
M3B-A395,A_fcs10_shrub,w4,105.29602602806972,36.70866593873171,落叶灌丛,,,,,,
M3B-A396,A_fcs10_shrub,w4,106.08914859241884,36.01525637091986,落叶灌丛,,,,,,
M3B-A397,A_fcs10_shrub,w4,105.99985605317735,40.8866404936432,落叶灌丛,,,,,,
M3B-A398,A_fcs10_shrub,w4,104.15211134527192,37.565568888253324,落叶灌丛,,,,,,
M3B-A399,A_fcs10_shrub,w4,102.20797740738045,39.83722857873477,落叶灌丛,,,,,,
M3B-A400,A_fcs10_shrub,w4,106.67745527198872,38.39902580885942,落叶灌丛,,,,,,
M3B-A401,A_fcs10_shrub,w4,106.89619504367182,41.02138778626113,落叶灌丛,,,,,,
M3B-A402,A_fcs10_shrub,w4,102.51942331638469,40.66763122737486,落叶灌丛,,,,,,
M3B-A403,A_fcs10_shrub,w4,105.72146814662872,38.4943370605045,落叶灌丛,,,,,,
M3B-A404,A_fcs10_shrub,w4,101.47728775527763,40.7325794224167,落叶灌丛,,,,,,
M3B-A405,A_fcs10_shrub,w4,102.53038276285095,38.407020814888085,落叶灌丛,,,,,,
M3B-A406,A_fcs10_shrub,w4,105.75982620926062,40.96668038545825,落叶灌丛,,,,,,
M3B-A407,A_fcs10_shrub,w4,101.01312824797307,38.701488565022466,落叶灌丛,,,,,,
M3B-A408,A_fcs10_shrub,w4,106.85810647562515,38.07617129574686,落叶灌丛,,,,,,
M3B-A409,A_fcs10_shrub,w4,106.80627368373146,39.12522388454164,落叶灌丛,,,,,,
M3B-A410,A_fcs10_shrub,w4,106.18616664310375,38.58713302935405,落叶灌丛,,,,,,
M3B-A411,A_fcs10_shrub,w2,106.3196562943239,32.73433945873013,落叶灌丛,,,,,,
M3B-A412,A_fcs10_shrub,w2,108.86260720060945,32.64055534306805,落叶灌丛,,,,,,
M3B-A413,A_fcs10_shrub,w2,105.73593102270304,34.759681098306004,落叶灌丛,,,,,,
M3B-A414,A_fcs10_shrub,w2,106.43994071086752,33.88571015838612,落叶灌丛,,,,,,
M3B-A415,A_fcs10_shrub,w2,109.64351267709455,33.18241912244895,落叶灌丛,,,,,,
M3B-A416,A_fcs10_shrub,w2,105.53075581181015,34.09232267373361,落叶灌丛,,,,,,
M3B-A417,A_fcs10_shrub,w2,108.07415587573774,35.3752067309847,落叶灌丛,,,,,,
M3B-A418,A_fcs10_shrub,w2,107.90679973830628,33.40618945972312,落叶灌丛,,,,,,
M3B-A419,A_fcs10_shrub,w2,107.15428102479936,33.81860600666239,落叶灌丛,,,,,,
M3B-A420,A_fcs10_shrub,w2,109.44866809196903,35.57220727279211,落叶灌丛,,,,,,
M3B-A421,A_fcs10_shrub,w2,108.07038295154445,33.780517438615725,落叶灌丛,,,,,,
M3B-A422,A_fcs10_shrub,w2,107.73603000279516,34.2004798339416,落叶灌丛,,,,,,
M3B-A423,A_fcs10_shrub,w2,108.71276821121832,33.13408976016332,落叶灌丛,,,,,,
M3B-A424,A_fcs10_shrub,w2,107.40248553780158,33.80809571783819,落叶灌丛,,,,,,
M3B-A425,A_fcs10_shrub,w2,108.70719865645677,34.42505865497148,落叶灌丛,,,,,,
M3B-A426,A_fcs10_shrub,w2,106.48584462188602,35.63212490224288,落叶灌丛,,,,,,
M3B-A427,A_fcs10_shrub,w2,109.23873181007029,31.95127802556314,落叶灌丛,,,,,,
M3B-A428,A_fcs10_shrub,w2,109.91624119735324,32.36944379032078,落叶灌丛,,,,,,
M3B-A429,A_fcs10_shrub,w2,106.26890148077116,31.980383440768616,落叶灌丛,,,,,,
M3B-A430,A_fcs10_shrub,w2,109.7874227856105,35.239650954611065,落叶灌丛,,,,,,
M3B-A431,A_fcs10_shrub,w2,107.71033818566934,35.26956485357224,落叶灌丛,,,,,,
M3B-A432,A_fcs10_shrub,w2,105.71571892881036,35.85984782676718,落叶灌丛,,,,,,
M3B-A433,A_fcs10_shrub,w2,106.3406768719723,35.0249536017065,落叶灌丛,,,,,,
M3B-A434,A_fcs10_shrub,w2,107.51639191582794,35.13499722401114,落叶灌丛,,,,,,
M3B-A435,A_fcs10_shrub,w2,107.98243788522915,31.76649457161976,落叶灌丛,,,,,,
M3B-A436,A_fcs10_shrub,w2,106.89502723380247,33.23847399617801,落叶灌丛,,,,,,
M3B-A437,A_fcs10_shrub,w2,106.11286411591959,35.38392038924066,落叶灌丛,,,,,,
M3B-A438,A_fcs10_shrub,w2,105.51153186472999,35.168324721051974,落叶灌丛,,,,,,
M3B-A439,A_fcs10_shrub,w2,106.22515352643454,34.550104142520915,落叶灌丛,,,,,,
M3B-A440,A_fcs10_shrub,w2,106.61124943554911,32.14585311610343,落叶灌丛,,,,,,
M3B-A441,A_fcs10_shrub,w2,106.19793457332571,34.30926581484847,落叶灌丛,,,,,,
M3B-A442,A_fcs10_shrub,w2,109.00157657506274,35.280344636981674,落叶灌丛,,,,,,
M3B-A443,A_fcs10_shrub,w2,107.03776953244906,35.53483735697274,落叶灌丛,,,,,,
M3B-A444,A_fcs10_shrub,w2,107.32576941253777,33.494853178265714,落叶灌丛,,,,,,
M3B-A445,A_fcs10_shrub,w2,108.69668836763258,34.000065694054534,落叶灌丛,,,,,,
M3B-A446,A_fcs10_shrub,w2,107.70836189204428,35.0182162370756,落叶灌丛,,,,,,
M3B-A447,A_fcs10_shrub,w2,109.58188824860395,35.83703061855054,落叶灌丛,,,,,,
M3B-A448,A_fcs10_shrub,w2,106.82253319037402,33.257697943258165,落叶灌丛,,,,,,
M3B-A449,A_fcs10_shrub,w2,105.56695791776016,35.30953988371556,落叶灌丛,,,,,,
M3B-A450,A_fcs10_shrub,w2,108.80951676731799,35.10122056932825,落叶灌丛,,,,,,
M3B-A451,A_fcs10_shrub,w2,107.19910695747691,32.03419252628738,落叶灌丛,,,,,,
M3B-A452,A_fcs10_shrub,w2,107.89332500904449,34.02530835353829,落叶灌丛,,,,,,
M3B-A453,A_fcs10_shrub,w2,108.561581748901,32.83315413998328,落叶灌丛,,,,,,
M3B-A454,A_fcs10_shrub,w2,107.2741162837009,34.32229138646821,落叶灌丛,,,,,,
M3B-A455,A_fcs10_shrub,w2,108.49627422774552,33.383551914563306,落叶灌丛,,,,,,
M3B-A456,A_fcs10_shrub,w2,106.6081951635831,34.389215875135115,落叶灌丛,,,,,,
M3B-A457,A_fcs10_shrub,w2,108.71474450484338,32.73784288833819,落叶灌丛,,,,,,
M3B-A458,A_fcs10_shrub,w2,108.3977290410776,33.00006111977268,落叶灌丛,,,,,,
M3B-A459,A_fcs10_shrub,w2,107.60128271017723,33.51093302185146,落叶灌丛,,,,,,
M3B-A460,A_fcs10_shrub,w2,106.82217386426036,35.13499722401114,落叶灌丛,,,,,,
M3B-A461,A_fcs10_shrub,w2,107.27609257732597,34.22500384119807,落叶灌丛,,,,,,
M3B-A462,A_fcs10_shrub,w2,106.645026090232,35.624399390799454,落叶灌丛,,,,,,
M3B-A463,A_fcs10_shrub,w2,105.6747557518545,33.5368045020341,落叶灌丛,,,,,,
M3B-A464,A_fcs10_shrub,w2,105.79593848368224,33.473652937560495,落叶灌丛,,,,,,
M3B-A465,A_fcs10_shrub,w2,108.30008216969381,32.58863271964594,落叶灌丛,,,,,,
M3B-A466,A_fcs10_shrub,w2,107.24069895513165,34.9242524583567,落叶灌丛,,,,,,
M3B-A467,A_fcs10_shrub,w2,107.30690479157127,35.10580197727725,落叶灌丛,,,,,,
M3B-A468,A_fcs10_shrub,w2,108.40626303627674,34.22024277019223,落叶灌丛,,,,,,
M3B-A469,A_fcs10_shrub,w2,107.52851917216356,35.60194150869646,落叶灌丛,,,,,,
M3B-A470,A_fcs10_shrub,w2,108.60775515450474,33.080729832286615,落叶灌丛,,,,,,
M3B-A471,A_fcs10_shrub,w2,106.75255442974111,31.793713524728577,落叶灌丛,,,,,,
M3B-A472,A_fcs10_shrub,w2,108.34607591224072,33.639122612895314,落叶灌丛,,,,,,
M3B-A473,A_fcs10_shrub,w2,108.60353307266938,35.12825985938024,落叶灌丛,,,,,,
M3B-A474,A_fcs10_shrub,w2,109.54182338693222,31.85183452361111,落叶灌丛,,,,,,
M3B-A475,A_fcs10_shrub,w2,108.84931213440449,32.979938857408406,落叶灌丛,,,,,,
M3B-A476,A_fcs10_shrub,w2,107.5483719399426,35.047231820752664,落叶灌丛,,,,,,
M3B-A477,A_fcs10_shrub,w2,108.9899883078976,34.69491256632099,落叶灌丛,,,,,,
M3B-A478,A_fcs10_shrub,w2,105.75497530672638,32.822554019630665,常绿灌丛,,,,,,
M3B-A479,A_fcs10_shrub,w2,107.1267925771053,34.72644343279358,落叶灌丛,,,,,,
M3B-A480,A_fcs10_shrub,w2,108.02852145930447,32.57425967510003,落叶灌丛,,,,,,
M3B-A481,A_fcs10_shrub,w2,108.80780996827816,31.868722850952558,落叶灌丛,,,,,,
M3B-A482,A_fcs10_shrub,w2,108.0768508215901,33.00006111977268,落叶灌丛,,,,,,
M3B-A483,A_fcs10_shrub,w2,106.61601050655494,33.73964409318829,落叶灌丛,,,,,,
M3B-A484,A_fcs10_shrub,w2,108.09841038840898,34.485066115950666,落叶灌丛,,,,,,
M3B-A485,A_fcs10_shrub,w2,108.6360520859545,32.39792038482737,落叶灌丛,,,,,,
M3B-A486,A_fcs10_shrub,w2,107.78795262621726,35.48048928228351,落叶灌丛,,,,,,
M3B-A487,A_fcs10_shrub,w2,106.42952025357172,32.73658524694043,落叶灌丛,,,,,,
M3B-A488,A_fcs10_shrub,w2,105.80671826709167,34.06169012254514,落叶灌丛,,,,,,
M3B-A489,A_fcs10_shrub,w2,107.06148505594982,33.968624659110354,落叶灌丛,,,,,,
M3B-A490,A_fcs10_shrub,w2,108.64117248307399,33.2985712886856,落叶灌丛,,,,,,
M3B-A491,A_fcs10_shrub,w2,107.44443686156997,34.5943012544996,落叶灌丛,,,,,,
M3B-A492,A_fcs10_shrub,w2,107.1027177274909,34.568250111260134,落叶灌丛,,,,,,
M3B-A493,A_fcs10_shrub,w2,107.12885870225878,35.76848916237223,落叶灌丛,,,,,,
M3B-A494,A_fcs10_shrub,w2,108.79128096705035,32.88372929047921,落叶灌丛,,,,,,
M3B-A495,A_fcs10_shrub,w2,108.07523385407869,34.99755498554085,落叶灌丛,,,,,,
M3B-A496,A_fcs10_shrub,w2,108.66991857216581,32.89783284043988,落叶灌丛,,,,,,
M3B-A497,A_fcs10_shrub,w2,108.52160671875768,31.800989878529947,落叶灌丛,,,,,,
M3B-A498,A_fcs10_shrub,w2,109.27744919881584,32.98344228701647,落叶灌丛,,,,,,
M3B-A499,A_fcs10_shrub,w2,108.99995960755133,33.61828169830374,落叶灌丛,,,,,,
M3B-A500,A_fcs10_shrub,w2,107.05474769131891,35.364337116046855,落叶灌丛,,,,,,
M3B-A501,A_fcs10_shrub,w2,108.03480966629331,32.39908819469672,落叶灌丛,,,,,,
M3B-A502,A_fcs10_shrub,w2,107.11655178286634,35.08945263910628,落叶灌丛,,,,,,
M3B-A503,A_fcs10_shrub,w2,108.28148704331254,31.89962489672627,落叶灌丛,,,,,,
M3B-A504,A_fcs10_shrub,w2,107.0583409524554,32.34896220184285,落叶灌丛,,,,,,
M3B-A505,A_fcs10_shrub,w2,109.57056947602405,33.937902276393466,落叶灌丛,,,,,,
M3B-A506,A_fcs10_shrub,w2,107.69749227710643,35.09852562347589,落叶灌丛,,,,,,
M3B-A507,A_fcs10_shrub,w2,107.15958108497566,32.64046551153964,落叶灌丛,,,,,,
M3B-A508,A_fcs10_shrub,w2,109.87905094459069,32.33440949424012,落叶灌丛,,,,,,
M3B-A509,A_fcs10_shrub,w2,107.66847669342937,33.88409319087471,落叶灌丛,,,,,,
M3B-A510,A_fcs10_shrub,w2,108.7937962498459,33.291025440298995,落叶灌丛,,,,,,
M3B-A511,A_fcs10_shrub,w1,122.8982445258065,45.14618207635274,落叶灌丛,,,,,,
M3B-A512,A_fcs10_shrub,w1,123.27607593430717,43.495527741783114,落叶灌丛,,,,,,
M3B-A513,A_fcs10_shrub,w1,125.20529783848225,45.931219803144785,落叶灌丛,,,,,,
M3B-A514,A_fcs10_shrub,w1,123.44522870230688,45.49904031995489,落叶灌丛,,,,,,
M3B-A515,A_fcs10_shrub,w1,122.83931504316826,46.51719086297595,落叶灌丛,,,,,,
M3B-A516,A_fcs10_shrub,w1,124.33572864345456,46.954221248700094,落叶灌丛,,,,,,
M3B-A517,A_fcs10_shrub,w1,122.5292166070902,46.309410537759106,落叶灌丛,,,,,,
M3B-A518,A_fcs10_shrub,w1,126.25965048745334,44.16153869342933,落叶灌丛,,,,,,
M3B-A519,A_fcs10_shrub,w1,126.40508773195229,44.15893357910538,落叶灌丛,,,,,,
M3B-A520,A_fcs10_shrub,w1,124.6186081264238,45.09075602332256,落叶灌丛,,,,,,
M3B-A521,A_fcs10_shrub,w1,123.51439897918408,44.052034060295156,落叶灌丛,,,,,,
M3B-A522,A_fcs10_shrub,w1,125.59606498707426,45.652921728124554,落叶灌丛,,,,,,
M3B-A523,A_fcs10_shrub,w1,123.59506769169802,46.34857708414671,落叶灌丛,,,,,,
M3B-A524,A_fcs10_shrub,w1,124.92475397525173,43.979540016866714,落叶灌丛,,,,,,
M3B-A525,A_fcs10_shrub,w1,123.7008892321673,46.00003075390834,落叶灌丛,,,,,,
M3B-A526,A_fcs10_shrub,w1,126.20099049940033,46.032549767193466,落叶灌丛,,,,,,
M3B-A527,A_fcs10_shrub,w1,123.22756690896472,44.19522551658381,落叶灌丛,,,,,,
M3B-A528,A_fcs10_shrub,w1,124.13378736758449,46.00003075390834,落叶灌丛,,,,,,
M3B-A529,A_fcs10_shrub,w1,122.62605499471829,44.56164832097616,落叶灌丛,,,,,,
M3B-A530,A_fcs10_shrub,w1,126.33142587865449,43.32664446836864,落叶灌丛,,,,,,
M3B-A531,A_fcs10_shrub,w1,126.37912642024123,43.69944531127825,落叶灌丛,,,,,,
M3B-A532,A_fcs10_shrub,w1,125.36933020936249,47.49150362013198,落叶灌丛,,,,,,
M3B-A533,A_fcs10_shrub,w1,122.96588766670071,46.614029250604034,落叶灌丛,,,,,,
M3B-A534,A_fcs10_shrub,w1,122.84200998902062,46.8775949549647,落叶灌丛,,,,,,
M3B-A535,A_fcs10_shrub,w1,126.40113514470217,44.645011979342456,落叶灌丛,,,,,,
M3B-A536,A_fcs10_shrub,w1,126.18230554149065,43.67923321738556,落叶灌丛,,,,,,
M3B-A537,A_fcs10_shrub,w1,123.59291173501613,46.98009272888274,落叶灌丛,,,,,,
M3B-A538,A_fcs10_shrub,w1,125.45862274860396,45.856120645392394,落叶灌丛,,,,,,
M3B-A539,A_fcs10_shrub,w1,123.48385625952402,46.75048334226179,落叶灌丛,,,,,,
M3B-A540,A_fcs10_shrub,w1,125.93041793582354,43.12973375808964,落叶灌丛,,,,,,
M3B-A541,A_fcs10_shrub,w1,123.03757322637344,46.07360277567773,落叶灌丛,,,,,,
M3B-A542,A_fcs10_shrub,w1,123.64842761957472,46.539469082022116,落叶灌丛,,,,,,
M3B-A543,A_fcs10_shrub,w1,125.24069146067657,46.3154292501627,落叶灌丛,,,,,,
M3B-A544,A_fcs10_shrub,w1,122.05616377847286,46.52213159703861,落叶灌丛,,,,,,
M3B-A545,A_fcs10_shrub,w1,124.43130938968488,43.636473409861466,落叶灌丛,,,,,,
M3B-A546,A_fcs10_shrub,w1,124.517906983074,46.27922714421269,落叶灌丛,,,,,,
M3B-A547,A_fcs10_shrub,w1,123.47649007419425,43.46803929408905,落叶灌丛,,,,,,
M3B-A548,A_fcs10_shrub,w1,122.78182286498462,45.7847944118333,落叶灌丛,,,,,,
M3B-A549,A_fcs10_shrub,w1,125.46527028170645,44.26215000525071,落叶灌丛,,,,,,
M3B-A550,A_fcs10_shrub,w1,124.20098135083663,45.82494910503345,落叶灌丛,,,,,,
M3B-A551,A_fcs10_shrub,w1,122.37228092695452,45.28883454347091,落叶灌丛,,,,,,
M3B-A552,A_fcs10_shrub,w1,125.07001155669386,46.19882792628399,落叶灌丛,,,,,,
M3B-A553,A_fcs10_shrub,w1,125.22029970372705,45.21077094528093,落叶灌丛,,,,,,
M3B-A554,A_fcs10_shrub,w1,124.80321191731036,46.03892780571071,落叶灌丛,,,,,,
M3B-A555,A_fcs10_shrub,w1,124.03452352868929,46.26242864839965,落叶灌丛,,,,,,
M3B-A556,A_fcs10_shrub,w1,126.24617575819155,47.306630334660184,落叶灌丛,,,,,,
M3B-A557,A_fcs10_shrub,w1,126.08888075194223,43.14572377014697,落叶灌丛,,,,,,
M3B-A558,A_fcs10_shrub,w1,126.14547461484175,46.82818761433813,落叶灌丛,,,,,,
M3B-A559,A_fcs10_shrub,w1,123.33051384052482,44.08832599777359,落叶灌丛,,,,,,
M3B-A560,A_fcs10_shrub,w1,122.98133868958756,45.03056889928655,落叶灌丛,,,,,,
M3B-A561,A_fcs10_shrub,w1,122.66432322582178,43.39886901721185,落叶灌丛,,,,,,
M3B-A562,A_fcs10_shrub,w1,122.37865896547177,46.633882018383076,落叶灌丛,,,,,,
M3B-A563,A_fcs10_shrub,w1,124.5411733489327,43.00064585176167,落叶灌丛,,,,,,
M3B-A564,A_fcs10_shrub,w1,124.62759127926499,46.608280032785665,落叶灌丛,,,,,,
M3B-A565,A_fcs10_shrub,w1,124.06237130249698,43.73906101530792,落叶灌丛,,,,,,
M3B-A566,A_fcs10_shrub,w1,123.83689416618299,43.97397046210517,落叶灌丛,,,,,,
M3B-A567,A_fcs10_shrub,w1,122.43552232295654,46.49500247545819,落叶灌丛,,,,,,
M3B-A568,A_fcs10_shrub,w1,123.04431059100433,43.966424613718566,落叶灌丛,,,,,,
M3B-A569,A_fcs10_shrub,w1,123.89573381729282,45.41810211285571,落叶灌丛,,,,,,
M3B-A570,A_fcs10_shrub,w1,125.15957359052058,43.16458839111348,落叶灌丛,,,,,,
M3B-A571,A_fcs10_shrub,w1,122.7464292427903,45.51296420685873,落叶灌丛,,,,,,
M3B-A572,A_fcs10_shrub,w1,124.78883887276444,47.14825735006991,落叶灌丛,,,,,,
M3B-A573,A_fcs10_shrub,w1,124.62624380633882,47.44694718203965,落叶灌丛,,,,,,
M3B-A574,A_fcs10_shrub,w1,124.08626648905457,44.81245794830233,落叶灌丛,,,,,,
M3B-A575,A_fcs10_shrub,w1,125.9587148672733,45.20008099339991,落叶灌丛,,,,,,
M3B-A576,A_fcs10_shrub,w1,125.12777322946275,45.52194735969993,落叶灌丛,,,,,,
M3B-A577,A_fcs10_shrub,w1,122.26502208203065,43.97980951145195,落叶灌丛,,,,,,
M3B-A578,A_fcs10_shrub,w1,125.44523785087058,46.91774964816484,落叶灌丛,,,,,,
M3B-A579,A_fcs10_shrub,w1,122.96912160172353,43.41818279582042,落叶灌丛,,,,,,
M3B-A580,A_fcs10_shrub,w1,125.93517900682937,45.548088334467806,落叶灌丛,,,,,,
M3B-A581,A_fcs10_shrub,w1,122.34569079454458,44.14249440940599,落叶灌丛,,,,,,
M3B-A582,A_fcs10_shrub,w1,123.07350583773822,46.13846113919116,落叶灌丛,,,,,,
M3B-A583,A_fcs10_shrub,w1,126.13343719003454,47.16981691688878,落叶灌丛,,,,,,
M3B-A584,A_fcs10_shrub,w1,122.35548243114148,46.91810897427849,落叶灌丛,,,,,,
M3B-A585,A_fcs10_shrub,w1,122.19953489781834,44.81820716612069,落叶灌丛,,,,,,
M3B-A586,A_fcs10_shrub,w1,124.72362118313737,45.30940596347725,落叶灌丛,,,,,,
M3B-A587,A_fcs10_shrub,w1,124.81839344561197,45.78659104240154,落叶灌丛,,,,,,
M3B-A588,A_fcs10_shrub,w1,126.12526252094906,43.06244994330909,落叶灌丛,,,,,,
M3B-A589,A_fcs10_shrub,w1,123.10629434560859,43.42411167669561,落叶灌丛,,,,,,
M3B-A590,A_fcs10_shrub,w1,123.52490926800829,44.26313815206324,落叶灌丛,,,,,,
M3B-A591,A_fcs10_shrub,w1,123.24715018215852,44.91504555374878,落叶灌丛,,,,,,
M3B-A592,A_fcs10_shrub,w1,123.4829579442399,47.356307169872,落叶灌丛,,,,,,
M3B-A593,A_fcs10_shrub,w1,125.27536643064359,47.34400025047955,落叶灌丛,,,,,,
M3B-A594,A_fcs10_shrub,w1,122.38333020494919,46.120764328094005,落叶灌丛,,,,,,
M3B-A595,A_fcs10_shrub,w1,123.33374777554765,45.61725861134501,落叶灌丛,,,,,,
M3B-A596,A_fcs10_shrub,w1,124.9094826154217,46.95080765062044,落叶灌丛,,,,,,
M3B-A597,A_fcs10_shrub,w1,122.57916293688724,45.56919874364462,落叶灌丛,,,,,,
M3B-A598,A_fcs10_shrub,w1,124.90148760939303,47.37867522044657,落叶灌丛,,,,,,
M3B-A599,A_fcs10_shrub,w1,123.96202948526084,44.990683700671646,落叶灌丛,,,,,,
M3B-B000,B_control_base,w3,113.0531132537344,27.31448893928761,草本旱地,,,,,,
M3B-B001,B_control_base,w4,106.74774844297109,40.90348390522044,草本旱地,,,,,,
M3B-B002,B_control_base,w2,107.70499320972884,35.291259167683734,草本旱地,,,,,,
M3B-B003,B_control_base,w3,111.21381270949968,28.005742550417587,草本旱地,,,,,,
M3B-B004,B_control_base,w3,112.46857949835784,26.95201872214539,草本旱地,,,,,,
M3B-B005,B_control_base,w3,111.36068725845324,24.892541101772974,草本旱地,,,,,,
M3B-B006,B_control_base,w2,108.97242624409309,34.708072885233335,草本旱地,,,,,,
M3B-B007,B_control_base,w3,113.69127643157292,23.89352467430365,草本旱地,,,,,,
M3B-B008,B_control_base,w3,112.60413527473148,23.741260233645395,草本旱地,,,,,,
M3B-B009,B_control_base,w3,109.80273906120476,24.58962918796787,草本旱地,,,,,,
M3B-B010,B_control_base,w4,106.23058833390348,37.54342541649978,草本旱地,,,,,,
M3B-B011,B_control_base,w1,124.78556002197742,47.173275430732645,草本旱地,,,,,,
M3B-B012,B_control_base,w2,108.09198743412752,33.00729255780985,草本旱地,,,,,,
M3B-B013,B_control_base,w3,111.95788725933588,23.81052034205101,草本旱地,,,,,,
M3B-B014,B_control_base,w2,108.1030367121222,35.00074400479948,草本旱地,,,,,,
M3B-B015,B_control_base,w1,126.2570004573652,47.30020738037873,草本旱地,,,,,,
M3B-B016,B_control_base,w1,123.33945207760182,44.07354871134982,草本旱地,,,,,,
M3B-B017,B_control_base,w3,111.18632426180562,24.212875757808145,草本旱地,,,,,,
M3B-B018,B_control_base,w3,109.60412155188592,26.73022467849628,草本旱地,,,,,,
M3B-B019,B_control_base,w4,105.72016558946676,39.32801855993162,草本旱地,,,,,,
M3B-B020,B_control_base,w3,113.8580935798339,25.404311319135864,草本旱地,,,,,,
M3B-B021,B_control_base,w3,112.61195061770331,23.00958243473004,灌溉耕地,,,,,,
M3B-B022,B_control_base,w3,113.20968960775645,28.67867052975152,灌溉耕地,,,,,,
M3B-B023,B_control_base,w1,125.91824576372372,45.55792488682892,灌溉耕地,,,,,,
M3B-B024,B_control_base,w3,109.73509592031054,27.694745799055408,灌溉耕地,,,,,,
M3B-B025,B_control_base,w3,112.02364393813345,25.48515969470662,灌溉耕地,,,,,,
M3B-B026,B_control_base,w2,106.7652655910114,31.782709162498115,灌溉耕地,,,,,,
M3B-B027,B_control_base,w3,112.16593707913796,27.392911863591248,灌溉耕地,,,,,,
M3B-B028,B_control_base,w2,108.3722618027728,33.000285698593714,灌溉耕地,,,,,,
M3B-B029,B_control_base,w3,110.07250314102583,27.23741348791016,灌溉耕地,,,,,,
M3B-B030,B_control_base,w3,112.60036235053816,27.93405699074485,灌溉耕地,,,,,,
M3B-B031,B_control_base,w1,123.02468240204634,46.08936820891402,灌溉耕地,,,,,,
M3B-B032,B_control_base,w3,112.45995567163028,26.92318280152515,灌溉耕地,,,,,,
M3B-B033,B_control_base,w1,126.15001110702656,43.048391309112624,灌溉耕地,,,,,,
M3B-B034,B_control_base,w3,112.5893130725435,23.010929907656223,灌溉耕地,,,,,,
M3B-B035,B_control_base,w1,125.05963601516228,46.189081205451295,灌溉耕地,,,,,,
M3B-B036,B_control_base,,112.57988076206024,22.99233478127495,灌溉耕地,,,,,,
M3B-B037,B_control_base,w2,107.1560327396034,34.71561873361994,灌溉耕地,,,,,,
M3B-B038,B_control_base,w1,125.11569088889136,45.536095825424816,灌溉耕地,,,,,,
M3B-B039,B_control_base,w3,111.527234912129,25.54283153594709,灌溉耕地,,,,,,
M3B-B040,B_control_base,w1,123.6429029805774,46.56421766809961,灌溉耕地,,,,,,
M3B-B041,B_control_base,w3,112.80383076239124,23.15322304866076,灌溉耕地,,,,,,
M3B-B042,B_control_base,w3,109.16188093751389,28.739845800600055,常绿阔叶林,,,,,,
M3B-B043,B_control_base,w3,113.19190296513088,27.376203199306627,常绿阔叶林,,,,,,
M3B-B044,B_control_base,w3,110.8826038642448,25.336129189071197,常绿阔叶林,,,,,,
M3B-B045,B_control_base,w3,111.87407444332752,23.044616730810706,常绿阔叶林,,,,,,
M3B-B046,B_control_base,w3,113.18786054635234,25.83685012843941,常绿阔叶林,,,,,,
M3B-B047,B_control_base,w3,111.37227552561838,23.07938153230613,常绿阔叶林,,,,,,
M3B-B048,B_control_base,w2,108.3668719110681,33.61931476088048,常绿阔叶林,,,,,,
M3B-B049,B_control_base,w2,108.31458996153236,32.60601512039366,常绿阔叶林,,,,,,
M3B-B050,B_control_base,w3,109.30525205685936,28.934151396555112,常绿阔叶林,,,,,,
M3B-B051,B_control_base,w3,108.96865331989976,26.124939840056545,常绿阔叶林,,,,,,
M3B-B052,B_control_base,w3,110.66215729352189,26.558017638530565,常绿阔叶林,,,,,,
M3B-B053,B_control_base,w3,112.47855079801155,24.702008430011222,常绿阔叶林,,,,,,
M3B-B054,B_control_base,w3,109.60439104647116,25.69132305241205,常绿阔叶林,,,,,,
M3B-B055,B_control_base,w3,113.05634718875724,26.876829732864586,常绿阔叶林,,,,,,
M3B-B056,B_control_base,w2,109.86445332122376,32.336790029743035,常绿阔叶林,,,,,,
M3B-B057,B_control_base,w3,113.07817625016136,26.969266375600483,常绿阔叶林,,,,,,
M3B-B058,B_control_base,w3,112.47558635757396,27.26005103306997,常绿阔叶林,,,,,,
M3B-B059,B_control_base,w2,106.3984834605054,32.742379380523,常绿阔叶林,,,,,,
M3B-B060,B_control_base,w3,112.656147729682,26.03924056195154,常绿阔叶林,,,,,,
M3B-B061,B_control_base,w3,108.67786866243028,24.030697418188705,常绿阔叶林,,,,,,
M3B-B062,B_control_base,w3,113.98852895908809,27.9817575323316,常绿阔叶林,,,,,,
M3B-B063,B_control_base,w3,110.31612624607904,24.133374855163567,落叶阔叶林,,,,,,
M3B-B064,B_control_base,w2,107.92786523171888,33.405336060203204,落叶阔叶林,,,,,,
M3B-B065,B_control_base,w2,108.05560566512068,33.79772017630661,落叶阔叶林,,,,,,
M3B-B066,B_control_base,w3,112.50657823487607,24.995218538747835,落叶阔叶林,,,,,,
M3B-B067,B_control_base,w2,106.60761125864845,33.72926855165671,落叶阔叶林,,,,,,
M3B-B068,B_control_base,w2,105.815297178055,33.49184382206392,落叶阔叶林,,,,,,
M3B-B069,B_control_base,w2,108.32159682074848,32.603320174541295,落叶阔叶林,,,,,,
M3B-B070,B_control_base,w2,105.65198345940208,33.554636060423874,落叶阔叶林,,,,,,
M3B-B071,B_control_base,w3,109.39903617252143,28.71693876085501,落叶阔叶林,,,,,,
M3B-B072,B_control_base,w3,112.85719069026794,24.89981745557434,落叶阔叶林,,,,,,
M3B-B073,B_control_base,w1,122.3487899822748,46.93638969031032,落叶阔叶林,,,,,,
M3B-B074,B_control_base,w2,106.33218779253738,32.713543459902766,落叶阔叶林,,,,,,
M3B-B075,B_control_base,w3,113.27005639484928,25.79507846772785,落叶阔叶林,,,,,,
M3B-B076,B_control_base,w2,106.6027603561142,33.754870537254114,落叶阔叶林,,,,,,
M3B-B077,B_control_base,w2,109.26860079326728,32.97333624007013,落叶阔叶林,,,,,,
M3B-B078,B_control_base,w3,108.44852877039456,28.17714110662759,落叶阔叶林,,,,,,
M3B-B079,B_control_base,w2,108.67921613535646,33.98717486972742,落叶阔叶林,,,,,,
M3B-B080,B_control_base,w2,108.8395654135718,31.86867793518835,落叶阔叶林,,,,,,
M3B-B081,B_control_base,w3,108.34558183883446,23.821030630875207,落叶阔叶林,,,,,,
M3B-B082,B_control_base,w2,108.87190476380007,32.97657017509296,落叶阔叶林,,,,,,
M3B-B083,B_control_base,w2,108.83875692981609,32.986002485576215,落叶阔叶林,,,,,,
M3B-B084,B_control_base,w2,107.04419248673052,32.332208621794024,常绿针叶林,,,,,,
M3B-B085,B_control_base,w2,107.21505205377004,32.03926800764265,常绿针叶林,,,,,,
M3B-B086,B_control_base,w3,111.52480946086186,27.03717901107992,常绿针叶林,,,,,,
M3B-B087,B_control_base,w3,110.51043184203412,26.07966474973692,常绿针叶林,,,,,,
M3B-B088,B_control_base,w3,113.75326018617716,28.413757352464675,常绿针叶林,,,,,,
M3B-B089,B_control_base,w3,109.21658833831675,27.68504399398692,常绿针叶林,,,,,,
M3B-B090,B_control_base,w3,108.0941433908094,24.248988032229747,常绿针叶林,,,,,,
M3B-B091,B_control_base,w3,112.11338563501698,28.219182261924384,常绿针叶林,,,,,,
M3B-B092,B_control_base,w3,110.94324014592289,27.929745077381074,常绿针叶林,,,,,,
M3B-B093,B_control_base,w3,112.79466794649322,27.15602612316893,常绿针叶林,,,,,,
M3B-B094,B_control_base,w3,110.24174574055397,25.77540536300564,常绿针叶林,,,,,,
M3B-B095,B_control_base,w3,113.12695477008904,27.64138587117871,常绿针叶林,,,,,,
M3B-B096,B_control_base,w3,108.3480072901016,23.79569813986304,常绿针叶林,,,,,,
M3B-B097,B_control_base,w1,123.52890677102262,44.27728661778813,常绿针叶林,,,,,,
M3B-B098,B_control_base,w3,110.5163607229093,26.521635869523724,常绿针叶林,,,,,,
M3B-B099,B_control_base,w3,108.3555531384882,23.838008789745068,常绿针叶林,,,,,,
M3B-B100,B_control_base,w2,105.77002208773538,33.47917757655783,常绿针叶林,,,,,,
M3B-B101,B_control_base,w1,126.05784395887588,43.1384025005814,常绿针叶林,,,,,,
M3B-B102,B_control_base,w3,110.71632570515428,25.89371348592418,常绿针叶林,,,,,,
M3B-B103,B_control_base,w3,113.8556681285668,25.444466012336008,常绿针叶林,,,,,,
M3B-B104,B_control_base,w3,110.29672263594207,25.927130814493427,常绿针叶林,,,,,,
M3B-B105,B_control_base,w1,122.3487899822748,46.9339642390432,落叶针叶林,,,,,,
M3B-B106,B_control_base,w1,126.32949450079364,43.350494739162016,落叶针叶林,,,,,,
M3B-B107,B_control_base,w1,122.35283240105336,46.93126929319085,落叶针叶林,,,,,,
M3B-B108,B_control_base,w1,126.11632428387207,43.05997957627776,落叶针叶林,,,,,,
M3B-B109,B_control_base,w1,124.54355388443562,46.27747542940865,落叶针叶林,,,,,,
M3B-B110,B_control_base,w1,126.26373782199607,44.17137524579044,落叶针叶林,,,,,,
M3B-B111,B_control_base,w1,122.33774070428014,46.92129799353712,落叶针叶林,,,,,,
M3B-B112,B_control_base,w1,126.37072717233472,43.71161748337806,落叶针叶林,,,,,,
M3B-B113,B_control_base,w4,106.4165395977162,39.25094310855417,草地,,,,,,
M3B-B114,B_control_base,w4,104.65135006442137,36.65409328522146,草地,,,,,,
M3B-B115,B_control_base,w1,123.06645406275788,46.141650158449785,草地,,,,,,
M3B-B116,B_control_base,w1,122.06959359197046,46.53403427455319,草地,,,,,,
M3B-B117,B_control_base,w4,106.40656829806248,36.63145574006165,草地,,,,,,
M3B-B118,B_control_base,w4,106.42354645693234,36.5303952705982,草地,,,,,,
M3B-B119,B_control_base,w4,101.48263273121816,36.01970303157625,草地,,,,,,
M3B-B120,B_control_base,w4,101.8874135982424,38.657246537279576,草地,,,,,,
M3B-B121,B_control_base,w4,106.15782479588978,38.86071494913265,草地,,,,,,
M3B-B122,B_control_base,w4,105.73364031872856,38.50794653705891,草地,,,,,,
M3B-B123,B_control_base,w4,101.40232334481786,37.29360393598614,草地,,,,,,
M3B-B124,B_control_base,w4,106.3939020525564,36.61959797831127,草地,,,,,,
M3B-B125,B_control_base,w4,101.40286233398834,37.97407776370668,草地,,,,,,
M3B-B126,B_control_base,w4,102.63768652353905,37.592203936427474,草地,,,,,,
M3B-B127,B_control_base,w4,103.28743796854268,36.21212216543465,草地,,,,,,
M3B-B128,B_control_base,w2,109.41897877182888,35.57315050384044,草地,,,,,,
M3B-B129,B_control_base,w2,106.6526168543828,35.62920537756949,草地,,,,,,
M3B-B130,B_control_base,w4,102.78051865371404,36.98233769003873,草地,,,,,,
M3B-B131,B_control_base,w1,122.42667391740795,46.49253210842687,草地,,,,,,
M3B-B132,B_control_base,w1,122.2067663358555,44.83972181717536,草地,,,,,,
M3B-B133,B_control_base,w4,102.16822695605816,37.27473931501964,草地,,,,,,
M3B-B134,B_control_base,w4,101.2980289403316,36.29297054100541,稀疏植被,,,,,,
M3B-B135,B_control_base,w4,106.85500728789496,38.082684081556735,稀疏植被,,,,,,
M3B-B136,B_control_base,w4,101.47589536658724,36.021050504502426,稀疏植被,,,,,,
M3B-B137,B_control_base,w4,106.45319086130829,40.90698733482851,稀疏植被,,,,,,
M3B-B138,B_control_base,w4,106.87575837095812,41.22364347248064,稀疏植被,,,,,,
M3B-B139,B_control_base,w4,103.552890135,39.92279310954716,稀疏植被,,,,,,
M3B-B140,B_control_base,w4,103.53213905193684,39.94084924675796,稀疏植被,,,,,,
M3B-B141,B_control_base,w4,101.02098850670912,39.17198119508007,稀疏植被,,,,,,
M3B-B142,B_control_base,w4,101.20613128676617,40.61647217194425,稀疏植被,,,,,,
M3B-B143,B_control_base,w4,103.44643977383184,37.73153263699441,稀疏植被,,,,,,
M3B-B144,B_control_base,w4,103.56259194006849,39.92791350666664,稀疏植被,,,,,,
M3B-B145,B_control_base,w4,103.25860204792244,38.55322162737853,稀疏植被,,,,,,
M3B-B146,B_control_base,w4,102.5059036713587,38.41227595930018,稀疏植被,,,,,,
M3B-B147,B_control_base,w4,106.43782966994983,40.900519464782846,稀疏植被,,,,,,
M3B-B148,B_control_base,w4,102.55279572918973,38.38856043579943,稀疏植被,,,,,,
M3B-B149,B_control_base,w4,102.52261233564332,40.673066034843785,稀疏植被,,,,,,
M3B-B150,B_control_base,w4,103.2297661273022,38.5273501471959,稀疏植被,,,,,,
M3B-B151,B_control_base,w4,106.39713598757922,37.807260615445685,稀疏植被,,,,,,
M3B-B152,B_control_base,w4,103.21683038721088,38.55537758406042,稀疏植被,,,,,,
M3B-B153,B_control_base,w4,101.17594789321974,40.65635737055917,稀疏植被,,,,,,
M3B-B154,B_control_base,w4,103.24054591071165,38.5701997862484,稀疏植被,,,,,,
M3B-B155,B_control_base,w3,111.2041109044312,28.012479915048484,草本沼泽,,,,,,
M3B-B156,B_control_base,w1,124.3298446783436,46.97223247014669,草本沼泽,,,,,,
M3B-B157,B_control_base,w3,110.1608973649832,25.50402431567313,草本沼泽,,,,,,
M3B-B158,B_control_base,w1,126.10500551129218,43.13597704931428,草本沼泽,,,,,,
M3B-B159,B_control_base,w3,112.00963021970117,25.514804099082564,草本沼泽,,,,,,
M3B-B160,B_control_base,w1,124.83757247692796,45.77891044672232,草本沼泽,,,,,,
M3B-B161,B_control_base,w3,112.23950910090736,27.69555428281112,草本沼泽,,,,,,
M3B-B162,B_control_base,w3,110.39374068662696,24.93242630038788,草本沼泽,,,,,,
M3B-B163,B_control_base,w1,125.92686959045128,45.56520124063029,草本沼泽,,,,,,
M3B-B164,B_control_base,w3,110.16817371878456,25.467103557495815,草本沼泽,,,,,,
M3B-B165,B_control_base,w1,124.04310243965264,46.27208553770394,草本沼泽,,,,,,
M3B-B166,B_control_base,w3,111.35421938840756,27.719000311726635,草本沼泽,,,,,,
M3B-B167,B_control_base,w1,122.3668461194856,45.30837290090052,草本沼泽,,,,,,
M3B-B168,B_control_base,w1,122.63553222096576,43.41490394503339,草本沼泽,,,,,,
M3B-B169,B_control_base,w3,112.22226144745228,28.85303352639912,草本沼泽,,,,,,
M3B-B170,B_control_base,w3,110.1819179426316,25.486237673047565,草本沼泽,,,,,,
M3B-B171,B_control_base,w1,124.92192428210676,44.00132416250661,草本沼泽,,,,,,
M3B-B172,B_control_base,w1,124.82409774766614,45.76274077160817,草本沼泽,,,,,,
M3B-B173,B_control_base,w1,125.13617247736929,45.54525864132283,草本沼泽,,,,,,
M3B-B174,B_control_base,w1,124.01264955152098,46.25618535717502,草本沼泽,,,,,,
M3B-B175,B_control_base,w3,112.53352769339968,27.796345257689325,草本沼泽,,,,,,
M3B-B176,B_control_base,w4,106.1993269620161,38.57990159131689,湖河滩地,,,,,,
M3B-B177,B_control_base,w4,103.82427118233252,38.66425339649571,湖河滩地,,,,,,
M3B-B178,B_control_base,w1,125.9511241031225,45.19114275632292,湖河滩地,,,,,,
M3B-B179,B_control_base,w1,125.9473511789292,45.19437669134575,湖河滩地,,,,,,
M3B-B180,B_control_base,w4,106.02792840580612,40.879768381719686,湖河滩地,,,,,,
M3B-B181,B_control_base,w4,105.17955945148364,37.65122325059413,湖河滩地,,,,,,
M3B-B182,B_control_base,w1,122.33720171510966,44.15736152735817,湖河滩地,,,,,,
M3B-B183,B_control_base,w1,124.81493493176812,45.77217308209143,湖河滩地,,,,,,
M3B-B184,B_control_base,w1,124.71872536483892,45.32400358684419,湖河滩地,,,,,,
M3B-B185,B_control_base,w1,126.41303782221676,44.133646003857415,湖河滩地,,,,,,
M3B-B186,B_control_base,w4,105.94169013853065,37.83959996567399,湖河滩地,,,,,,
M3B-B187,B_control_base,w3,111.35206343172568,24.904937852693823,湖河滩地,,,,,,
M3B-B188,B_control_base,w1,124.72734919156647,45.29678463373537,湖河滩地,,,,,,
M3B-B189,B_control_base,w3,112.21929700701467,28.867047244831383,湖河滩地,,,,,,
M3B-B190,B_control_base,w4,106.33569122214546,38.308251049399146,湖河滩地,,,,,,
M3B-B191,B_control_base,w2,108.4029841854897,34.206004472938936,湖河滩地,,,,,,
M3B-B192,B_control_base,w1,125.92498312835464,45.57113012150548,湖河滩地,,,,,,
M3B-B193,B_control_base,w3,112.23519718754358,28.90369850842346,湖河滩地,,,,,,
M3B-B194,B_control_base,w2,108.39948075588164,34.20735194586511,湖河滩地,,,,,,
M3B-B195,B_control_base,w4,106.33434374921929,38.29612379306353,湖河滩地,,,,,,
M3B-B196,B_control_base,w4,106.2955365289453,37.66523696902639,湖河滩地,,,,,,
M3B-B197,B_control_base,w3,108.9567955581494,23.161846875388303,不透水面,,,,,,
M3B-B198,B_control_base,w3,111.99561650126893,24.67020806895339,不透水面,,,,,,
M3B-B199,B_control_base,w3,113.07790675557612,26.06915446091272,不透水面,,,,,,
M3B-B200,B_control_base,w4,106.25726829784182,38.468869822199714,不透水面,,,,,,
M3B-B201,B_control_base,w3,110.98501180663445,26.067537493401307,不透水面,,,,,,
M3B-B202,B_control_base,w3,111.26905909947304,26.988130996566998,不透水面,,,,,,
M3B-B203,B_control_base,w2,108.72556920401702,34.40704743352489,不透水面,,,,,,
M3B-B204,B_control_base,w2,106.22654591512492,34.53128443731862,不透水面,,,,,,
M3B-B205,B_control_base,w3,111.0801433952227,26.92453027445133,不透水面,,,,,,
M3B-B206,B_control_base,w1,123.51435406341989,46.76364366117414,不透水面,,,,,,
M3B-B207,B_control_base,w3,111.40515386501714,24.58262232875174,不透水面,,,,,,
M3B-B208,B_control_base,w1,124.82436724225138,46.027653948895015,不透水面,,,,,,
M3B-B209,B_control_base,w1,126.15243655829369,43.06240502754489,不透水面,,,,,,
M3B-B210,B_control_base,w3,108.62100530494553,23.38687485406024,不透水面,,,,,,
M3B-B211,B_control_base,w1,124.19294142904376,45.84062470674133,不透水面,,,,,,
M3B-B212,B_control_base,w3,109.18451848267368,26.442673956049617,不透水面,,,,,,
M3B-B213,B_control_base,w1,124.83029612312656,46.0319658622588,不透水面,,,,,,
M3B-B214,B_control_base,w2,107.56270006872433,35.06730916735273,不透水面,,,,,,
M3B-B215,B_control_base,w1,124.43386958824463,43.649903223359054,不透水面,,,,,,
M3B-B216,B_control_base,w4,106.30038743147956,38.29208137428499,不透水面,,,,,,
M3B-B217,B_control_base,w3,110.79879104823648,24.17811095631272,不透水面,,,,,,
M3B-B218,B_control_base,w4,105.97268201583276,40.88300231674252,裸地,,,,,,
M3B-B219,B_control_base,w4,106.7089412226971,40.911029753607046,裸地,,,,,,
M3B-B220,B_control_base,w1,124.07005189817622,44.82409113123168,裸地,,,,,,
M3B-B221,B_control_base,w4,106.83479519400224,38.08295357614197,裸地,,,,,,
M3B-B222,B_control_base,w4,101.18376323619158,40.63291134164364,裸地,,,,,,
M3B-B223,B_control_base,w4,101.21718056476082,40.65150646802491,裸地,,,,,,
M3B-B224,B_control_base,w4,101.23631468031256,40.87680394128209,裸地,,,,,,
M3B-B225,B_control_base,,107.00808021230893,37.56336801580724,裸地,,,,,,
M3B-B226,B_control_base,w4,103.21063201175046,38.54864021942953,裸地,,,,,,
M3B-B227,B_control_base,w4,103.52351522520928,40.08448986068868,裸地,,,,,,
M3B-B228,B_control_base,w4,103.51623887140792,39.92791350666664,裸地,,,,,,
M3B-B229,B_control_base,w4,101.90466125169748,40.43213787564293,裸地,,,,,,
M3B-B230,B_control_base,w4,106.30955024737756,39.37356314483648,裸地,,,,,,
M3B-B231,B_control_base,w4,106.3715340019818,39.46869473342474,裸地,,,,,,
M3B-B232,B_control_base,w4,106.42058201649476,40.90644834565804,裸地,,,,,,
M3B-B233,B_control_base,w4,106.43028382156324,40.91507217238559,裸地,,,,,,
M3B-B234,B_control_base,w4,102.18251016907568,39.84140574480593,裸地,,,,,,
M3B-B235,B_control_base,w4,105.15826937925,37.67871169828818,裸地,,,,,,
M3B-B236,B_control_base,w4,105.55415692496146,36.984493646720615,裸地,,,,,,
M3B-B237,B_control_base,w4,106.7216074682032,38.57154725917457,裸地,,,,,,
M3B-B238,B_control_base,w4,106.01580114947048,40.88973968137341,裸地,,,,,,
M3B-B239,B_control_base,w1,126.42489558396711,44.14442578726685,水体,,,,,,
M3B-B240,B_control_base,w3,112.4472894261242,24.70551185961929,水体,,,,,,
M3B-B241,B_control_base,w4,105.94249862228634,37.83609653606592,水体,,,,,,
M3B-B242,B_control_base,w3,112.80571722448788,23.172626658797736,水体,,,,,,
M3B-B243,B_control_base,w3,112.86150260363172,26.37179688013259,水体,,,,,,
M3B-B244,B_control_base,w3,113.20160477019937,28.69187576442808,水体,,,,,,
M3B-B245,B_control_base,w3,112.27454339698802,28.77488009668072,水体,,,,,,
M3B-B246,B_control_base,w3,109.75530801420324,23.460446875829632,水体,,,,,,
M3B-B247,B_control_base,w3,108.8328280489409,23.21924922204354,水体,,,,,,
M3B-B248,B_control_base,w3,112.8216174050168,26.390392006513864,水体,,,,,,
M3B-B249,B_control_base,w3,113.475411268799,24.9273059032684,水体,,,,,,
M3B-B250,B_control_base,w2,107.59989032148684,33.51421187263849,水体,,,,,,
M3B-B251,B_control_base,w4,105.96944808080993,37.8479542978163,水体,,,,,,
M3B-B252,B_control_base,w3,113.41423599795046,28.779192010044493,水体,,,,,,
M3B-B253,B_control_base,w2,106.77200295564232,31.78567360293571,水体,,,,,,
M3B-B254,B_control_base,w3,112.44701993153896,24.66158424222584,水体,,,,,,
M3B-B255,B_control_base,,112.59578094258916,22.993143265030657,水体,,,,,,
M3B-B256,B_control_base,w3,112.28316722371557,28.783234428823032,水体,,,,,,
M3B-B257,B_control_base,w3,111.17069357586196,28.00439507749141,水体,,,,,,
M3B-B258,B_control_base,w3,113.22262534784775,26.0705019338389,水体,,,,,,
M3B-B259,B_control_base,w4,106.18639122192478,38.61331891988613,水体,,,,,,
M3B-B260,B_control_base,w4,101.48182424746244,37.72614274528969,永久冰雪,,,,,,
M3B-B261,B_control_base,w4,101.50068886842897,37.73584455035819,永久冰雪,,,,,,
M3B-B262,B_control_base,w4,101.47212244239395,37.73018516406823,永久冰雪,,,,,,
