point_id,sheet,Q1,Q2,note,Q1_是否灌丛(是/否/无法判读),Q2_若否主要地物(24类名)
M3B-A006,sheet_00,否,草地,置信中；山坡草被+散生小灌，无高大乔木冠,否,草地
M3B-A016,sheet_00,否,耕地,置信低；村舍下方坡地梯田/草被，低置信,否,耕地
M3B-A017,sheet_00,是,,置信低；雪线沟谷旁低矮灌丛，左为密林,是,
M3B-A021,sheet_00,否,耕地,置信高；清晰梯田/水田带田埂,否,耕地
M3B-A022,sheet_00,是,,置信中；灌草镶嵌、低矮密集成片,是,
M3B-A023,sheet_00,否,乔灌园地,置信中；等高条带茶果园/梯田，中心近生产路,否,乔灌园地
M3B-A035,sheet_00,否,城镇不透水面,置信高；厂房蓝屋顶+堆场,否,城镇不透水面
M3B-A036,sheet_00,否,常绿阔叶林,置信中；深色密冠层，冠形清楚,否,常绿阔叶林
M3B-A045,sheet_00,否,草地,置信低；水土流失坡地稀疏植被+裸斑,否,草地
M3B-A047,sheet_01,否,常绿阔叶林,置信高；密林冠层+林区路,否,常绿阔叶林
M3B-A055,sheet_01,否,草地,置信低；河谷绿坡，灌草难分,否,草地
M3B-A057,sheet_01,否,耕地,置信低；大片翻耕旱地+田块纹理,否,耕地
M3B-A067,sheet_01,否,草地,置信低；灌草丛，木本不占优,否,草地
M3B-A069,sheet_01,是,,置信低；旱区斑块状灌丛，覆盖约四成,是,
M3B-A075,sheet_01,否,常绿阔叶林,置信低；S2回看：绿被为主；GEDI高度9.8m·偏乔木,否,常绿阔叶林
M3B-A081,sheet_01,否,乡村不透水面,置信中；密林中山路/清伐带，中心在裸面带,否,乡村不透水面
M3B-A102,sheet_01,否,乔灌园地,置信中；等高梯田茶/果园条带,否,乔灌园地
M3B-A103,sheet_01,否,耕地,置信中；村边农田+菜地，中心近房舍,否,耕地
M3B-A107,sheet_02,是,,置信低；低矮密集绿被紧邻针叶林,是,
M3B-A115,sheet_02,是,,置信低；冠层单元细小（1–3m），疑灌丛/幼林,是,
M3B-A124,sheet_02,是,,置信低；林缘低矮绿被,是,
M3B-A134,sheet_02,否,耕地,置信高；水田+田埂，旁有曲流,否,耕地
M3B-A144,sheet_02,否,草地,置信低；山地草坡+散生灌，红顶房舍,否,草地
M3B-A150,sheet_02,是,,置信低；绿被见明显小暗斑（灌丛团）,是,
M3B-A154,sheet_02,否,耕地,置信中；等高梯田（部分裸/休耕）,否,耕地
M3B-A158,sheet_02,否,耕地,置信低；坡地梯田与绿坡交界,否,耕地
M3B-A163,sheet_02,否,草地,置信中；高原平缓草地，散点灌,否,草地
M3B-A164,sheet_03,否,乔灌园地,置信高；排列成行的果园/经济林,否,乔灌园地
M3B-A167,sheet_03,否,乔灌园地,置信中；等高行栽（茶/果）条带,否,乔灌园地
M3B-A173,sheet_03,否,耕地,置信中；坡地梯田+林斑，中心在梯田,否,耕地
M3B-A178,sheet_03,否,乔灌园地,置信中；网格状人工林/果园,否,乔灌园地
M3B-A188,sheet_03,否,常绿阔叶林,置信中；S2假彩深红=密植被；GEDI 15.8m·树覆盖85%,否,常绿阔叶林
M3B-A189,sheet_03,是,,置信低；林缘低矮绿被，团块清晰,是,
M3B-A194,sheet_03,是,,置信低；绿团覆于草/裸基质，覆盖约四成,是,
M3B-A196,sheet_03,是,,置信低；灌草坡斑块状,是,
M3B-A199,sheet_03,否,常绿阔叶林,置信低；水田与林缘交界，中心偏林侧,否,常绿阔叶林
M3B-A206,sheet_04,是,,置信低；细密丛团紧邻梯田，疑密灌/幼林,是,
M3B-A211,sheet_04,否,耕地,置信低；村落园地/菜地,否,耕地
M3B-A217,sheet_04,否,裸地,置信中；火烧/清伐棕地+绿被边缘,否,裸地
M3B-A218,sheet_04,是,,置信低；均匀密被+细碎团斑（灌草难分）,是,
M3B-A223,sheet_04,否,草地,置信低；柔韧斑驳草被，无木本团块,否,草地
M3B-A233,sheet_04,否,耕地,置信高；密集梯田（部分裸露）,否,耕地
M3B-A246,sheet_04,否,耕地,置信高；大片等高梯田，翻耕裸土,否,耕地
M3B-A254,sheet_04,否,水体,置信中；水库+出露沙洲，中心在水/洲界,否,水体
M3B-A263,sheet_04,是,,置信低；宅基地旁灌草丛，团块可见,是,
M3B-A278,sheet_05,否,耕地,置信高；梯田+房舍，部分剥裸,否,耕地
M3B-A282,sheet_05,否,草地,置信低；湿草甸状柔斑草被,否,草地
M3B-A283,sheet_05,否,常绿针叶林,置信低；细冠密被成片（人工林状）,否,常绿针叶林
M3B-A289,sheet_05,否,常绿针叶林,置信中；针叶深冠与阔/灌斑交错,否,常绿针叶林
M3B-A303,sheet_05,否,稀疏植被,置信中；沙砾地+散点灌，覆盖<20%,否,稀疏植被
M3B-A306,sheet_05,否,草地,置信中；河谷草甸+盐霜/暗湿斑,否,草地
M3B-A307,sheet_05,否,草地,置信中；荒漠草原+散生绿团,否,草地
M3B-A308,sheet_05,否,稀疏植被,置信低；点状灌覆盖约两成，灌化草场,否,稀疏植被
M3B-A309,sheet_05,否,常绿阔叶林,置信低；黄土坡阴坡绿被斑，中心在绿被,否,常绿阔叶林
M3B-A311,sheet_06,否,裸地,置信高；沙丘，中心在沙面,否,裸地
M3B-A312,sheet_06,否,耕地,置信高；大块翻耕旱地,否,耕地
M3B-A313,sheet_06,否,稀疏植被,置信低；荒漠+极稀灌点,否,稀疏植被
M3B-A314,sheet_06,否,裸地,置信中；滩地/侵蚀裸面+零散结构,否,裸地
M3B-A315,sheet_06,否,裸地,置信低；沙地+稀灌斑,否,裸地
M3B-A316,sheet_06,否,裸地,置信中；沙丘（左）+岩坡（右）,否,裸地
M3B-A317,sheet_06,否,稀疏植被,置信低；沙化坡地稀灌约两成,否,稀疏植被
M3B-A320,sheet_06,是,,置信中；沙地基质+密集灌丛团（覆盖约四五成）,是,
M3B-A322,sheet_06,否,裸地,置信中；沙丘，中心带绿膜（结皮/极稀疏）,否,裸地
M3B-A323,sheet_07,否,稀疏植被,置信低；荒漠稀疏灌，覆盖约一成,否,稀疏植被
M3B-A324,sheet_07,否,稀疏植被,置信低；荒漠灌丛化坡地，覆盖约两三成,否,稀疏植被
M3B-A326,sheet_07,否,湖河滩地,置信中；干河床沙砾滩,否,湖河滩地
M3B-A332,sheet_07,否,冰雪,置信中；雪山+针叶林斑，中心在雪面,否,冰雪
M3B-A333,sheet_07,否,稀疏植被,置信低；重阴影山坡，绿点稀疏,否,稀疏植被
M3B-A335,sheet_07,否,湖河滩地,置信中；辫状河道+滩地绿被,否,湖河滩地
M3B-A337,sheet_07,否,草地,置信低；斑驳草被+绿灌斑,否,草地
M3B-A338,sheet_07,否,裸地,置信低；红层侵蚀地，边缘绿被,否,裸地
M3B-A340,sheet_07,否,裸地,置信低；人工设施(疑光伏)+沙地，中心在沙面,否,裸地
M3B-A341,sheet_08,是,,置信低；等高灌木带/间作绿带，带间裸土,是,
M3B-A343,sheet_08,否,稀疏植被,置信低；荒漠草原+云影,否,稀疏植被
M3B-A345,sheet_08,否,稀疏植被,置信中；沙地散生灌，覆盖约两成,否,稀疏植被
M3B-A346,sheet_08,否,水体,置信低；浅水/沼泽暗蓝被,否,水体
M3B-A347,sheet_08,否,草本沼泽,置信低；霜雪/白斑覆草甸沼泽,否,草本沼泽
M3B-A350,sheet_08,否,耕地,置信中；水田/灌溉田+渠路,否,耕地
M3B-A355,sheet_08,否,稀疏植被,置信低；沙地牧场散灌+牧道,否,稀疏植被
M3B-A356,sheet_08,否,裸地,置信中；山地裸岩/浅色坡+红河,否,裸地
M3B-A358,sheet_08,否,裸地,置信中；侵蚀沟壑裸坡,否,裸地
M3B-A360,sheet_09,是,,置信低；沙区等高灌木带+斑块灌,是,
M3B-A361,sheet_09,否,裸地,置信低；干涸湖床/盐渍滩,否,裸地
M3B-A362,sheet_09,否,裸地,置信中；沙丘+稀灌点,否,裸地
M3B-A363,sheet_09,否,耕地,置信高；条播农田+行道绿带,否,耕地
M3B-A368,sheet_09,否,耕地,置信中；大块平整农田（裸/稀作）,否,耕地
M3B-A369,sheet_09,否,常绿阔叶林,置信低；深色密被+雪/白斑,否,常绿阔叶林
M3B-A370,sheet_09,否,裸地,置信中；冲积扇裸面+放射沟,否,裸地
M3B-A372,sheet_09,否,稀疏植被,置信低；盐化龟裂地+散灌,否,稀疏植被
M3B-A373,sheet_09,否,耕地,置信高；渠道旁农田（含条播）,否,耕地
M3B-A374,sheet_10,否,草地,置信低；暗橄榄湿草/沼泽化,否,草地
M3B-A375,sheet_10,否,耕地,置信高；收割后裸田+渠路,否,耕地
M3B-A376,sheet_10,是,,置信中；沙地基质+密集灌丛团（覆盖约四五成）,是,
M3B-A378,sheet_10,否,裸地,置信低；戈壁/沙地极稀疏,否,裸地
M3B-A380,sheet_10,否,稀疏植被,置信低；风蚀沙地+极稀被,否,稀疏植被
M3B-A386,sheet_10,否,裸地,置信中；岩石深切割裸地,否,裸地
M3B-A389,sheet_10,否,草地,置信中；荒漠草原/牧地+土路,否,草地
M3B-A390,sheet_10,否,耕地,置信高；连片温室大棚区,否,耕地
M3B-A391,sheet_10,否,草本沼泽,置信低；暗色湿地被（含水膜）,否,草本沼泽
M3B-A392,sheet_11,否,湖河滩地,置信低；废弃方格塘/滩地+林,否,湖河滩地
M3B-A394,sheet_11,否,冰雪,置信低；雪线与密林交界,否,冰雪
M3B-A395,sheet_11,否,草地,置信中；风电场草原，中心近塔影,否,草地
M3B-A396,sheet_11,否,裸地,置信低；弧形沙丘+暗色地,否,裸地
M3B-A397,sheet_11,否,耕地,置信低；大块裸耕地，旁为园/林,否,耕地
M3B-A402,sheet_11,否,裸地,置信低；斑纹（龟裂）地+散灌,否,裸地
M3B-A403,sheet_11,否,裸地,置信中；沙丘（间有灌丛）,否,裸地
M3B-A404,sheet_11,是,,置信低；沙丘间灌丛斑（中心在灌丛斑内）,是,
M3B-A405,sheet_11,否,稀疏植被,置信低；侵蚀纹地+极稀被,否,稀疏植被
M3B-A407,sheet_12,否,裸地,置信中；盐碱/龟裂斑纹地,否,裸地
M3B-A409,sheet_12,否,乔灌园地,置信中；成行栽植（果园/治沙林）,否,乔灌园地
M3B-A411,sheet_12,否,耕地,置信低；梯田+林斑农林交错,否,耕地
M3B-A413,sheet_12,否,耕地,置信低；大片裸露梯田/平整地,否,耕地
M3B-A414,sheet_12,否,乔灌园地,置信中；等高行栽（茶/果）于林地间,否,乔灌园地
M3B-A416,sheet_12,否,草地,置信低；山坡灌草+盘山土路,否,草地
M3B-A417,sheet_12,否,湖河滩地,置信中；浊水泥滩/辫流,否,湖河滩地
M3B-A419,sheet_12,否,乡村不透水面,置信低；山路弯道（中心近路面）,否,乡村不透水面
M3B-A426,sheet_12,是,,置信低；深色灌被团块+白斑,是,
M3B-A428,sheet_13,否,耕地,置信中；村旁水田/菜地,否,耕地
M3B-A429,sheet_13,否,水体,置信低；村塘水边（旁有房舍）,否,水体
M3B-A432,sheet_13,否,耕地,置信高；宽幅梯田（裸/收割后）,否,耕地
M3B-A433,sheet_13,否,草地,置信低；灌草坡斑驳,否,草地
M3B-A436,sheet_13,是,,置信低；团块状密灌/疏林,是,
M3B-A437,sheet_13,否,草地,置信低；荒漠草原极稀被,否,草地
M3B-A438,sheet_13,否,耕地,置信中；等高条带田（沙/黄土坡）,否,耕地
M3B-A439,sheet_13,否,耕地,置信中；黄土梯田（部分裸）,否,耕地
M3B-A443,sheet_13,否,稀疏植被,置信低；明暗交界（阳坡稀被/阴坡阴影）,否,稀疏植被
M3B-A445,sheet_14,否,稀疏植被,置信低；戈壁斑纹+极稀被,否,稀疏植被
M3B-A447,sheet_14,否,常绿阔叶林,置信低；暗色密被+裸斑,否,常绿阔叶林
M3B-A449,sheet_14,否,耕地,置信中；黄土梯田（部分裸）,否,耕地
M3B-A450,sheet_14,否,常绿阔叶林,置信低；河谷旁暗色密被（带梯纹）,否,常绿阔叶林
M3B-A453,sheet_14,否,耕地,置信中；紫褐裸田+绿带（梯田）,否,耕地
M3B-A454,sheet_14,否,城镇不透水面,置信中；大棚/厂房群+高速，中心在建筑与田交界,否,城镇不透水面
M3B-A456,sheet_14,否,草地,置信低；丘陵草被+梯田纹,否,草地
M3B-A457,sheet_14,否,裸地,置信中；采矿/开挖环形台地,否,裸地
M3B-A460,sheet_14,否,乔灌园地,置信低；坡地散植经济林/点状栽植,否,乔灌园地
M3B-A462,sheet_15,否,乔灌园地,置信低；梯田果园/经济林行栽,否,乔灌园地
M3B-A469,sheet_15,否,常绿阔叶林,置信低；密林+红壤梯坎,否,常绿阔叶林
M3B-A472,sheet_15,否,水体,置信低；浑浊水面/泥滩,否,水体
M3B-A477,sheet_15,否,水体,置信低；村塘（中心在塘缘）,否,水体
M3B-A478,sheet_15,否,草地,置信低；灌草坡斑驳+小径,否,草地
M3B-A487,sheet_15,否,耕地,置信中；梯田+房舍,否,耕地
M3B-A488,sheet_15,否,草地,置信中；草原+牧道,否,草地
M3B-A492,sheet_15,否,草地,置信低；灌草坡（含红壤冲沟）,否,草地
M3B-A493,sheet_15,否,裸地,置信中；强侵蚀沟壑/齿状地形,否,裸地
M3B-A495,sheet_16,否,稀疏植被,置信低；侵蚀坡稀被,否,稀疏植被
M3B-A501,sheet_16,否,耕地,置信低；坡地裸斑+绿被+房舍,否,耕地
M3B-A502,sheet_16,否,常绿阔叶林,置信低；深绿密被（旁为草坡）,否,常绿阔叶林
M3B-A510,sheet_16,否,水体,置信中；水库水面（坝顶有设施）,否,水体
M3B-A512,sheet_16,否,冰雪,置信低；雪山暗坡+雪斑,否,冰雪
M3B-A515,sheet_16,否,湖河滩地,置信中；辫状河道+沙洲,否,湖河滩地
M3B-A517,sheet_16,否,耕地,置信中；大田+场院,否,耕地
M3B-A518,sheet_16,否,耕地,置信低；条播/新植行栽田,否,耕地
M3B-A522,sheet_16,否,耕地,置信中；大田（收获/暗膜田交界）,否,耕地
M3B-A530,sheet_17,是,,置信低；散生灌/树团覆盖约三至四成,是,
M3B-A531,sheet_17,否,草地,置信低；绿被+分岔土路,否,草地
M3B-A533,sheet_17,否,耕地,置信中；密植作物大田+渠路,否,耕地
M3B-A534,sheet_17,否,常绿阔叶林,置信低；密林与疏林交界,否,常绿阔叶林
M3B-A537,sheet_17,否,耕地,置信中；行栽大田/园地（等高）,否,耕地
M3B-A539,sheet_17,否,耕地,置信中；暗色条播/行栽田,否,耕地
M3B-A541,sheet_17,否,海岸盐沼,置信低；滨海泥滩+碱蓬红被,否,海岸盐沼
M3B-A544,sheet_17,否,常绿阔叶林,置信低；深绿密被+白斑（雪/花）,否,常绿阔叶林
M3B-A549,sheet_17,否,耕地,置信中；梯田/大田+水塘,否,耕地
M3B-A559,sheet_18,否,耕地,置信中；农田+防护林带,否,耕地
M3B-A562,sheet_18,否,耕地,置信低；S2回看：浅色裸面+道路/场院，无灌丛特征；GEDI 1.5m,否,耕地
M3B-A563,sheet_18,否,裸地,置信低；侵蚀/泥流坡+道路,否,裸地
M3B-A570,sheet_18,否,常绿阔叶林,置信低；密林旁采伐/火烧迹地,否,常绿阔叶林
M3B-A584,sheet_18,否,常绿阔叶林,置信低；林内直线净空带（跑道/防火道）,否,常绿阔叶林
M3B-A588,sheet_18,否,草地,置信低；灌草镶嵌（团块约四成）,否,草地
M3B-A592,sheet_18,否,耕地,置信中；大块条播田/轮作草田,否,耕地
M3B-A594,sheet_18,否,耕地,置信高；等高垄作/行栽大面积,否,耕地
M3B-B003,sheet_18,否,耕地,置信中；村旁梯田+林斑,否,耕地
M3B-B004,sheet_19,否,裸地,置信中；红壤裸露坡（旁有塘/房/田）,否,裸地
M3B-B011,sheet_19,否,耕地,置信高；大田条播+行道树,否,耕地
M3B-B021,sheet_19,否,耕地,置信中；菜地/大棚区+路,否,耕地
M3B-B026,sheet_19,否,耕地,置信中；田块镶嵌+水面,否,耕地
M3B-B036,sheet_19,否,耕地,置信低；村旁园地/梯田+塘,否,耕地
M3B-B039,sheet_19,否,耕地,置信中；水田/旱地镶嵌+渠,否,耕地
M3B-B053,sheet_19,否,耕地,置信中；连片水田/大田,否,耕地
M3B-B054,sheet_19,否,常绿阔叶林,置信低；疏林草坡+小径,否,常绿阔叶林
M3B-B059,sheet_19,否,常绿阔叶林,置信低；密林与草坡交界,否,常绿阔叶林
M3B-B073,sheet_20,否,常绿阔叶林,置信低；深色密被+白斑点（雪/花）,否,常绿阔叶林
M3B-B074,sheet_20,否,草地,置信中；山坡草被+盘山路，下接密林,否,草地
M3B-B076,sheet_20,否,草地,置信低；斑驳草被/休耕地,否,草地
M3B-B077,sheet_20,否,常绿阔叶林,置信低；深浅两色植被带（暗部疑林）,否,常绿阔叶林
M3B-B083,sheet_20,否,草地,置信低；灌草坡，旁有路/河,否,草地
M3B-B086,sheet_20,否,常绿阔叶林,置信中；阔叶林密冠,否,常绿阔叶林
M3B-B089,sheet_20,否,常绿阔叶林,置信低；密林旁放牧裸坡,否,常绿阔叶林
M3B-B091,sheet_20,否,草地,置信低；灌草+大块裸斑,否,草地
M3B-B096,sheet_20,否,常绿阔叶林,置信低；暗坡密被,否,常绿阔叶林
M3B-B097,sheet_21,否,常绿阔叶林,置信低；林缘（旁为条播田/村）,否,常绿阔叶林
M3B-B105,sheet_21,否,草地,置信低；高寒草甸/沼泽化斑驳,否,草地
M3B-B108,sheet_21,否,草地,置信低；灌草镶嵌（软团块）,否,草地
M3B-B110,sheet_21,否,常绿阔叶林,置信低；坡上密被+梯带,否,常绿阔叶林
M3B-B121,sheet_21,否,稀疏植被,置信低；石质坡+散生灌,否,稀疏植被
M3B-B123,sheet_21,否,草地,置信中；均质草场/牧场,否,草地
M3B-B128,sheet_21,否,常绿阔叶林,置信低；林与裸坡交界,否,常绿阔叶林
M3B-B132,sheet_21,否,乔灌园地,置信中；梯田行栽林/经济林,否,乔灌园地
M3B-B133,sheet_21,否,草地,置信低；草坡与密灌交界（偏密被）,否,草地
M3B-B139,sheet_22,否,裸地,置信中；侵蚀沟壑+干河,否,裸地
M3B-B152,sheet_22,否,稀疏植被,置信低；沙地散生灌/树,否,稀疏植被
M3B-B155,sheet_22,否,水体,置信高；大水面,否,水体
M3B-B172,sheet_22,否,草本沼泽,置信低；枯黄季湿地/冰斑,否,草本沼泽
M3B-B173,sheet_22,否,耕地,置信中；大田/养殖区+塘,否,耕地
M3B-B174,sheet_22,否,水体,置信中；含浮水植被水面,否,水体
M3B-B237,sheet_22,否,稀疏植被,置信中；沙丘+灌丛斑,否,稀疏植被
M3B-B241,sheet_22,否,水体,置信中；养殖塘（中心在塘面/埂）,否,水体
M3B-B259,sheet_22,否,盐渍湿地,置信低；盐湖/盐田白面,否,盐渍湿地
M3B-B260,sheet_23,否,冰雪,置信低；白面（雪/盐/沙不明）+灌丛斑,否,冰雪
M3B-B261,sheet_23,否,冰雪,置信中；雪山+植被/岩斑,否,冰雪
M3B-B262,sheet_23,否,冰雪,置信低；雪原+河谷林带,否,冰雪
