point_id,arm,lon,lat,教师类(v31),Q1_是否有湿地证据(是/否/无法判读),Q2_主要地物(24类名),Q3_证据(影像/日期),判读员,复核员,备注
M3C-000,C_band130,131.28554483904523,46.89313580937997,草本旱地,,,,,,
M3C-001,C_band130,131.00006024175207,45.66891174018188,草本旱地,,,,,,
M3C-002,C_band130,132.7621955030809,46.84013520761692,草本旱地,,,,,,
M3C-003,C_band130,130.40986710008553,45.34318261816014,草本旱地,,,,,,
M3C-004,C_band130,130.1096501321328,45.99994092237993,草本旱地,,,,,,
M3C-005,C_band130,130.01119477699328,44.628482978114654,草本旱地,,,,,,
M3C-006,C_band130,130.42262317712002,43.11015048489584,草本旱地,,,,,,
M3C-007,C_band130,131.1408262467736,45.42798358098103,草本旱地,,,,,,
M3C-008,C_band130,130.64001547587696,46.59579345033641,草本旱地,,,,,,
M3C-009,C_band130,130.6575326239173,44.83752094472926,草本旱地,,,,,,
M3C-010,C_band130,130.15384724411146,42.99444747630125,草本旱地,,,,,,
M3C-011,C_band130,131.10381565706786,46.31336312500923,草本旱地,,,,,,
M3C-012,C_band130,130.75014892971,47.71374682142315,草本旱地,,,,,,
M3C-013,C_band130,133.44114219481844,47.93697816952685,草本旱地,,,,,,
M3C-014,C_band130,131.00320434524647,45.28622942914697,草本旱地,,,,,,
M3C-015,C_band130,131.50284730627376,46.38504868468197,草本旱地,,,,,,
M3C-016,C_band130,130.09006685893897,47.2789622239093,草本旱地,,,,,,
M3C-017,C_band130,130.88561487455522,43.691270642192755,草本旱地,,,,,,
M3C-018,C_band130,130.4563100002745,47.320464390035625,草本旱地,,,,,,
M3C-019,C_band130,133.73102853700382,46.78417016541627,草本旱地,,,,,,
M3C-020,C_band130,130.45514219040516,48.766302839826,灌溉耕地,,,,,,
M3C-021,C_band130,130.6350747418143,46.62813280056471,灌溉耕地,,,,,,
M3C-022,C_band130,130.15088280367388,42.90865836666783,灌溉耕地,,,,,,
M3C-023,C_band130,132.2013772712051,47.442365774090646,灌溉耕地,,,,,,
M3C-024,C_band130,130.2931759446784,45.130910716522706,灌溉耕地,,,,,,
M3C-025,C_band130,130.22912606492068,42.90982617653719,灌溉耕地,,,,,,
M3C-026,C_band130,132.29794616424795,47.440658975050816,灌溉耕地,,,,,,
M3C-027,C_band130,131.75042299857708,46.4266406823367,灌溉耕地,,,,,,
M3C-028,C_band130,130.28670807463274,44.67151228022398,灌溉耕地,,,,,,
M3C-029,C_band130,130.39513472942596,44.8197343021037,灌溉耕地,,,,,,
M3C-030,C_band130,130.67352263597462,46.221645134500626,灌溉耕地,,,,,,
M3C-031,C_band130,130.60336421228487,47.25812130931773,灌溉耕地,,,,,,
M3C-032,C_band130,130.80368852064353,46.09165891288853,灌溉耕地,,,,,,
M3C-033,C_band130,132.1757752856077,45.533535626865074,灌溉耕地,,,,,,
M3C-034,C_band130,134.47411494002748,48.205664271007,灌溉耕地,,,,,,
M3C-035,C_band130,130.4863137307641,48.85290043321512,灌溉耕地,,,,,,
M3C-036,C_band130,130.1268977855879,47.340766315456726,灌溉耕地,,,,,,
M3C-037,C_band130,130.10695518628043,46.304379972168036,灌溉耕地,,,,,,
M3C-038,C_band130,131.75078232469073,45.239067876730694,灌溉耕地,,,,,,
M3C-039,C_band130,130.81285133654154,47.44029964893717,灌溉耕地,,,,,,
M3C-040,C_band130,130.6516037430421,43.8095787651113,落叶阔叶林,,,,,,
M3C-041,C_band130,130.84447203454255,43.17384103853991,落叶阔叶林,,,,,,
M3C-042,C_band130,130.41004676314236,45.117525818789325,落叶阔叶林,,,,,,
M3C-043,C_band130,130.04982233421043,43.22252972693919,落叶阔叶林,,,,,,
M3C-044,C_band130,131.1852928533375,45.87085301605195,落叶阔叶林,,,,,,
M3C-045,C_band130,130.38264814697672,44.30086739399626,落叶阔叶林,,,,,,
M3C-046,C_band130,133.94195296571507,47.12382317434186,落叶阔叶林,,,,,,
M3C-047,C_band130,131.03410639102017,46.62705482222377,落叶阔叶林,,,,,,
M3C-048,C_band130,133.07364141208515,46.55258448517026,落叶阔叶林,,,,,,
M3C-049,C_band130,133.64514959584199,47.384873595906996,落叶阔叶林,,,,,,
M3C-050,C_band130,131.03257925503718,43.10853351738442,落叶阔叶林,,,,,,
M3C-051,C_band130,131.06141517565743,43.59479158067832,落叶阔叶林,,,,,,
M3C-052,C_band130,130.82515825593399,43.269062458656585,落叶阔叶林,,,,,,
M3C-053,C_band130,130.93115945946008,46.49679910602644,落叶阔叶林,,,,,,
M3C-054,C_band130,130.35668683526566,47.34974946829792,落叶阔叶林,,,,,,
M3C-055,C_band130,131.22742384016271,46.44173237910991,落叶阔叶林,,,,,,
M3C-056,C_band130,132.13481210865183,46.32028015269695,落叶阔叶林,,,,,,
M3C-057,C_band130,133.00006939031576,47.91910169537287,落叶阔叶林,,,,,,
M3C-058,C_band130,130.3376425512423,43.36670933004037,落叶阔叶林,,,,,,
M3C-059,C_band130,131.44373816057868,45.13549212447171,落叶阔叶林,,,,,,
M3C-060,C_band130,130.71574345432822,46.70574724111263,常绿针叶林,,,,,,
M3C-061,C_band130,131.95685585086775,46.50335680760051,常绿针叶林,,,,,,
M3C-062,C_band130,130.89100476625995,44.685525998656246,常绿针叶林,,,,,,
M3C-063,C_band130,130.30988460896302,47.64547485983007,常绿针叶林,,,,,,
M3C-064,C_band130,130.3960330447101,48.09103924075335,常绿针叶林,,,,,,
M3C-065,C_band130,130.5365295551464,43.55077413175646,常绿针叶林,,,,,,
M3C-066,C_band130,131.0447065113728,43.427615106303676,常绿针叶林,,,,,,
M3C-067,C_band130,130.7620965229888,43.14114236219796,常绿针叶林,,,,,,
M3C-068,C_band130,130.65546649876381,43.147430569186795,常绿针叶林,,,,,,
M3C-069,C_band130,130.8591145736737,44.94648658869296,常绿针叶林,,,,,,
M3C-070,C_band130,131.29758226385243,47.60010993798203,常绿针叶林,,,,,,
M3C-071,C_band130,130.12492149196282,43.63162250732722,常绿针叶林,,,,,,
M3C-072,C_band130,132.49665350509517,46.09695897306484,常绿针叶林,,,,,,
M3C-073,C_band130,131.6318453810733,46.568215171113934,常绿针叶林,,,,,,
M3C-074,C_band130,130.4847865947811,48.38173406669443,常绿针叶林,,,,,,
M3C-075,C_band130,133.6654515212631,45.99122726412397,常绿针叶林,,,,,,
M3C-076,C_band130,130.34527823115735,45.50478953777325,常绿针叶林,,,,,,
M3C-077,C_band130,130.03769507787482,47.213385208168575,常绿针叶林,,,,,,
M3C-078,C_band130,130.0398510345567,44.406060113766664,常绿针叶林,,,,,,
M3C-079,C_band130,130.80593430885384,43.41719464900789,常绿针叶林,,,,,,
M3C-080,C_band130,131.00006024175207,43.39904868026868,落叶针叶林,,,,,,
M3C-081,C_band130,133.3522089816906,46.3935826798811,落叶针叶林,,,,,,
M3C-082,C_band130,133.2470162619202,47.41811126141942,落叶针叶林,,,,,,
M3C-083,C_band130,131.26919550087428,44.99966685351284,落叶针叶林,,,,,,
M3C-084,C_band130,130.3644123467091,44.89285716623103,落叶针叶林,,,,,,
M3C-085,C_band130,131.26919550087428,47.41056541303281,落叶针叶林,,,,,,
M3C-086,C_band130,134.40476500009345,48.250310540627744,落叶针叶林,,,,,,
M3C-087,C_band130,130.06446487334156,44.390070101709334,落叶针叶林,,,,,,
M3C-088,C_band130,131.20352865360513,46.35881787838568,落叶针叶林,,,,,,
M3C-089,C_band130,134.64838810514667,48.401047845303,落叶针叶林,,,,,,
M3C-090,C_band130,130.58818268398326,44.417019560232916,落叶针叶林,,,,,,
M3C-091,C_band130,130.54120079462382,44.987359934120406,落叶针叶林,,,,,,
M3C-092,C_band130,130.96834971222265,45.095067936686334,落叶针叶林,,,,,,
M3C-093,C_band130,130.3682751024308,47.625442428994205,落叶针叶林,,,,,,
M3C-094,C_band130,131.00006024175207,45.41127491669641,落叶针叶林,,,,,,
M3C-095,C_band130,130.32201186529863,45.76341450807126,落叶针叶林,,,,,,
M3C-096,C_band130,130.71906722087948,45.50434038013119,落叶针叶林,,,,,,
M3C-097,C_band130,130.40151276794322,44.29969958412691,落叶针叶林,,,,,,
M3C-098,C_band130,130.09815169649605,46.524377385248904,落叶针叶林,,,,,,
M3C-099,C_band130,130.3307255235546,45.66046757651116,落叶针叶林,,,,,,
M3C-100,C_band130,131.6256470056129,45.62076204095308,针阔混交林,,,,,,
M3C-101,C_band130,131.68565446659207,45.657772630658805,针阔混交林,,,,,,
M3C-102,C_band130,132.95497396305296,46.786685448211806,针阔混交林,,,,,,
M3C-103,C_band130,130.58944032538102,47.79297822948249,针阔混交林,,,,,,
M3C-104,C_band130,130.15977612498665,45.89241258287082,针阔混交林,,,,,,
M3C-105,C_band130,130.05539188897197,47.58016733867458,针阔混交林,,,,,,
M3C-106,C_band130,130.24260079418247,44.355035805628674,针阔混交林,,,,,,
M3C-107,C_band130,130.15214044507164,48.69668340530673,针阔混交林,,,,,,
M3C-108,C_band130,131.49116920758019,46.261171007001884,针阔混交林,,,,,,
M3C-109,C_band130,130.1789102405384,45.52554062083641,针阔混交林,,,,,,
M3C-110,C_band130,131.1761300374395,43.82709591315163,针阔混交林,,,,,,
M3C-111,C_band130,130.26568749698436,43.44603056962813,针阔混交林,,,,,,
M3C-112,C_band130,133.60715085932372,46.900142668596104,针阔混交林,,,,,,
M3C-113,C_band130,130.11099760505897,43.3661703408699,针阔混交林,,,,,,
M3C-114,C_band130,130.36342419989654,45.85836643360269,针阔混交林,,,,,,
M3C-115,C_band130,130.4096874370287,43.301761134998536,针阔混交林,,,,,,
M3C-116,C_band130,130.49978846002588,42.966959028607185,针阔混交林,,,,,,
M3C-117,C_band130,134.5179527258925,48.34580145532965,针阔混交林,,,,,,
M3C-118,C_band130,130.6560054879343,45.033802834309384,针阔混交林,,,,,,
M3C-119,C_band130,130.17190338132227,45.75335337688912,针阔混交林,,,,,,
M3C-120,C_band130,130.92855434513615,45.9741592737257,落叶灌丛,,,,,,
M3C-121,C_band130,134.19177444622872,47.67188532918318,落叶灌丛,,,,,,
M3C-122,C_band130,133.10059087060873,45.761707709031434,落叶灌丛,,,,,,
M3C-123,C_band130,131.21098467046332,45.68319495319938,落叶灌丛,,,,,,
M3C-124,C_band130,133.18808677928197,46.179693810732246,落叶灌丛,,,,,,
M3C-125,C_band130,130.67145651082114,48.18626066087002,落叶灌丛,,,,,,
M3C-126,C_band130,131.09707829243698,46.42178977980245,落叶灌丛,,,,,,
M3C-127,C_band130,131.51272877439908,47.57262149028797,落叶灌丛,,,,,,
M3C-128,C_band130,130.98020747397302,46.00910373827794,落叶灌丛,,,,,,
M3C-129,C_band130,130.00876932572618,45.9531386960773,落叶灌丛,,,,,,
M3C-130,C_band130,134.28088732241338,47.56857907150943,落叶灌丛,,,,,,
M3C-131,C_band130,134.5268460472053,47.492132440830865,落叶灌丛,,,,,,
M3C-132,C_band130,130.222658194875,43.15533574368705,落叶灌丛,,,,,,
M3C-133,C_band130,130.29730819498536,47.015755845662284,落叶灌丛,,,,,,
M3C-134,C_band130,130.07111240644406,45.1218377321531,落叶灌丛,,,,,,
M3C-135,C_band130,130.03616794189182,47.15625235609858,落叶灌丛,,,,,,
M3C-136,C_band130,131.75239929220214,46.0357837022163,落叶灌丛,,,,,,
M3C-137,C_band130,130.4817323228151,48.39008839883674,落叶灌丛,,,,,,
M3C-138,C_band130,133.5159718579856,47.508571610530254,落叶灌丛,,,,,,
M3C-139,C_band130,130.44858448883107,47.87400626811007,落叶灌丛,,,,,,
M3C-140,C_band130,130.21924459679536,48.4258413471447,草地,,,,,,
M3C-141,C_band130,131.00006024175207,44.615637069551745,草地,,,,,,
M3C-142,C_band130,130.0098473040671,48.85173262334576,草地,,,,,,
M3C-143,C_band130,131.04290988080456,43.70205042560219,草地,,,,,,
M3C-144,C_band130,130.00275061332258,47.32585428174034,草地,,,,,,
M3C-145,C_band130,130.36045975945896,48.626075823974936,草地,,,,,,
M3C-146,C_band130,130.09878051719494,47.80438683359081,草地,,,,,,
M3C-147,C_band130,130.11620783370685,47.92170680969682,草地,,,,,,
M3C-148,C_band130,131.00006024175207,44.25783809188694,草地,,,,,,
M3C-149,C_band130,131.21790169815105,44.97199874276196,草地,,,,,,
M3C-150,C_band130,134.13239580594842,48.12553454766354,草地,,,,,,
M3C-151,C_band130,130.57452829166465,42.63646883557961,草地,,,,,,
M3C-152,C_band130,130.4352894226261,47.94641048001011,草地,,,,,,
M3C-153,C_band130,130.1509726352023,47.3999652926802,草地,,,,,,
M3C-154,C_band130,130.5230548258846,48.564271732427514,草地,,,,,,
M3C-155,C_band130,130.57830121585795,47.752733704753936,草地,,,,,,
M3C-156,C_band130,130.3474341878392,47.8794859913432,草地,,,,,,
M3C-157,C_band130,130.1412708301338,47.79576300686326,草地,,,,,,
M3C-158,C_band130,130.353273237186,47.83600753159182,草地,,,,,,
M3C-159,C_band130,130.97508707685353,44.372642785197414,草地,,,,,,
M3C-160,C_band130,133.9263222797714,48.04612347654737,木本沼泽,,,,,,
M3C-161,C_band130,134.66833070445412,47.62077118951678,木本沼泽,,,,,,
M3C-162,C_band130,130.493051095395,48.23135608813282,木本沼泽,,,,,,
M3C-163,C_band130,132.03941102547833,46.451434184178396,木本沼泽,,,,,,
M3C-164,C_band130,133.16661704399152,46.85477774674806,木本沼泽,,,,,,
M3C-165,C_band130,133.9585717984713,47.726772393042886,木本沼泽,,,,,,
M3C-166,C_band130,132.0256668016313,46.52949778236839,木本沼泽,,,,,,
M3C-167,C_band130,131.22311192679894,43.75900361461537,木本沼泽,,,,,,
M3C-168,C_band130,131.70802251716665,46.153463004435956,木本沼泽,,,,,,
M3C-169,C_band130,132.7666870795015,46.18454471326649,木本沼泽,,,,,,
M3C-170,C_band130,131.58701944839575,45.19693688990549,木本沼泽,,,,,,
M3C-171,C_band130,132.01093443097176,46.058780573489756,木本沼泽,,,,,,
M3C-172,C_band130,130.58593689577296,48.30007720736796,木本沼泽,,,,,,
M3C-173,C_band130,130.83836349061053,48.30169417487938,木本沼泽,,,,,,
M3C-174,C_band130,134.57544490407616,48.106310600583384,木本沼泽,,,,,,
M3C-175,C_band130,130.73487756987998,48.33448268274974,木本沼泽,,,,,,
M3C-176,C_band130,134.13733654001106,47.10127546071046,木本沼泽,,,,,,
M3C-177,C_band130,133.46216277246685,47.91577792882163,木本沼泽,,,,,,
M3C-178,C_band130,130.31949658250312,46.496978769083256,木本沼泽,,,,,,
M3C-179,C_band130,133.13149291638246,45.12758694997146,木本沼泽,,,,,,
M3C-180,C_band130,130.49736300875878,48.60307895270148,草本沼泽,,,,,,
M3C-181,C_band130,130.41956890515402,47.558877266440945,草本沼泽,,,,,,
M3C-182,C_band130,133.14658461315565,46.03245993566505,草本沼泽,,,,,,
M3C-183,C_band130,132.24746084528041,46.331239599163204,草本沼泽,,,,,,
M3C-184,C_band130,132.3314533243456,45.49329110213652,草本沼泽,,,,,,
M3C-185,C_band130,130.83980079506514,47.508571610530254,草本沼泽,,,,,,
M3C-186,C_band130,130.56841974773263,45.35243526558658,草本沼泽,,,,,,
M3C-187,C_band130,131.26560223973777,46.04341938213131,草本沼泽,,,,,,
M3C-188,C_band130,133.6325731818643,45.970835507174456,草本沼泽,,,,,,
M3C-189,C_band130,132.96162149615543,47.87373677352484,草本沼泽,,,,,,
M3C-190,C_band130,132.86262715184546,47.92440175554918,草本沼泽,,,,,,
M3C-191,C_band130,133.51031247169564,45.886124375881984,草本沼泽,,,,,,
M3C-192,C_band130,130.89145392390202,44.280655300103575,草本沼泽,,,,,,
M3C-193,C_band130,130.50688515077044,45.27859374923195,草本沼泽,,,,,,
M3C-194,C_band130,131.09420368352778,45.79593352135638,草本沼泽,,,,,,
M3C-195,C_band130,132.62628040059363,45.986825519231786,草本沼泽,,,,,,
M3C-196,C_band130,133.67784827218395,46.350373714714955,草本沼泽,,,,,,
M3C-197,C_band130,130.85192805140076,47.90742359667932,草本沼泽,,,,,,
M3C-198,C_band130,134.57472625184886,48.350921852449126,草本沼泽,,,,,,
M3C-199,C_band130,132.68278443196473,46.60881902195614,草本沼泽,,,,,,
M3C-200,C_band130,132.87664087027773,45.6104314151857,湖河滩地,,,,,,
M3C-201,C_band130,130.49215278011087,45.69029164394393,湖河滩地,,,,,,
M3C-202,C_band130,132.3884963448872,46.42843731290494,湖河滩地,,,,,,
M3C-203,C_band130,132.7966009784627,46.765664870563405,湖河滩地,,,,,,
M3C-204,C_band130,131.2790769689996,45.28039037980019,湖河滩地,,,,,,
M3C-205,C_band130,132.19508906421626,46.63424134449672,湖河滩地,,,,,,
M3C-206,C_band130,131.62897077216414,45.17941974186516,湖河滩地,,,,,,
M3C-207,C_band130,130.608843935518,48.765763850655524,湖河滩地,,,,,,
M3C-208,C_band130,130.7665880994094,47.99599748369351,湖河滩地,,,,,,
M3C-209,C_band130,130.32668310477607,48.54100536656882,湖河滩地,,,,,,
M3C-210,C_band130,133.18368503438978,46.14160524268558,湖河滩地,,,,,,
M3C-211,C_band130,130.6440578946555,47.547917819974685,湖河滩地,,,,,,
M3C-212,C_band130,130.03437131132358,47.80977672529553,湖河滩地,,,,,,
M3C-213,C_band130,134.30047059560718,48.2191390002688,湖河滩地,,,,,,
M3C-214,C_band130,132.33980765648792,47.617267759908714,湖河滩地,,,,,,
M3C-215,C_band130,130.7944358732171,46.348217758033066,湖河滩地,,,,,,
M3C-216,C_band130,131.71997011044544,47.704763668581954,湖河滩地,,,,,,
M3C-217,C_band130,132.79031277147385,46.11708123542911,湖河滩地,,,,,,
M3C-218,C_band130,132.68494038864662,46.19954657851129,湖河滩地,,,,,,
M3C-219,C_band130,132.4532648768722,46.451703678763636,湖河滩地,,,,,,
M3C-220,C_band130,130.35435121552695,42.79457232558465,不透水面,,,,,,
M3C-221,C_band130,134.40871758734357,48.354964271227665,不透水面,,,,,,
M3C-222,C_band130,130.5883623470401,47.0970533788751,不透水面,,,,,,
M3C-223,C_band130,133.8488875022803,46.87256438937363,不透水面,,,,,,
M3C-224,C_band130,130.4652033215873,47.28740638758003,不透水面,,,,,,
M3C-225,C_band130,130.02646613682333,46.898974858726746,不透水面,,,,,,
M3C-226,C_band130,130.61126938678512,45.20609970580351,不透水面,,,,,,
M3C-227,C_band130,130.3000031408377,47.09759236804557,不透水面,,,,,,
M3C-228,C_band130,130.88552504302683,45.19334362876901,不透水面,,,,,,
M3C-229,C_band130,131.3821137320881,45.38711023555359,不透水面,,,,,,
M3C-230,C_band130,133.08262456492633,46.208978888994544,不透水面,,,,,,
M3C-231,C_band130,130.8861538637257,45.79997594013492,不透水面,,,,,,
M3C-232,C_band130,130.259938279166,47.07998538847683,不透水面,,,,,,
M3C-233,C_band130,131.95919147060647,46.716796519107305,不透水面,,,,,,
M3C-234,C_band130,131.2038879797188,46.99302846897406,不透水面,,,,,,
M3C-235,C_band130,130.66238352645152,46.69694375132826,不透水面,,,,,,
M3C-236,C_band130,130.6013879186598,45.82423045280615,不透水面,,,,,,
M3C-237,C_band130,133.4295539276533,46.086718178825876,不透水面,,,,,,
M3C-238,C_band130,132.18062618814193,46.576838997841485,不透水面,,,,,,
M3C-239,C_band130,130.25086529479637,44.23142762253383,不透水面,,,,,,
M3C-240,C_band130,131.89657889530335,45.37552196838845,水体,,,,,,
M3C-241,C_band130,131.55018852174686,47.251383944686836,水体,,,,,,
M3C-242,C_band130,131.4038529619638,46.79872287301901,水体,,,,,,
M3C-243,C_band130,131.98605109760163,45.4383142067484,水体,,,,,,
M3C-244,C_band130,130.23505494579587,45.3450690802568,水体,,,,,,
M3C-245,C_band130,131.96395254161231,45.563808851939896,水体,,,,,,
M3C-246,C_band130,132.84277438406644,47.80600380110223,水体,,,,,,
M3C-247,C_band130,132.31070224128243,45.185887611910815,水体,,,,,,
M3C-248,C_band130,132.43628671800235,45.843274736829486,水体,,,,,,
M3C-249,C_band130,131.2611106633172,47.203952897685326,水体,,,,,,
M3C-250,C_band130,130.92576956775537,47.204402055327385,水体,,,,,,
M3C-251,C_band130,133.98749755061993,48.301065354180494,水体,,,,,,
M3C-252,C_band130,131.99970548992027,47.33088484733141,水体,,,,,,
M3C-253,C_band130,132.77944315653602,45.310394110289785,水体,,,,,,
M3C-254,C_band130,130.8425855724459,46.164602113959035,水体,,,,,,
M3C-255,C_band130,134.60041806897468,48.287949951032346,水体,,,,,,
M3C-256,C_band130,130.95110205876753,45.4375057229927,水体,,,,,,
M3C-257,C_band130,131.26012251650465,46.68059441315729,水体,,,,,,
M3C-258,C_band130,130.54003298475445,48.259832682639406,水体,,,,,,
M3C-259,C_band130,134.28816367621474,48.12858881962955,水体,,,,,,
M3D-000,D_control_base,130.395359308247,43.118998890444416,草本旱地,,,,,,
M3D-001,D_control_base,133.11051725449826,46.02361153011648,草本旱地,,,,,,
M3D-002,D_control_base,133.65624378960086,45.98749925569487,草本旱地,,,,,,
M3D-003,D_control_base,133.95699974672408,48.03242416846455,草本旱地,,,,,,
M3D-004,D_control_base,131.41701328087615,45.39218571690887,草本旱地,,,,,,
M3D-005,D_control_base,130.3463112937341,48.55120124504358,草本旱地,,,,,,
M3D-006,D_control_base,129.99623782751272,48.84333337543925,草本旱地,,,,,,
M3D-007,D_control_base,131.69513169283954,45.680275428526,草本旱地,,,,,,
M3D-008,D_control_base,130.38754396527517,48.62207832096061,草本旱地,,,,,,
M3D-009,D_control_base,130.53819143842202,45.00896441670348,草本旱地,,,,,,
M3D-010,D_control_base,134.6320836827399,48.28898301360909,草本旱地,,,,,,
M3D-011,D_control_base,133.50344035977213,45.90934582597647,草本旱地,,,,,,
M3D-012,D_control_base,133.17411797661393,46.84557001508584,草本旱地,,,,,,
M3D-013,D_control_base,131.38009252269882,45.41131983246061,草本旱地,,,,,,
M3D-014,D_control_base,132.44702158564758,46.449412974789134,草本旱地,,,,,,
M3D-015,D_control_base,131.99211472576943,45.568704670238354,灌溉耕地,,,,,,
M3D-016,D_control_base,134.26799649808626,47.56970196561458,灌溉耕地,,,,,,
M3D-017,D_control_base,132.19181021342922,46.65988824585833,灌溉耕地,,,,,,
M3D-018,D_control_base,130.87532916455206,43.71296495630425,灌溉耕地,,,,,,
M3D-019,D_control_base,131.27094721567832,46.021455573434594,灌溉耕地,,,,,,
M3D-020,D_control_base,130.34334685329648,42.78509509933719,灌溉耕地,,,,,,
M3D-021,D_control_base,130.33849595076225,42.80665466615606,灌溉耕地,,,,,,
M3D-022,D_control_base,132.36240028588352,46.42947037548168,灌溉耕地,,,,,,
M3D-023,D_control_base,131.25423855139368,45.285465861155465,灌溉耕地,,,,,,
M3D-024,D_control_base,132.85422790393895,45.59807958002906,灌溉耕地,,,,,,
M3D-025,D_control_base,132.2090578668843,46.56691261395196,灌溉耕地,,,,,,
M3D-026,D_control_base,134.28605263529707,47.56727651434746,灌溉耕地,,,,,,
M3D-027,D_control_base,130.35816905548447,42.807732644497,灌溉耕地,,,,,,
M3D-028,D_control_base,134.31354108299112,48.233736623635735,灌溉耕地,,,,,,
M3D-029,D_control_base,132.17186761412177,46.65530683790933,灌溉耕地,,,,,,
M3D-030,D_control_base,130.7117459513139,48.34800232777574,落叶阔叶林,,,,,,
M3D-031,D_control_base,130.2622289831405,44.365411347160254,落叶阔叶林,,,,,,
M3D-032,D_control_base,132.32709649521763,45.48462235964477,落叶阔叶林,,,,,,
M3D-033,D_control_base,131.04052934530165,43.681164595246415,落叶阔叶林,,,,,,
M3D-034,D_control_base,130.07142681679352,44.41499835084365,落叶阔叶林,,,,,,
M3D-035,D_control_base,130.37784216020668,45.11514528328641,落叶阔叶林,,,,,,
M3D-036,D_control_base,130.54223385720056,48.54096045080461,落叶阔叶林,,,,,,
M3D-037,D_control_base,130.05525714167936,47.78880106341134,落叶阔叶林,,,,,,
M3D-038,D_control_base,130.16116851367704,48.71343698535557,落叶阔叶林,,,,,,
M3D-039,D_control_base,132.8544973985242,47.90845665925606,落叶阔叶林,,,,,,
M3D-040,D_control_base,132.89087916753104,47.91438554013125,落叶阔叶林,,,,,,
M3D-041,D_control_base,130.86616634865405,44.94536369458782,落叶阔叶林,,,,,,
M3D-042,D_control_base,131.00226111419815,45.99181116905865,落叶阔叶林,,,,,,
M3D-043,D_control_base,132.79251364391996,46.12790593460276,落叶阔叶林,,,,,,
M3D-044,D_control_base,132.94289162248157,47.8734223631754,落叶阔叶林,,,,,,
M3D-045,D_control_base,130.79421129439606,43.26641242856843,常绿针叶林,,,,,,
M3D-046,D_control_base,130.89823620429712,43.68439853026924,常绿针叶林,,,,,,
M3D-047,D_control_base,131.16449685451013,45.42802849674524,常绿针叶林,,,,,,
M3D-048,D_control_base,130.98339649323165,44.63625340532229,常绿针叶林,,,,,,
M3D-049,D_control_base,130.84487627642042,46.1508129743478,常绿针叶林,,,,,,
M3D-050,D_control_base,130.99687122249344,45.68997723359449,常绿针叶林,,,,,,
M3D-051,D_control_base,131.22701959828487,45.69806207115156,常绿针叶林,,,,,,
M3D-052,D_control_base,131.0205867459942,45.41293679997203,常绿针叶林,,,,,,
M3D-053,D_control_base,131.64231075413332,45.61829167392175,常绿针叶林,,,,,,
M3D-054,D_control_base,130.82250822584584,47.91788896973932,常绿针叶林,,,,,,
M3D-055,D_control_base,131.02409017560225,43.44562632775028,常绿针叶林,,,,,,
M3D-056,D_control_base,131.03136652940364,45.28896929076353,常绿针叶林,,,,,,
M3D-057,D_control_base,131.90318151264162,45.3811364389142,常绿针叶林,,,,,,
M3D-058,D_control_base,130.6605419801191,46.590358642867486,常绿针叶林,,,,,,
M3D-059,D_control_base,130.69342031951786,46.69222759608664,常绿针叶林,,,,,,
M3D-060,D_control_base,131.11140642121867,46.435668750942106,落叶针叶林,,,,,,
M3D-061,D_control_base,130.46273295455595,48.36363301371942,落叶针叶林,,,,,,
M3D-062,D_control_base,130.6327840378398,43.15699762696267,落叶针叶林,,,,,,
M3D-063,D_control_base,130.39104739488323,43.30144672464909,落叶针叶林,,,,,,
M3D-064,D_control_base,130.7378869260818,46.68468174770003,落叶针叶林,,,,,,
M3D-065,D_control_base,130.37999811688857,48.09764185809163,落叶针叶林,,,,,,
M3D-066,D_control_base,130.40209667287792,48.0733873454204,落叶针叶林,,,,,,
M3D-067,D_control_base,132.5200546182465,46.075623985067,落叶针叶林,,,,,,
M3D-068,D_control_base,131.21031093400023,46.37826640428687,落叶针叶林,,,,,,
M3D-069,D_control_base,130.15604811655757,45.53286189040198,落叶针叶林,,,,,,
M3D-070,D_control_base,130.3756862035248,44.28537145534521,落叶针叶林,,,,,,
M3D-071,D_control_base,131.43156598847887,45.14802362268518,落叶针叶林,,,,,,
M3D-072,D_control_base,131.21920425531303,45.68000593394076,落叶针叶林,,,,,,
M3D-073,D_control_base,130.92491616823546,44.68637939817616,落叶针叶林,,,,,,
M3D-074,D_control_base,130.97450317191883,45.68216189062265,落叶针叶林,,,,,,
M3D-075,D_control_base,130.13125461471586,47.39399149604081,草地,,,,,,
M3D-076,D_control_base,131.73339992394304,47.68288969141365,木本沼泽,,,,,,
M3D-077,D_control_base,132.80302393274414,47.8028147818436,木本沼泽,,,,,,
M3D-078,D_control_base,133.5427865692166,45.89182867793615,木本沼泽,,,,,,
M3D-079,D_control_base,133.4956250168003,45.88185737828242,木本沼泽,,,,,,
M3D-080,D_control_base,133.5174540782044,45.88859474291331,木本沼泽,,,,,,
M3D-081,D_control_base,133.50748277855067,45.88401333496431,木本沼泽,,,,,,
M3D-082,D_control_base,133.18166382500053,46.85015142303485,木本沼泽,,,,,,
M3D-083,D_control_base,130.4818670701077,48.835518032467405,木本沼泽,,,,,,
M3D-084,D_control_base,132.4365112968234,45.84520611469034,木本沼泽,,,,,,
M3D-085,D_control_base,134.6350481231775,47.61201261549662,木本沼泽,,,,,,
M3D-086,D_control_base,133.49805046806742,45.87916243243006,木本沼泽,,,,,,
M3D-087,D_control_base,133.68777465607346,45.99585358783718,木本沼泽,,,,,,
M3D-088,D_control_base,133.66432862715794,45.96001080800082,木本沼泽,,,,,,
M3D-089,D_control_base,133.68831364524394,46.01067579002516,木本沼泽,,,,,,
M3D-090,D_control_base,133.17357898744345,46.84961243386438,木本沼泽,,,,,,
M3D-091,D_control_base,132.32062862517196,47.63357218231548,草本沼泽,,,,,,
M3D-092,D_control_base,133.16549414988637,46.84745647718249,草本沼泽,,,,,,
M3D-093,D_control_base,134.653912744144,48.39058247224301,草本沼泽,,,,,,
M3D-094,D_control_base,134.616183502211,48.30164925911517,草本沼泽,,,,,,
M3D-095,D_control_base,132.94855100877152,46.76660810161174,草本沼泽,,,,,,
M3D-096,D_control_base,133.48780967382845,45.87215557321393,草本沼泽,,,,,,
M3D-097,D_control_base,134.64663639034265,48.37629925922551,草本沼泽,,,,,,
M3D-098,D_control_base,131.97837050192243,45.57678950779543,草本沼泽,,,,,,
M3D-099,D_control_base,132.79925100855084,46.76903355287886,草本沼泽,,,,,,
M3D-100,D_control_base,134.53371815912882,48.36632795957178,草本沼泽,,,,,,
M3D-101,D_control_base,132.80086797606225,46.77199799331645,草本沼泽,,,,,,
M3D-102,D_control_base,134.67924523515617,47.64435196572492,草本沼泽,,,,,,
M3D-103,D_control_base,130.91063295521798,47.197799437989104,草本沼泽,,,,,,
M3D-104,D_control_base,131.5779015482619,45.20030557222093,草本沼泽,,,,,,
M3D-105,D_control_base,131.2844219449401,47.18378571955684,草本沼泽,,,,,,
M3D-106,D_control_base,131.26016743226887,47.206153770131415,湖河滩地,,,,,,
M3D-107,D_control_base,130.4748602108916,48.87001333937759,湖河滩地,,,,,,
M3D-108,D_control_base,134.4132540795284,48.37791622673692,湖河滩地,,,,,,
M3D-109,D_control_base,131.52292465287383,47.2436135174792,湖河滩地,,,,,,
M3D-110,D_control_base,131.69944360620332,47.70337127989157,湖河滩地,,,,,,
M3D-111,D_control_base,131.2453452300809,47.18890611667632,湖河滩地,,,,,,
M3D-112,D_control_base,131.23672140335336,47.20345882427906,湖河滩地,,,,,,
M3D-113,D_control_base,134.40786418782366,48.3498887898724,不透水面,,,,,,
M3D-114,D_control_base,130.8844919804501,47.90225828379563,不透水面,,,,,,
M3D-115,D_control_base,131.39680118698345,46.78277777672589,不透水面,,,,,,
M3D-116,D_control_base,130.97342519357792,45.30190503085485,不透水面,,,,,,
M3D-117,D_control_base,132.01340479800308,46.459653769028094,不透水面,,,,,,
M3D-118,D_control_base,131.07637212513802,45.77837145755185,不透水面,,,,,,
M3D-119,D_control_base,131.98376039362714,45.58595232369345,不透水面,,,,,,
M3D-120,D_control_base,132.0314609352139,46.474745465801305,不透水面,,,,,,
M3D-121,D_control_base,131.14967465232218,45.40404347865925,不透水面,,,,,,
M3D-122,D_control_base,132.477204979194,46.431087342993095,不透水面,,,,,,
M3D-123,D_control_base,131.28388295576963,45.303791492951504,不透水面,,,,,,
M3D-124,D_control_base,132.49175768679677,46.07023409336228,不透水面,,,,,,
M3D-125,D_control_base,130.8710172511883,45.20407849641424,不透水面,,,,,,
M3D-126,D_control_base,130.0396264557357,45.96917362389883,不透水面,,,,,,
M3D-127,D_control_base,130.4966892722957,48.85249619133727,不透水面,,,,,,
M3D-128,D_control_base,134.01952249049882,48.29625936741046,水体,,,,,,
M3D-129,D_control_base,134.5221298919637,48.3469243494348,水体,,,,,,
M3D-130,D_control_base,132.45052501525564,45.82337705328624,水体,,,,,,
M3D-131,D_control_base,131.2550470351494,47.18324673038637,水体,,,,,,
M3D-132,D_control_base,134.63909054195605,48.40594366360145,水体,,,,,,
M3D-133,D_control_base,130.5982887309296,48.75844258108995,水体,,,,,,
M3D-134,D_control_base,134.57063891730613,48.12917272456423,水体,,,,,,
M3D-135,D_control_base,132.33625931111564,45.20596495851089,水体,,,,,,
M3D-136,D_control_base,131.27957104240585,47.20022488925623,水体,,,,,,
M3D-137,D_control_base,130.8297845796472,48.30542218330847,水体,,,,,,
M3D-138,D_control_base,133.09892898733312,46.22465449070243,水体,,,,,,
M3D-139,D_control_base,132.2780484807047,47.43091225421812,水体,,,,,,
M3D-140,D_control_base,134.52994523493552,48.34665485484956,水体,,,,,,
M3D-141,D_control_base,132.17483205455935,46.6491084624489,水体,,,,,,
M3D-142,D_control_base,132.0233760976568,47.323922903879485,水体,,,,,,
