point_id,lon,lat,grp,map_class,source
M3A-w2-0422,105.523449,35.958683,A,,"M3-A(region=w2,wc=30)"
M3A-w2-0427,106.477191,35.364986,A,,"M3-A(region=w2,wc=30)"
M3A-w2-0430,106.382329,35.867054,A,,"M3-A(region=w2,wc=30)"
M3A-w2-0438,106.287467,35.651998,A,,"M3-A(region=w2,wc=30)"
M3A-w2-0440,106.295012,35.930655,A,,"M3-A(region=w2,wc=30)"
M3A-w2-0441,106.032525,35.701046,A,,"M3-A(region=w2,wc=30)"
M3A-w2-0442,105.756832,35.92796,A,,"M3-A(region=w2,wc=30)"
M3A-w2-0446,106.096125,35.602411,A,,"M3-A(region=w2,wc=30)"
M3A-w2-0448,105.930386,35.801028,A,,"M3-A(region=w2,wc=30)"
M3A-w2-0456,105.953293,35.715598,A,,"M3-A(region=w2,wc=40)"
M3A-w2-0458,106.021475,35.65065,A,,"M3-A(region=w2,wc=40)"
M3A-w2-0461,106.572861,35.981859,A,,"M3-A(region=w2,wc=40)"
M3A-w2-0465,105.945208,35.999915,A,,"M3-A(region=w2,wc=40)"
M3A-w2-0483,106.586336,35.887805,A,,"M3-A(region=w2,wc=40)"
M3A-w2-0489,105.630978,35.851154,A,,"M3-A(region=w2,wc=40)"
M3A-w2-0497,105.914486,35.88538,A,,"M3-A(region=w2,wc=40)"
M3A-w2-0512,105.744165,35.967576,A,,"M3-A(region=w2,wc=50)"
M3A-w2-0551,106.788727,35.75198,A,,"M3-A(region=w2,wc=30)"
M3A-w2-0568,105.916642,35.927152,A,,"M3-A(region=w2,wc=30)"
M3A-w2-0577,105.783512,35.895351,A,,"M3-A(region=w2,wc=30)"
M3A-w2-0580,105.638793,35.985093,A,,"M3-A(region=w2,wc=30)"
M3A-w2-0581,106.302828,35.694578,A,,"M3-A(region=w2,wc=30)"
M3A-w2-0594,105.983207,35.792943,A,,"M3-A(region=w2,wc=40)"
M3A-w2-0603,106.074835,35.706705,A,,"M3-A(region=w2,wc=40)"
M3A-w2-0612,106.486354,35.916911,A,,"M3-A(region=w2,wc=50)"
M3A-w2-0613,106.267524,35.964342,A,,"M3-A(region=w2,wc=50)"
M3A-w2-0621,105.834716,35.915563,A,,"M3-A(region=w2,wc=50)"
M3A-w2-0630,105.980512,35.765455,A,,"M3-A(region=w2,wc=50)"
M3A-w2-0644,105.903437,35.772192,A,,"M3-A(region=w2,wc=60)"
M3A-w2-0645,106.201498,36.097742,A,,"M3-A(region=w2,wc=60)"
M3A-w2-0648,105.935237,35.823127,A,,"M3-A(region=w2,wc=60)"
M3A-w2-0649,105.568994,35.904245,A,,"M3-A(region=w2,wc=60)"
M3A-w2-0650,105.72584,35.760334,A,,"M3-A(region=w2,wc=60)"
M3A-w2-0655,105.833099,35.764377,A,,"M3-A(region=w2,wc=60)"
M3A-w2-0666,106.321962,35.564412,A,,"M3-A(region=w2,wc=60)"
M3A-w2-0680,105.742279,35.882955,A,,"M3-A(region=w2,wc=60)"
M3A-w2-0697,105.787554,35.963264,A,,"M3-A(region=w2,wc=80)"
M3A-w4-1119,104.715774,37.430931,A,,"M3-A(region=w4,wc=20)"
M3A-w4-1131,106.96309,37.382692,A,,"M3-A(region=w4,wc=30)"
M3A-w4-1132,105.727187,36.132776,A,,"M3-A(region=w4,wc=30)"
M3A-w4-1137,106.401463,36.353762,A,,"M3-A(region=w4,wc=30)"
M3A-w4-1139,106.528664,38.121646,A,,"M3-A(region=w4,wc=30)"
M3A-w4-1141,105.933351,36.691708,A,,"M3-A(region=w4,wc=30)"
M3A-w4-1142,106.404427,36.791421,A,,"M3-A(region=w4,wc=30)"
M3A-w4-1147,106.189371,36.715423,A,,"M3-A(region=w4,wc=30)"
M3A-w4-1150,106.415207,36.228716,A,,"M3-A(region=w4,wc=30)"
M3A-w4-1158,106.371279,37.689107,A,,"M3-A(region=w4,wc=30)"
M3A-w4-1159,106.336515,37.520134,A,,"M3-A(region=w4,wc=30)"
M3A-w4-1164,105.750633,37.499653,A,,"M3-A(region=w4,wc=30)"
M3A-w4-1176,106.816754,38.069095,A,,"M3-A(region=w4,wc=30)"
M3A-w4-1179,105.832021,36.317649,A,,"M3-A(region=w4,wc=30)"
M3A-w4-1182,106.143556,37.124247,A,,"M3-A(region=w4,wc=30)"
M3A-w4-1184,106.350798,37.47459,A,,"M3-A(region=w4,wc=30)"
M3A-w4-1185,106.054354,37.168444,A,,"M3-A(region=w4,wc=30)"
M3A-w4-1199,106.138975,38.63153,A,,"M3-A(region=w4,wc=40)"
M3A-w4-1201,106.227639,38.827991,A,,"M3-A(region=w4,wc=40)"
M3A-w4-1206,106.119571,38.70618,A,,"M3-A(region=w4,wc=40)"
M3A-w4-1207,106.038184,38.11976,A,,"M3-A(region=w4,wc=40)"
M3A-w4-1211,105.87514,37.660541,A,,"M3-A(region=w4,wc=40)"
M3A-w4-1213,105.679487,37.265462,A,,"M3-A(region=w4,wc=40)"
M3A-w4-1218,106.802471,38.883777,A,,"M3-A(region=w4,wc=40)"
M3A-w4-1221,105.975661,37.418804,A,,"M3-A(region=w4,wc=40)"
M3A-w4-1222,106.582563,37.076277,A,,"M3-A(region=w4,wc=40)"
M3A-w4-1223,106.114721,37.033696,A,,"M3-A(region=w4,wc=40)"
M3A-w4-1227,105.844148,37.553551,A,,"M3-A(region=w4,wc=40)"
M3A-w4-1228,106.041957,38.187672,A,,"M3-A(region=w4,wc=40)"
M3A-w4-1229,106.361039,38.374701,A,,"M3-A(region=w4,wc=40)"
M3A-w4-1231,105.993987,37.430931,A,,"M3-A(region=w4,wc=40)"
M3A-w4-1232,106.064595,38.111944,A,,"M3-A(region=w4,wc=40)"
M3A-w4-1233,106.090197,37.797175,A,,"M3-A(region=w4,wc=40)"
M3A-w4-1234,106.547529,38.753072,A,,"M3-A(region=w4,wc=40)"
M3A-w4-1235,106.112026,36.140861,A,,"M3-A(region=w4,wc=40)"
M3A-w4-1237,106.541061,37.067114,A,,"M3-A(region=w4,wc=40)"
M3A-w4-1238,106.683893,38.765199,A,,"M3-A(region=w4,wc=40)"
M3A-w4-1240,106.024979,38.096853,A,,"M3-A(region=w4,wc=40)"
M3A-w4-1243,105.897777,37.067114,A,,"M3-A(region=w4,wc=40)"
M3A-w4-1245,106.511686,37.035313,A,,"M3-A(region=w4,wc=40)"
M3A-w4-1246,106.289084,38.493818,A,,"M3-A(region=w4,wc=50)"
M3A-w4-1247,106.77606,38.158567,A,,"M3-A(region=w4,wc=50)"
M3A-w4-1248,106.748033,39.216872,A,,"M3-A(region=w4,wc=50)"
M3A-w4-1249,106.271836,38.465791,A,,"M3-A(region=w4,wc=50)"
M3A-w4-1250,106.373166,39.008014,A,,"M3-A(region=w4,wc=50)"
M3A-w4-1253,106.379364,38.532356,A,,"M3-A(region=w4,wc=50)"
M3A-w4-1255,105.922571,36.981684,A,,"M3-A(region=w4,wc=50)"
M3A-w4-1256,106.540791,39.106918,A,,"M3-A(region=w4,wc=50)"
M3A-w4-1260,105.792944,37.616344,A,,"M3-A(region=w4,wc=50)"
M3A-w4-1261,106.505218,38.38602,A,,"M3-A(region=w4,wc=50)"
M3A-w4-1262,106.11526,38.429139,A,,"M3-A(region=w4,wc=50)"
M3A-w4-1263,106.301211,38.972171,A,,"M3-A(region=w4,wc=50)"
M3A-w4-1264,105.010332,37.55948,A,,"M3-A(region=w4,wc=50)"
M3A-w4-1266,106.178052,37.983665,A,,"M3-A(region=w4,wc=50)"
M3A-w4-1267,106.618136,38.512144,A,,"M3-A(region=w4,wc=50)"
M3A-w4-1293,105.844417,37.838677,A,,"M3-A(region=w4,wc=60)"
M3A-w4-1344,106.700332,37.36787,A,,"M3-A(region=w4,wc=60)"
M3A-w4-1353,105.525605,37.341459,A,,"M3-A(region=w4,wc=60)"
M3A-w4-1370,105.089294,37.574842,A,,"M3-A(region=w4,wc=60)"
M3A-w4-1396,106.444582,38.681925,A,,"M3-A(region=w4,wc=80)"
M3A-w4-1397,106.767167,37.752977,A,,"M3-A(region=w4,wc=80)"
M3A-w4-1398,106.270488,38.83958,A,,"M3-A(region=w4,wc=80)"
M3A-w4-1399,106.759082,37.725759,A,,"M3-A(region=w4,wc=80)"
M3A-w4-1403,105.90182,37.653264,A,,"M3-A(region=w4,wc=80)"
M3A-w4-1404,106.578521,38.204381,A,,"M3-A(region=w4,wc=80)"
M3A-w4-1405,106.160535,38.069903,A,,"M3-A(region=w4,wc=80)"
M3A-w4-1439,106.342713,38.975405,A,,"M3-A(region=w4,wc=10)"
M3A-w4-1440,106.208774,38.17285,A,,"M3-A(region=w4,wc=10)"
M3A-w4-1442,106.528395,38.913691,A,,"M3-A(region=w4,wc=10)"
M3A-w4-1478,104.453556,37.495071,A,,"M3-A(region=w4,wc=20)"
M3A-w4-1493,106.211469,37.171947,A,,"M3-A(region=w4,wc=30)"
M3A-w4-1497,106.739948,39.214716,A,,"M3-A(region=w4,wc=30)"
M3A-w4-1502,106.131699,36.87173,A,,"M3-A(region=w4,wc=30)"
M3A-w4-1506,106.427065,37.732496,A,,"M3-A(region=w4,wc=30)"
M3A-w4-1509,105.830404,38.076371,A,,"M3-A(region=w4,wc=30)"
M3A-w4-1510,106.531898,38.831495,A,,"M3-A(region=w4,wc=30)"
M3A-w4-1513,106.668262,38.719924,A,,"M3-A(region=w4,wc=30)"
M3A-w4-1514,105.85897,37.91171,A,,"M3-A(region=w4,wc=30)"
M3A-w4-1516,106.123883,37.134757,A,,"M3-A(region=w4,wc=30)"
M3A-w4-1520,105.860048,36.961202,A,,"M3-A(region=w4,wc=40)"
M3A-w4-1523,106.335167,36.158647,A,,"M3-A(region=w4,wc=40)"
M3A-w4-1524,106.082381,36.17886,A,,"M3-A(region=w4,wc=40)"
M3A-w4-1532,106.112565,38.190906,A,,"M3-A(region=w4,wc=40)"
M3A-w4-1534,106.309565,36.870383,A,,"M3-A(region=w4,wc=40)"
M3A-w4-1536,106.069176,37.525524,A,,"M3-A(region=w4,wc=40)"
M3A-w4-1537,106.340018,39.22873,A,,"M3-A(region=w4,wc=50)"
M3A-w4-1543,106.237071,38.484116,A,,"M3-A(region=w4,wc=50)"
M3A-w4-1547,106.095047,36.358612,A,,"M3-A(region=w4,wc=50)"
M3A-w4-1548,106.602775,38.173389,A,,"M3-A(region=w4,wc=50)"
M3A-w4-1549,106.303367,38.960852,A,,"M3-A(region=w4,wc=50)"
M3A-w4-1551,106.15245,36.281807,A,,"M3-A(region=w4,wc=50)"
M3A-w4-1554,106.066212,38.727739,A,,"M3-A(region=w4,wc=50)"
M3A-w4-1555,105.986172,38.226479,A,,"M3-A(region=w4,wc=50)"
M3A-w4-1557,106.725934,39.164321,A,,"M3-A(region=w4,wc=50)"
M3A-w4-1559,105.822319,37.138799,A,,"M3-A(region=w4,wc=50)"
M3A-w4-1562,106.119571,38.739867,A,,"M3-A(region=w4,wc=50)"
M3A-w4-1568,106.202845,38.500555,A,,"M3-A(region=w4,wc=50)"
M3A-w4-1569,105.142654,37.047171,A,,"M3-A(region=w4,wc=50)"
M3A-w4-1570,106.182633,37.99175,A,,"M3-A(region=w4,wc=50)"
M3A-w4-1572,106.003958,38.285499,A,,"M3-A(region=w4,wc=50)"
M3A-w4-1575,106.651823,38.210579,A,,"M3-A(region=w4,wc=60)"
M3A-w4-1588,106.202576,38.341823,A,,"M3-A(region=w4,wc=80)"
M3A-w4-1589,106.604123,38.520498,A,,"M3-A(region=w4,wc=80)"
M3A-w4-1592,106.240305,38.425636,A,,"M3-A(region=w4,wc=80)"
M3A-w4-1593,106.646164,38.832842,A,,"M3-A(region=w4,wc=80)"
M3A-w4-1597,106.345677,38.347752,A,,"M3-A(region=w4,wc=80)"
M3A-w4-1598,106.365081,36.915658,A,,"M3-A(region=w4,wc=80)"
M3A-w4-1599,106.418441,38.451777,A,,"M3-A(region=w4,wc=80)"
NX-S1001,104.9585271,37.0972366,S1,10,成品图抽样(T1509)
NX-S1002,106.8457028,37.3854291,S1,10,成品图抽样(T1609)
NX-S1003,107.2516697,37.3441047,S1,10,成品图抽样(T1709)
NX-S1004,105.6649041,37.5762398,S1,10,成品图抽样(T1609)
NX-S1005,106.7357441,37.3983654,S1,10,成品图抽样(T1609)
NX-S1006,107.5646568,37.8173585,S1,10,成品图抽样(T1709)
NX-S1007,105.5865675,35.9973798,S1,10,成品图抽样(T1608)
NX-S1008,106.0292772,36.9290644,S1,10,成品图抽样(T1609)
NX-S1009,105.5926764,35.977616,S1,10,成品图抽样(T1608)
NX-S1010,106.8219862,37.5467737,S1,10,成品图抽样(T1609)
NX-S1011,107.1560847,37.5298847,S1,10,成品图抽样(T1709)
NX-S1012,106.7069967,37.6495456,S1,10,成品图抽样(T1609)
NX-S1013,105.6178303,37.3232629,S1,10,成品图抽样(T1609)
NX-S1014,106.8927766,37.4159732,S1,10,成品图抽样(T1609)
NX-S1015,105.310952,36.9700294,S1,10,成品图抽样(T1609)
NX-S1016,107.1930969,37.6366093,S1,10,成品图抽样(T1709)
NX-S1017,107.0349863,37.9359414,S1,10,成品图抽样(T1709)
NX-S1018,106.8694194,37.5410243,S1,10,成品图抽样(T1609)
NX-S1019,105.5427278,35.7347006,S1,10,成品图抽样(T1608)
NX-S1020,106.7946762,37.6430775,S1,10,成品图抽样(T1609)
NX-S1021,107.0817008,37.5604287,S1,10,成品图抽样(T1709)
NX-S1022,107.4255914,37.7228514,S1,10,成品图抽样(T1709)
NX-S1023,106.879481,37.4957471,S1,10,成品图抽样(T1609)
NX-S1024,107.1309307,37.998467,S1,10,成品图抽样(T1709)
NX-S1025,106.7867707,37.8317321,S1,10,成品图抽样(T1609)
NX-S1026,105.6444216,35.8845463,S1,10,成品图抽样(T1608)
NX-S1027,107.1046987,37.5518045,S1,10,成品图抽样(T1709)
NX-S1028,107.0428919,37.5884574,S1,10,成品图抽样(T1709)
NX-S1029,105.8823062,38.1011445,S1,10,成品图抽样(T1610)
NX-S1030,106.7285572,35.966117,S1,10,成品图抽样(T1608)
NX-S2001,105.8025322,38.1108463,S2,22,成品图抽样(T1610)
NX-S2002,106.1755295,39.1148034,S2,10,成品图抽样(T1610)
NX-S2003,106.1410326,35.4648346,S2,10,成品图抽样(T1608)
NX-S2004,106.1848724,37.6829645,S2,10,成品图抽样(T1609)
NX-S2005,106.3365148,36.3512421,S2,10,成品图抽样(T1609)
NX-S2006,106.4320999,39.1697803,S2,10,成品图抽样(T1610)
NX-S2007,104.4572447,37.5129956,S2,10,成品图抽样(T1509)
NX-S2008,106.9545835,38.0767103,S2,10,成品图抽样(T1610)
NX-S2009,105.699401,36.0479572,S2,10,成品图抽样(T1609)
NX-S2010,106.5359498,39.1496581,S2,10,成品图抽样(T1610)
NX-S2011,106.5233728,38.1801962,S2,10,成品图抽样(T1610)
NX-S2012,105.7568958,36.8683356,S2,10,成品图抽样(T1609)
NX-S2013,105.5779433,36.8618674,S2,11,成品图抽样(T1609)
NX-S2014,106.5402619,36.993746,S2,10,成品图抽样(T1609)
NX-S2015,105.0105419,37.18276,S2,10,成品图抽样(T1609)
NX-S2016,106.183435,35.7778217,S2,10,成品图抽样(T1608)
NX-S2017,105.3368247,37.0940025,S2,10,成品图抽样(T1609)
NX-S2018,106.047963,36.9693107,S2,10,成品图抽样(T1609)
NX-S2019,107.2401708,37.7745967,S2,10,成品图抽样(T1709)
NX-S2020,106.9610517,37.7483647,S2,10,成品图抽样(T1609)
NX-S2021,107.0321116,38.0792256,S2,10,成品图抽样(T1710)
NX-S2022,104.9614018,37.263612,S2,10,成品图抽样(T1509)
NX-S2023,105.5448838,36.8668982,S2,10,成品图抽样(T1609)
NX-S2024,106.451145,37.6912293,S2,10,成品图抽样(T1609)
NX-S2025,106.6247073,35.8831089,S2,10,成品图抽样(T1608)
NX-S2026,106.505765,36.9211589,S2,10,成品图抽样(T1609)
NX-S2027,106.4554571,38.3480015,S2,10,成品图抽样(T1610)
NX-S2028,106.9423659,38.057666,S2,10,成品图抽样(T1610)
NX-S2029,105.9196778,38.5847974,S2,10,成品图抽样(T1610)
NX-S2030,106.3997591,37.437893,S2,10,成品图抽样(T1609)
