point_id,sheet,Q1,Q2,note
M3A-w2-0422,sheet_00,否,草地,渠边绿带（低）
M3A-w2-0427,sheet_00,否,稀疏植被,黄土坡稀被（中）
M3A-w2-0430,sheet_00,是,灌丛,沟谷密灌（低）
M3A-w2-0438,sheet_00,否,耕地,梯田（低）
M3A-w2-0440,sheet_01,否,耕地,等高条带（中）
M3A-w2-0441,sheet_01,是,灌丛,沟道柳/沙棘（低）
M3A-w2-0442,sheet_01,否,稀疏植被,水平沟整地（低）
M3A-w2-0446,sheet_01,否,草地,梯田绿坡（低）
M3A-w2-0448,sheet_02,否,稀疏植被,鱼鳞坑整地幼林（中）
M3A-w2-0456,sheet_02,否,耕地,等高种草条带（中）
M3A-w2-0458,sheet_02,否,耕地,梯田（中）
M3A-w2-0461,sheet_02,否,耕地,引黄灌区农田（高）
M3A-w2-0465,sheet_03,否,耕地,村旁农田（低）
M3A-w2-0483,sheet_03,否,耕地,梯田/条田（中）
M3A-w2-0489,sheet_03,否,耕地,梯田（中）
M3A-w2-0497,sheet_03,否,耕地,等高条带（中）
M3A-w2-0512,sheet_04,否,城镇不透水面,城镇（高）
M3A-w2-0551,sheet_04,否,水体,浑浊浅水（低）
M3A-w2-0568,sheet_04,否,耕地,等高梯田（中）
M3A-w2-0577,sheet_04,否,耕地,梯田条带（中）
M3A-w2-0580,sheet_05,否,城镇不透水面,公路+村庄（中）
M3A-w2-0581,sheet_05,否,乡村不透水面,公路（低）
M3A-w2-0594,sheet_05,否,草地,沟道旁草被（低）
M3A-w2-0603,sheet_05,否,草地,人工草带/苜蓿（低）
M3A-w2-0612,sheet_06,否,乡村不透水面,村庄房舍（中）
M3A-w2-0613,sheet_06,否,乡村不透水面,村庄+大棚（中）
M3A-w2-0621,sheet_06,否,城镇不透水面,公路+沿路村（中）
M3A-w2-0630,sheet_06,否,乡村不透水面,场院/房舍（中）
M3A-w2-0644,sheet_07,否,耕地,等高梯田（中）
M3A-w2-0645,sheet_07,否,乡村不透水面,密集村庄（高）
M3A-w2-0648,sheet_07,否,乡村不透水面,路旁场院（低）
M3A-w2-0649,sheet_07,否,稀疏植被,沙黄土坡稀被（中）
M3A-w2-0650,sheet_08,否,耕地,梯田（中）
M3A-w2-0655,sheet_08,否,耕地,梯田/水田（中）
M3A-w2-0666,sheet_08,否,耕地,田+林带（低）
M3A-w2-0680,sheet_08,否,城镇不透水面,工业/光伏场（中）
M3A-w2-0697,sheet_09,否,水体,湖泊水面（高）
M3A-w4-1119,sheet_09,否,稀疏植被,沙地草原稀被（中）
M3A-w4-1131,sheet_09,否,耕地,条播/翻耕田（低）
M3A-w4-1132,sheet_09,否,草地,沙丘间草被（低）
M3A-w4-1137,sheet_10,否,稀疏植被,反坡梯田/水平沟造林（低）
M3A-w4-1139,sheet_10,否,草地,草原均质草被（中）
M3A-w4-1141,sheet_10,是,灌丛,沙地密灌斑（低）
M3A-w4-1142,sheet_10,否,裸地,沙丘/沙障地（中）
M3A-w4-1147,sheet_11,否,裸地,沙丘（高）
M3A-w4-1150,sheet_11,否,稀疏植被,绿洲-沙地过渡（低）
M3A-w4-1158,sheet_11,否,稀疏植被,荒漠稀被（中）
M3A-w4-1159,sheet_11,否,稀疏植被,荒漠平原（中）
M3A-w4-1164,sheet_12,否,耕地,灌区农田（中）
M3A-w4-1176,sheet_12,是,灌丛,沙地灌丛/灌草约三四成（低）
M3A-w4-1179,sheet_12,否,耕地,翻耕/休耕田（中）
M3A-w4-1182,sheet_12,否,裸地,沙丘+沙障线（中）
M3A-w4-1184,sheet_13,否,稀疏植被,荒漠草原（中）
M3A-w4-1185,sheet_13,否,稀疏植被,沙丘间平地（中）
M3A-w4-1199,sheet_13,否,耕地,大田条带（中）
M3A-w4-1201,sheet_13,否,耕地,条田（中）
M3A-w4-1206,sheet_14,否,水体,水库/浑水面（中）
M3A-w4-1207,sheet_14,否,耕地,河边农田+村（高）
M3A-w4-1211,sheet_14,否,耕地,大田收割后（中）
M3A-w4-1213,sheet_14,否,耕地,大块田（高）
M3A-w4-1218,sheet_15,否,耕地,大田+渠路（中）
M3A-w4-1221,sheet_15,否,耕地,田块镶嵌（高）
M3A-w4-1222,sheet_15,否,耕地,翻耕田（高）
M3A-w4-1223,sheet_15,否,稀疏植被,沙地+零星结构（中）
M3A-w4-1227,sheet_16,否,耕地,田块（中）
M3A-w4-1228,sheet_16,否,耕地,水田（高）
M3A-w4-1229,sheet_16,否,裸地,沙地/风蚀（中）
M3A-w4-1231,sheet_16,否,耕地,水田（高）
M3A-w4-1232,sheet_17,否,耕地,水田/大田（中）
M3A-w4-1233,sheet_17,否,耕地,作物田（中）
M3A-w4-1234,sheet_17,否,耕地,水田（中）
M3A-w4-1235,sheet_17,否,耕地,田块/休耕（中）
M3A-w4-1237,sheet_18,,,
M3A-w4-1238,sheet_18,,,
M3A-w4-1240,sheet_18,,,
M3A-w4-1243,sheet_18,,,
M3A-w4-1245,sheet_19,,,
M3A-w4-1246,sheet_19,,,
M3A-w4-1247,sheet_19,,,
M3A-w4-1248,sheet_19,,,
M3A-w4-1249,sheet_20,,,
M3A-w4-1250,sheet_20,,,
M3A-w4-1253,sheet_20,,,
M3A-w4-1255,sheet_20,,,
M3A-w4-1256,sheet_21,,,
M3A-w4-1260,sheet_21,,,
M3A-w4-1261,sheet_21,,,
M3A-w4-1262,sheet_21,,,
M3A-w4-1263,sheet_22,,,
M3A-w4-1264,sheet_22,,,
M3A-w4-1266,sheet_22,,,
M3A-w4-1267,sheet_22,,,
M3A-w4-1293,sheet_23,,,
M3A-w4-1344,sheet_23,,,
M3A-w4-1353,sheet_23,,,
M3A-w4-1370,sheet_23,,,
M3A-w4-1396,sheet_24,,,
M3A-w4-1397,sheet_24,,,
M3A-w4-1398,sheet_24,,,
M3A-w4-1399,sheet_24,,,
M3A-w4-1403,sheet_25,,,
M3A-w4-1404,sheet_25,,,
M3A-w4-1405,sheet_25,,,
M3A-w4-1439,sheet_25,,,
M3A-w4-1440,sheet_26,,,
M3A-w4-1442,sheet_26,,,
M3A-w4-1478,sheet_26,,,
M3A-w4-1493,sheet_26,,,
M3A-w4-1497,sheet_27,,,
M3A-w4-1502,sheet_27,,,
M3A-w4-1506,sheet_27,,,
M3A-w4-1509,sheet_27,,,
M3A-w4-1510,sheet_28,,,
M3A-w4-1513,sheet_28,,,
M3A-w4-1514,sheet_28,,,
M3A-w4-1516,sheet_28,,,
M3A-w4-1520,sheet_29,,,
M3A-w4-1523,sheet_29,,,
M3A-w4-1524,sheet_29,,,
M3A-w4-1532,sheet_29,,,
M3A-w4-1534,sheet_30,,,
M3A-w4-1536,sheet_30,,,
M3A-w4-1537,sheet_30,,,
M3A-w4-1543,sheet_30,,,
M3A-w4-1547,sheet_31,,,
M3A-w4-1548,sheet_31,,,
M3A-w4-1549,sheet_31,,,
M3A-w4-1551,sheet_31,,,
M3A-w4-1554,sheet_32,,,
M3A-w4-1555,sheet_32,,,
M3A-w4-1557,sheet_32,,,
M3A-w4-1559,sheet_32,,,
M3A-w4-1562,sheet_33,,,
M3A-w4-1568,sheet_33,,,
M3A-w4-1569,sheet_33,,,
M3A-w4-1570,sheet_33,,,
M3A-w4-1572,sheet_34,,,
M3A-w4-1575,sheet_34,,,
M3A-w4-1588,sheet_34,,,
M3A-w4-1589,sheet_34,,,
M3A-w4-1592,sheet_35,,,
M3A-w4-1593,sheet_35,,,
M3A-w4-1597,sheet_35,,,
M3A-w4-1598,sheet_35,,,
M3A-w4-1599,sheet_36,否,城镇不透水面,工业场地（中）
NX-S1001,sheet_36,否,耕地,灌区条播田（中）
NX-S1002,sheet_36,否,裸地,荒/休闲地+渠（中）
NX-S1003,sheet_36,否,耕地,条播/收割后田（中）
NX-S1004,sheet_37,否,裸地,采矿开挖地（中）
NX-S1005,sheet_37,否,城镇不透水面,光伏电站（中）
NX-S1006,sheet_37,是,灌丛,荒漠灌丛覆盖约三成（低）
NX-S1007,sheet_37,否,耕地,隔坡梯田（中）
NX-S1008,sheet_38,否,耕地,大田（中）
NX-S1009,sheet_38,否,耕地,梯田（中）
NX-S1010,sheet_38,否,稀疏植被,退化沙地+零星结构（低）
NX-S1011,sheet_38,否,裸地,沙地（中）
NX-S1012,sheet_39,否,乔灌园地,成行栽植园（中）
NX-S1013,sheet_39,否,耕地,行栽田/苗圃（中）
NX-S1014,sheet_39,否,稀疏植被,荒漠绿洲边（低）
NX-S1015,sheet_39,否,水体,渠道/水面（中）
NX-S1016,sheet_40,否,耕地,农田+房舍（中）
NX-S1017,sheet_40,否,耕地,条播/休耕（中）
NX-S1018,sheet_40,否,稀疏植被,沙地稀灌（中）
NX-S1019,sheet_40,否,耕地,梯田（中）
NX-S1020,sheet_41,否,草地,荒漠草原斑驳（低）
NX-S1021,sheet_41,否,耕地,大田条播/收割（中）
NX-S1022,sheet_41,否,耕地,行栽/条播（中）
NX-S1023,sheet_41,否,裸地,荒漠（中）
NX-S1024,sheet_42,否,草地,灌草坡（低）
NX-S1025,sheet_42,否,稀疏植被,整地/梯田坡（低）
NX-S1026,sheet_42,否,耕地,梯田（中）
NX-S1027,sheet_42,否,耕地,条播田（中）
NX-S1028,sheet_43,否,稀疏植被,田边地（低）
NX-S1029,sheet_43,否,乔灌园地,葡萄园（高）
NX-S1030,sheet_43,否,乔灌园地,行栽果树/经济林（中）
NX-S2001,sheet_43,否,稀疏植被,荒漠草原（中）
NX-S2002,sheet_44,否,裸地,矿区裸地（中）
NX-S2003,sheet_44,否,草地,山地草被（低）
NX-S2004,sheet_44,否,稀疏植被,灌草稀被（中）
NX-S2005,sheet_44,否,耕地,等高条带/梯田（中）
NX-S2006,sheet_45,否,草地,山地阴坡草/灌草（低）
NX-S2007,sheet_45,是,灌丛,荒漠灌丛约四成（低）
NX-S2008,sheet_45,否,城镇不透水面,公路枢纽（高）
NX-S2009,sheet_45,否,耕地,梯田（中）
NX-S2010,sheet_46,否,裸地,侵蚀坡+梯带（中）
NX-S2011,sheet_46,否,稀疏植被,整地带状坡（低）
NX-S2012,sheet_46,否,耕地,梯田（中心在田边）（中）
NX-S2013,sheet_46,否,稀疏植被,水平沟整地坡（中）
NX-S2014,sheet_47,否,耕地,大田（高）
NX-S2015,sheet_47,否,稀疏植被,荒漠/沙地（中）
NX-S2016,sheet_47,否,草地,山地草被+灌斑（低）
NX-S2017,sheet_47,否,裸地,工程地旁裸面（低）
NX-S2018,sheet_48,否,稀疏植被,整地造林坡（中）
NX-S2019,sheet_48,否,裸地,场院/工程地（中）
NX-S2020,sheet_48,否,稀疏植被,沙地+草方格（中）
NX-S2021,sheet_48,否,城镇不透水面,工业/光伏场（中）
NX-S2022,sheet_49,否,裸地,红层侵蚀地（中）
NX-S2023,sheet_49,否,稀疏植被,鱼鳞坑整地幼林（中）
NX-S2024,sheet_49,否,稀疏植被,荒漠草原（中）
NX-S2025,sheet_49,否,水体,水库/浑水面（高）
NX-S2026,sheet_50,否,草地,坡地草被/梯田边（低）
NX-S2027,sheet_50,否,裸地,侵蚀台地/沟壑（中）
NX-S2028,sheet_50,是,灌丛,灌草镶嵌，灌丛约四成（低）
NX-S2029,sheet_50,否,稀疏植被,沙砾地稀被（中）
NX-S2030,sheet_51,否,裸地,沙地/沙丘缘（中）
