tile,ix,iy,part,x0,y0,x1,y1,land_frac
N0000,0,0,河北省,118.5,38.5,120.5,40.5,0.391
N0100,1,0,辽宁省,120.5,38.5,122.5,40.5,0.297
N0200,2,0,辽宁省,122.5,38.5,124.5,40.5,0.391
N0001,0,1,辽宁省,118.5,40.5,120.5,42.5,1.0
N0101,1,1,辽宁省,120.5,40.5,122.5,42.5,0.906
N0201,2,1,辽宁省,122.5,40.5,124.5,42.5,1.0
N0301,3,1,辽宁省,124.5,40.5,126.5,42.5,0.859
N0401,4,1,吉林省,126.5,40.5,128.5,42.5,0.438
N0501,5,1,吉林省,128.5,40.5,130.5,42.5,0.078
N0002,0,2,内蒙古自治区,118.5,42.5,120.5,44.5,1.0
N0102,1,2,内蒙古自治区,120.5,42.5,122.5,44.5,1.0
N0202,2,2,内蒙古自治区,122.5,42.5,124.5,44.5,1.0
N0302,3,2,吉林省,124.5,42.5,126.5,44.5,1.0
N0402,4,2,吉林省,126.5,42.5,128.5,44.5,1.0
N0502,5,2,吉林省,128.5,42.5,130.5,44.5,0.922
N0602,6,2,黑龙江省,130.5,42.5,132.5,44.5,0.312
N0003,0,3,内蒙古自治区,118.5,44.5,120.5,46.5,1.0
N0103,1,3,内蒙古自治区,120.5,44.5,122.5,46.5,1.0
N0203,2,3,吉林省,122.5,44.5,124.5,46.5,1.0
N0303,3,3,黑龙江省,124.5,44.5,126.5,46.5,1.0
N0403,4,3,黑龙江省,126.5,44.5,128.5,46.5,1.0
N0503,5,3,黑龙江省,128.5,44.5,130.5,46.5,1.0
N0603,6,3,黑龙江省,130.5,44.5,132.5,46.5,0.781
N0703,7,3,黑龙江省,132.5,44.5,134.5,46.5,0.375
N0004,0,4,内蒙古自治区,118.5,46.5,120.5,48.5,0.672
N0104,1,4,内蒙古自治区,120.5,46.5,122.5,48.5,1.0
N0204,2,4,黑龙江省,122.5,46.5,124.5,48.5,1.0
N0304,3,4,黑龙江省,124.5,46.5,126.5,48.5,1.0
N0404,4,4,黑龙江省,126.5,46.5,128.5,48.5,1.0
N0504,5,4,黑龙江省,128.5,46.5,130.5,48.5,1.0
N0604,6,4,黑龙江省,130.5,46.5,132.5,48.5,0.688
N0704,7,4,黑龙江省,132.5,46.5,134.5,48.5,0.734
N0005,0,5,内蒙古自治区,118.5,48.5,120.5,50.5,0.906
N0105,1,5,内蒙古自治区,120.5,48.5,122.5,50.5,1.0
N0205,2,5,内蒙古自治区,122.5,48.5,124.5,50.5,1.0
N0305,3,5,黑龙江省,124.5,48.5,126.5,50.5,1.0
N0405,4,5,黑龙江省,126.5,48.5,128.5,50.5,0.75
N0505,5,5,黑龙江省,128.5,48.5,130.5,50.5,0.359
N0006,0,6,内蒙古自治区,118.5,50.5,120.5,52.5,0.25
N0106,1,6,内蒙古自治区,120.5,50.5,122.5,52.5,0.969
N0206,2,6,黑龙江省,122.5,50.5,124.5,52.5,1.0
N0306,3,6,黑龙江省,124.5,50.5,126.5,52.5,0.984
N0406,4,6,黑龙江省,126.5,50.5,128.5,52.5,0.172
N0107,1,7,黑龙江省,120.5,52.5,122.5,54.5,0.406
N0207,2,7,黑龙江省,122.5,52.5,124.5,54.5,0.469
N0307,3,7,黑龙江省,124.5,52.5,126.5,54.5,0.219
