tile,ix,iy,x0,y0,x1,y1,land_frac,n_points
T2814,28,14,129.0,46.0,131.0,48.0,1.0,20047
T2813,28,13,129.0,44.0,131.0,46.0,1.0,19874
T2105,21,5,115.0,28.0,117.0,30.0,1.0,15962
T1904,19,4,111.0,26.0,113.0,28.0,1.0,15477
T2205,22,5,117.0,28.0,119.0,30.0,1.0,15141
T2004,20,4,113.0,26.0,115.0,28.0,1.0,15111
T2305,23,5,119.0,28.0,121.0,30.0,1.0,14943
T2613,26,13,125.0,44.0,127.0,46.0,1.0,14898
T2612,26,12,125.0,42.0,127.0,44.0,1.0,14645
T2104,21,4,115.0,26.0,117.0,28.0,1.0,14542
T1905,19,5,111.0,28.0,113.0,30.0,1.0,14420
T1903,19,3,111.0,24.0,113.0,26.0,1.0,14382
T2005,20,5,113.0,28.0,115.0,30.0,1.0,14366
T2106,21,6,115.0,30.0,117.0,32.0,1.0,14363
T1403,14,3,101.0,24.0,103.0,26.0,1.0,14102
T2306,23,6,119.0,30.0,121.0,32.0,1.0,14038
T2206,22,6,117.0,30.0,119.0,32.0,1.0,13970
T2103,21,3,115.0,24.0,117.0,26.0,1.0,13883
T2512,25,12,123.0,42.0,125.0,44.0,1.0,13808
T2204,22,4,117.0,26.0,119.0,28.0,1.0,13781
T1503,15,3,103.0,24.0,105.0,26.0,1.0,13690
T2714,27,14,127.0,46.0,129.0,48.0,1.0,13618
T2003,20,3,113.0,24.0,115.0,26.0,1.0,13589
T2513,25,13,123.0,44.0,125.0,46.0,1.0,13544
T1702,17,2,107.0,22.0,109.0,24.0,1.0,13394
T1804,18,4,109.0,26.0,111.0,28.0,1.0,13379
T1902,19,2,111.0,22.0,113.0,24.0,1.0,13301
T1805,18,5,109.0,28.0,111.0,30.0,1.0,13171
T2713,27,13,127.0,44.0,129.0,46.0,1.0,13165
T1704,17,4,107.0,26.0,109.0,28.0,1.0,13133
T1703,17,3,107.0,24.0,109.0,26.0,1.0,12985
T1802,18,2,109.0,22.0,111.0,24.0,1.0,12979
T1803,18,3,109.0,24.0,111.0,26.0,1.0,12939
T1303,13,3,99.0,24.0,101.0,26.0,1.0,12931
T2006,20,6,113.0,30.0,115.0,32.0,1.0,12836
T1404,14,4,101.0,26.0,103.0,28.0,1.0,12830
T1506,15,6,103.0,30.0,105.0,32.0,1.0,12792
T1906,19,6,111.0,30.0,113.0,32.0,1.0,12568
T1705,17,5,107.0,28.0,109.0,30.0,1.0,12479
T1806,18,6,109.0,30.0,111.0,32.0,1.0,12430
T1607,16,7,105.0,32.0,107.0,34.0,1.0,12358
T1807,18,7,109.0,32.0,111.0,34.0,1.0,12311
T1707,17,7,107.0,32.0,109.0,34.0,1.0,12194
T2614,26,14,125.0,46.0,127.0,48.0,1.0,12191
T2412,24,12,121.0,42.0,123.0,44.0,1.0,12189
T1808,18,8,109.0,34.0,111.0,36.0,1.0,12103
T2514,25,14,123.0,46.0,125.0,48.0,1.0,12085
T1005,10,5,93.0,28.0,95.0,30.0,1.0,12061
T2211,22,11,117.0,40.0,119.0,42.0,1.0,12059
T1406,14,6,101.0,30.0,103.0,32.0,1.0,12053
T1405,14,5,101.0,28.0,103.0,30.0,1.0,11936
T1505,15,5,103.0,28.0,105.0,30.0,1.0,11929
T1604,16,4,105.0,26.0,107.0,28.0,1.0,11915
T1507,15,7,103.0,32.0,105.0,34.0,1.0,11691
T1907,19,7,111.0,32.0,113.0,34.0,1.0,11687
T2209,22,9,117.0,36.0,119.0,38.0,1.0,11677
T2208,22,8,117.0,34.0,119.0,36.0,1.0,11634
T2207,22,7,117.0,32.0,119.0,34.0,1.0,11624
T1304,13,4,99.0,26.0,101.0,28.0,1.0,11623
T1908,19,8,111.0,34.0,113.0,36.0,1.0,11555
T2414,24,14,121.0,46.0,123.0,48.0,1.0,11518
T2110,21,10,115.0,38.0,117.0,40.0,1.0,11475
T1706,17,6,107.0,30.0,109.0,32.0,1.0,11390
T2007,20,7,113.0,32.0,115.0,34.0,1.0,11364
T2712,27,12,127.0,42.0,129.0,44.0,1.0,11304
T1504,15,4,103.0,26.0,105.0,28.0,1.0,11250
T1708,17,8,107.0,34.0,109.0,36.0,1.0,11226
T2615,26,15,125.0,48.0,127.0,50.0,1.0,11161
T1603,16,3,105.0,24.0,107.0,26.0,1.0,11147
T1606,16,6,105.0,30.0,107.0,32.0,1.0,11118
T2109,21,9,115.0,36.0,117.0,38.0,1.0,11017
T2008,20,8,113.0,34.0,115.0,36.0,1.0,10913
T2413,24,13,121.0,44.0,123.0,46.0,1.0,10844
T2107,21,7,115.0,32.0,117.0,34.0,1.0,10843
T2010,20,10,113.0,38.0,115.0,40.0,1.0,10835
T2515,25,15,123.0,48.0,125.0,50.0,1.0,10814
T1605,16,5,105.0,28.0,107.0,30.0,1.0,10619
T2009,20,9,113.0,36.0,115.0,38.0,1.0,10491
T1305,13,5,99.0,28.0,101.0,30.0,1.0,10437
T2108,21,8,115.0,34.0,117.0,36.0,1.0,10368
T2415,24,15,121.0,48.0,123.0,50.0,1.0,10342
T1909,19,9,111.0,36.0,113.0,38.0,1.0,10244
T2111,21,11,115.0,40.0,117.0,42.0,1.0,10056
T2312,23,12,119.0,42.0,121.0,44.0,1.0,10015
T1409,14,9,101.0,36.0,103.0,38.0,1.0,9826
T1608,16,8,105.0,34.0,107.0,36.0,1.0,9766
T2212,22,12,117.0,42.0,119.0,44.0,1.0,9742
T1508,15,8,103.0,34.0,105.0,36.0,1.0,9617
T2313,23,13,119.0,44.0,121.0,46.0,1.0,9607
T1006,10,6,93.0,30.0,95.0,32.0,1.0,9512
T1910,19,10,111.0,38.0,113.0,40.0,1.0,9234
T2516,25,16,123.0,50.0,125.0,52.0,1.0,9033
T1809,18,9,109.0,36.0,111.0,38.0,1.0,9001
T1810,18,10,109.0,38.0,111.0,40.0,1.0,8855
T1106,11,6,95.0,30.0,97.0,32.0,1.0,8803
T2315,23,15,119.0,48.0,121.0,50.0,1.0,8775
T2416,24,16,121.0,50.0,123.0,52.0,1.0,8766
T1709,17,9,107.0,36.0,109.0,38.0,1.0,8726
T1306,13,6,99.0,30.0,101.0,32.0,1.0,8700
T1206,12,6,97.0,30.0,99.0,32.0,1.0,8303
T2011,20,11,113.0,40.0,115.0,42.0,1.0,8278
T1911,19,11,111.0,40.0,113.0,42.0,1.0,8202
T1310,13,10,99.0,38.0,101.0,40.0,1.0,8139
T1407,14,7,101.0,32.0,103.0,34.0,1.0,8034
T1109,11,9,95.0,36.0,97.0,38.0,1.0,7875
T1509,15,9,103.0,36.0,105.0,38.0,1.0,7678
T1711,17,11,107.0,40.0,109.0,42.0,1.0,7646
T1710,17,10,107.0,38.0,109.0,40.0,1.0,7639
T1408,14,8,101.0,34.0,103.0,36.0,1.0,7589
T1609,16,9,105.0,36.0,107.0,38.0,1.0,7427
T1009,10,9,93.0,36.0,95.0,38.0,1.0,7383
T1309,13,9,99.0,36.0,101.0,38.0,1.0,7304
T1410,14,10,101.0,38.0,103.0,40.0,1.0,7295
T0905,9,5,91.0,28.0,93.0,30.0,1.0,7211
T1811,18,11,109.0,40.0,111.0,42.0,1.0,7203
T1210,12,10,97.0,38.0,99.0,40.0,1.0,7186
T1610,16,10,105.0,38.0,107.0,40.0,1.0,7140
T1110,11,10,95.0,38.0,97.0,40.0,1.0,7107
T1209,12,9,97.0,36.0,99.0,38.0,1.0,7017
T0506,5,6,83.0,30.0,85.0,32.0,1.0,6991
T0209,2,9,77.0,36.0,79.0,38.0,1.0,6951
T0309,3,9,79.0,36.0,81.0,38.0,1.0,6884
T0706,7,6,87.0,30.0,89.0,32.0,1.0,6793
T0806,8,6,89.0,30.0,91.0,32.0,1.0,6534
T0705,7,5,87.0,28.0,89.0,30.0,1.0,6517
T0606,6,6,85.0,30.0,87.0,32.0,1.0,6484
T1012,10,12,93.0,42.0,95.0,44.0,1.0,6470
T0508,5,8,83.0,34.0,85.0,36.0,1.0,6419
T1308,13,8,99.0,34.0,101.0,36.0,1.0,6406
T0210,2,10,77.0,38.0,79.0,40.0,1.0,6381
T0906,9,6,91.0,30.0,93.0,32.0,1.0,6315
T1307,13,7,99.0,32.0,101.0,34.0,1.0,6299
T0412,4,12,81.0,42.0,83.0,44.0,1.0,6170
T1107,11,7,95.0,32.0,97.0,34.0,1.0,6138
T1207,12,7,97.0,32.0,99.0,34.0,1.0,6116
T1007,10,7,93.0,32.0,95.0,34.0,1.0,6112
T0609,6,9,85.0,36.0,87.0,38.0,1.0,6102
T0110,1,10,75.0,38.0,77.0,40.0,1.0,6096
T0709,7,9,87.0,36.0,89.0,38.0,1.0,6068
T0408,4,8,81.0,34.0,83.0,36.0,1.0,6006
T0909,9,9,91.0,36.0,93.0,38.0,1.0,5955
T0608,6,8,85.0,34.0,87.0,36.0,1.0,5948
T2112,21,12,115.0,42.0,117.0,44.0,1.0,5939
T1010,10,10,93.0,38.0,95.0,40.0,1.0,5933
T1208,12,8,97.0,34.0,99.0,36.0,1.0,5907
T1111,11,11,95.0,40.0,97.0,42.0,1.0,5867
T1510,15,10,103.0,38.0,105.0,40.0,1.0,5820
T0409,4,9,81.0,36.0,83.0,38.0,1.0,5799
T0509,5,9,83.0,36.0,85.0,38.0,1.0,5760
T1008,10,8,93.0,34.0,95.0,36.0,1.0,5746
T1211,12,11,97.0,40.0,99.0,42.0,1.0,5707
T2213,22,13,117.0,44.0,119.0,46.0,1.0,5602
T1108,11,8,95.0,34.0,97.0,36.0,1.0,5586
T0810,8,10,89.0,38.0,91.0,40.0,1.0,5577
T0708,7,8,87.0,34.0,89.0,36.0,1.0,5511
T0607,6,7,85.0,32.0,87.0,34.0,1.0,5471
T0907,9,7,91.0,32.0,93.0,34.0,1.0,5467
T0308,3,8,79.0,34.0,81.0,36.0,1.0,5461
T0809,8,9,89.0,36.0,91.0,38.0,1.0,5432
T0910,9,10,91.0,38.0,93.0,40.0,1.0,5364
T0512,5,12,83.0,42.0,85.0,44.0,1.0,5273
T0912,9,12,91.0,42.0,93.0,44.0,1.0,5207
T0714,7,14,87.0,46.0,89.0,48.0,1.0,5154
T0611,6,11,85.0,40.0,87.0,42.0,1.0,5147
T0812,8,12,89.0,42.0,91.0,44.0,1.0,5138
T1011,10,11,93.0,40.0,95.0,42.0,1.0,5130
T0707,7,7,87.0,32.0,89.0,34.0,1.0,5127
T1311,13,11,99.0,40.0,101.0,42.0,1.0,5108
T0507,5,7,83.0,32.0,85.0,34.0,1.0,5094
T0710,7,10,87.0,38.0,89.0,40.0,1.0,5094
T0808,8,8,89.0,34.0,91.0,36.0,1.0,4926
T0513,5,13,83.0,44.0,85.0,46.0,1.0,4894
T0310,3,10,79.0,38.0,81.0,40.0,1.0,4864
T0411,4,11,81.0,40.0,83.0,42.0,1.0,4826
T0610,6,10,85.0,38.0,87.0,40.0,1.0,4812
T0911,9,11,91.0,40.0,93.0,42.0,1.0,4761
T0612,6,12,85.0,42.0,87.0,44.0,1.0,4716
T0510,5,10,83.0,38.0,85.0,40.0,1.0,4694
T0407,4,7,81.0,32.0,83.0,34.0,1.0,4665
T0711,7,11,87.0,40.0,89.0,42.0,1.0,4615
T1411,14,11,101.0,40.0,103.0,42.0,1.0,4558
T0410,4,10,81.0,38.0,83.0,40.0,1.0,4556
T0807,8,7,89.0,32.0,91.0,34.0,1.0,4512
T0712,7,12,87.0,42.0,89.0,44.0,1.0,4488
T2012,20,12,113.0,42.0,115.0,44.0,1.0,4432
T0908,9,8,91.0,34.0,93.0,36.0,1.0,4356
T0511,5,11,83.0,40.0,85.0,42.0,1.0,4351
T0613,6,13,85.0,44.0,87.0,46.0,1.0,4267
T0811,8,11,89.0,40.0,91.0,42.0,1.0,4193
T0713,7,13,87.0,44.0,89.0,46.0,1.0,3458
T1611,16,11,105.0,40.0,107.0,42.0,0.969,5121
T1105,11,5,95.0,28.0,97.0,30.0,0.953,11607
T2511,25,11,123.0,40.0,125.0,42.0,0.953,11530
T2616,26,16,125.0,50.0,127.0,52.0,0.953,8801
T0311,3,11,79.0,40.0,81.0,42.0,0.953,6496
T0805,8,5,89.0,28.0,91.0,30.0,0.953,6088
T0307,3,7,79.0,32.0,81.0,34.0,0.953,5284
T0813,8,13,89.0,44.0,91.0,46.0,0.953,3395
T1302,13,2,99.0,22.0,101.0,24.0,0.922,11210
T1205,12,5,97.0,28.0,99.0,30.0,0.922,10873
T0605,6,5,85.0,28.0,87.0,30.0,0.922,6359
T0406,4,6,81.0,30.0,83.0,32.0,0.922,5806
T2311,23,11,119.0,40.0,121.0,42.0,0.906,12477
T2307,23,7,119.0,32.0,121.0,34.0,0.906,11816
T1511,15,11,103.0,40.0,105.0,42.0,0.906,4040
T2914,29,14,131.0,46.0,133.0,48.0,0.891,19087
T2215,22,15,117.0,48.0,119.0,50.0,0.875,4731
T1912,19,12,111.0,42.0,113.0,44.0,0.875,3566
T0614,6,14,85.0,46.0,87.0,48.0,0.859,3972
T2113,21,13,115.0,44.0,117.0,46.0,0.859,2873
T2002,20,2,113.0,22.0,115.0,24.0,0.844,12188
T2203,22,3,117.0,24.0,119.0,26.0,0.844,12052
T2715,27,15,127.0,48.0,129.0,50.0,0.828,9501
T0814,8,14,89.0,46.0,91.0,48.0,0.828,5236
T1402,14,2,101.0,22.0,103.0,24.0,0.812,11183
T2314,23,14,119.0,46.0,121.0,48.0,0.812,8490
T2411,24,11,121.0,40.0,123.0,42.0,0.781,12029
T0109,1,9,75.0,36.0,77.0,38.0,0.766,5383
T0413,4,13,81.0,44.0,83.0,46.0,0.75,4103
T2210,22,10,117.0,38.0,119.0,40.0,0.703,9135
T2309,23,9,119.0,36.0,121.0,38.0,0.703,8792
T2417,24,17,121.0,52.0,123.0,54.0,0.703,5788
T1800,18,0,109.0,18.0,111.0,20.0,0.672,6884
T2517,25,17,123.0,52.0,125.0,54.0,0.672,5932
T2812,28,12,129.0,42.0,131.0,44.0,0.656,12593
T2316,23,16,119.0,50.0,121.0,52.0,0.656,6715
T0306,3,6,79.0,30.0,81.0,32.0,0.656,3613
T1112,11,12,95.0,42.0,97.0,44.0,0.641,3548
T2304,23,4,119.0,26.0,121.0,28.0,0.625,9900
T1502,15,2,103.0,22.0,105.0,24.0,0.625,8545
T0211,2,11,77.0,40.0,79.0,42.0,0.625,4005
T3014,30,14,133.0,46.0,135.0,48.0,0.609,11664
T1602,16,2,105.0,22.0,107.0,24.0,0.547,6550
T2102,21,2,115.0,22.0,117.0,24.0,0.531,8540
T0514,5,14,83.0,46.0,85.0,48.0,0.531,3120
T2013,20,13,113.0,44.0,115.0,46.0,0.531,1826
T1801,18,1,109.0,20.0,111.0,22.0,0.516,8580
T0913,9,13,91.0,44.0,93.0,46.0,0.516,2177
T2913,29,13,131.0,44.0,133.0,46.0,0.5,11514
T1203,12,3,97.0,24.0,99.0,26.0,0.5,5887
T0208,2,8,77.0,34.0,79.0,36.0,0.484,2492
T2815,28,15,129.0,48.0,131.0,50.0,0.469,7214
T2611,26,11,125.0,40.0,127.0,42.0,0.453,5549
T0505,5,5,83.0,28.0,85.0,30.0,0.453,3011
T0010,0,10,73.0,38.0,75.0,40.0,0.453,2317
T2405,24,5,121.0,28.0,123.0,30.0,0.406,7518
T2115,21,15,115.0,48.0,117.0,50.0,0.406,1665
T2308,23,8,119.0,34.0,121.0,36.0,0.391,5335
T2302,23,2,119.0,22.0,121.0,24.0,0.375,4459
T1812,18,12,109.0,42.0,111.0,44.0,0.375,1419
T2406,24,6,121.0,30.0,123.0,32.0,0.359,6361
T1212,12,12,97.0,42.0,99.0,44.0,0.359,1560
T1013,10,13,93.0,44.0,95.0,46.0,0.359,1416
T0904,9,4,91.0,26.0,93.0,28.0,0.344,3697
T2214,22,14,117.0,46.0,119.0,48.0,0.344,1717
T0715,7,15,87.0,48.0,89.0,50.0,0.344,1377
T1913,19,13,111.0,44.0,113.0,46.0,0.344,1275
T1004,10,4,93.0,26.0,95.0,28.0,0.328,3973
T1312,13,12,99.0,42.0,101.0,44.0,0.328,1391
T2410,24,10,121.0,38.0,123.0,40.0,0.312,4755
T2617,26,17,125.0,52.0,127.0,54.0,0.312,2847
T2409,24,9,121.0,36.0,123.0,38.0,0.297,5079
T0111,1,11,75.0,40.0,77.0,42.0,0.281,1489
T2403,24,3,121.0,24.0,123.0,26.0,0.266,2567
T0312,3,12,79.0,42.0,81.0,44.0,0.266,2154
T1712,17,12,107.0,42.0,109.0,44.0,0.234,988
T1204,12,4,97.0,26.0,99.0,28.0,0.219,2623
T2303,23,3,119.0,24.0,121.0,26.0,0.203,3638
T1901,19,1,111.0,20.0,113.0,22.0,0.203,3419
T1701,17,1,107.0,20.0,109.0,22.0,0.203,2928
T0615,6,15,85.0,48.0,87.0,50.0,0.203,1340
T0313,3,13,79.0,44.0,81.0,46.0,0.172,1469
T1412,14,12,101.0,42.0,103.0,44.0,0.172,961
T2711,27,11,127.0,40.0,129.0,42.0,0.156,1662
T2317,23,17,119.0,52.0,121.0,54.0,0.156,1330
T3015,30,15,133.0,48.0,135.0,50.0,0.141,2593
T2402,24,2,121.0,22.0,123.0,24.0,0.141,1754
T1401,14,1,101.0,20.0,103.0,22.0,0.109,1605
T0207,2,7,77.0,32.0,79.0,34.0,0.109,602
T1700,17,0,107.0,18.0,109.0,20.0,0.094,1626
T1301,13,1,99.0,20.0,101.0,22.0,0.094,1602
T0704,7,4,87.0,26.0,89.0,28.0,0.094,678
T2114,21,14,115.0,46.0,117.0,48.0,0.094,361
T3013,30,13,133.0,44.0,135.0,46.0,0.078,1781
T2510,25,10,123.0,38.0,125.0,40.0,0.078,1566
T2202,22,2,117.0,22.0,119.0,24.0,0.078,1407
T2716,27,16,127.0,50.0,129.0,52.0,0.078,1127
T2912,29,12,131.0,42.0,133.0,44.0,0.062,1835
T2407,24,7,121.0,32.0,123.0,34.0,0.062,1270
T2310,23,10,119.0,38.0,121.0,40.0,0.062,1255
T0414,4,14,81.0,46.0,83.0,48.0,0.062,494
T0108,1,8,75.0,34.0,77.0,36.0,0.047,387
T0011,0,11,73.0,40.0,75.0,42.0,0.047,329
T0804,8,4,89.0,26.0,91.0,28.0,0.047,320
T0206,2,6,77.0,30.0,79.0,32.0,0.047,302
T1612,16,12,105.0,42.0,107.0,44.0,0.047,206
T1202,12,2,97.0,22.0,99.0,24.0,0.031,540
T0009,0,9,73.0,36.0,75.0,38.0,0.031,253
T0405,4,5,81.0,28.0,83.0,30.0,0.016,247
T1104,11,4,95.0,26.0,97.0,28.0,0.016,214
T2404,24,4,121.0,26.0,123.0,28.0,0.016,174
T1113,11,13,95.0,44.0,97.0,46.0,0.016,108
T2001,20,1,113.0,20.0,115.0,22.0,0.0,175
T1601,16,1,105.0,20.0,107.0,22.0,0.0,145
T2301,23,1,119.0,20.0,121.0,22.0,0.0,117
T0604,6,4,85.0,26.0,87.0,28.0,0.0,74
T0914,9,14,91.0,46.0,93.0,48.0,0.0,36
T1600,16,0,105.0,18.0,107.0,20.0,0.0,31
T1900,19,0,111.0,18.0,113.0,20.0,0.0,31
T2915,29,15,131.0,48.0,133.0,50.0,0.0,25
T0815,8,15,89.0,48.0,91.0,50.0,0.0,22
T2503,25,3,123.0,24.0,125.0,26.0,0.0,3
T1512,15,12,103.0,42.0,105.0,44.0,0.0,1
