window,arm,cls,name,f1,ua,pa,n
w1,A,1,草本旱地,0.8375,0.8706,0.8069,1948
w1,A,3,灌溉耕地,0.7841,0.7305,0.8462,1484
w1,A,5,落叶阔叶林,0.7538,0.7453,0.7625,267
w1,A,6,常绿针叶林,0.7949,0.7949,0.7949,78
w1,A,7,落叶针叶林,0.7245,0.7164,0.7328,134
w1,A,8,针阔混交林,0.0,0.0,0.0,8
w1,A,10,落叶灌丛,0.8705,0.9147,0.8304,2216
w1,A,11,草地,0.8904,0.8512,0.9333,477
w1,A,13,稀疏植被,0.0,0.0,0.0,1
w1,A,15,草本沼泽,0.6777,0.5636,0.8497,291
w1,A,16,湖河滩地,0.7973,0.7947,0.8,151
w1,A,17,盐渍湿地,0.0,0.0,0.0,7
w1,A,21,不透水面,0.9759,0.9752,0.9765,1534
w1,A,22,裸地,0.8452,0.7889,0.9103,90
w1,A,23,水体,0.9591,0.9644,0.9539,365
w1,A,1,草本旱地,0.8332,0.8588,0.809,1948
w1,A,3,灌溉耕地,0.7858,0.7392,0.8387,1484
w1,A,5,落叶阔叶林,0.7472,0.7416,0.7529,267
w1,A,6,常绿针叶林,0.805,0.8205,0.7901,78
w1,A,7,落叶针叶林,0.7154,0.694,0.7381,134
w1,A,8,针阔混交林,0.0,0.0,0.0,8
w1,A,10,落叶灌丛,0.8705,0.9116,0.833,2216
w1,A,11,草地,0.8867,0.8532,0.9229,477
w1,A,13,稀疏植被,0.0,0.0,0.0,1
w1,A,15,草本沼泽,0.7097,0.6048,0.8585,291
w1,A,16,湖河滩地,0.7958,0.7483,0.8496,151
w1,A,17,盐渍湿地,0.0,0.0,0.0,7
w1,A,21,不透水面,0.9776,0.9811,0.9741,1534
w1,A,22,裸地,0.8313,0.7667,0.9079,90
w1,A,23,水体,0.9584,0.9781,0.9395,365
w1,A,1,草本旱地,0.8344,0.8681,0.8033,1948
w1,A,3,灌溉耕地,0.7855,0.7305,0.8495,1484
w1,A,5,落叶阔叶林,0.7452,0.7341,0.7568,267
w1,A,6,常绿针叶林,0.8187,0.8974,0.7527,78
w1,A,7,落叶针叶林,0.7102,0.6493,0.7838,134
w1,A,8,针阔混交林,0.0,0.0,0.0,8
w1,A,10,落叶灌丛,0.8685,0.9106,0.8301,2216
w1,A,11,草地,0.8859,0.8386,0.939,477
w1,A,13,稀疏植被,0.0,0.0,0.0,1
w1,A,15,草本沼泽,0.6976,0.5945,0.8439,291
w1,A,16,湖河滩地,0.7948,0.8079,0.7821,151
w1,A,17,盐渍湿地,0.0,0.0,0.0,7
w1,A,21,不透水面,0.9794,0.9785,0.9804,1534
w1,A,22,裸地,0.8721,0.8333,0.9146,90
w1,A,23,水体,0.9582,0.9726,0.9441,365
w1,B,1,草本旱地,0.8401,0.8737,0.8089,1948
w1,B,3,灌溉耕地,0.7859,0.7311,0.8496,1484
w1,B,5,落叶阔叶林,0.7567,0.7453,0.7683,267
w1,B,6,常绿针叶林,0.7582,0.7436,0.7733,78
w1,B,7,落叶针叶林,0.7138,0.7164,0.7111,134
w1,B,8,针阔混交林,0.0,0.0,0.0,8
w1,B,10,落叶灌丛,0.8727,0.9061,0.8416,2216
w1,B,11,草地,0.8882,0.8574,0.9212,477
w1,B,13,稀疏植被,0.0,0.0,0.0,1
w1,B,15,草本沼泽,0.6855,0.5842,0.8293,291
w1,B,16,湖河滩地,0.7867,0.7815,0.7919,151
w1,B,17,盐渍湿地,0.0,0.0,0.0,7
w1,B,21,不透水面,0.98,0.9902,0.97,1534
w1,B,22,裸地,0.8675,0.8,0.9474,90
w1,B,23,水体,0.9568,0.9699,0.944,365
w1,B,1,草本旱地,0.834,0.8624,0.8073,1948
w1,B,3,灌溉耕地,0.7855,0.7365,0.8414,1484
w1,B,5,落叶阔叶林,0.7644,0.7715,0.7574,267
w1,B,6,常绿针叶林,0.7662,0.7564,0.7763,78
w1,B,7,落叶针叶林,0.7333,0.7388,0.7279,134
w1,B,8,针阔混交林,0.0,0.0,0.0,8
w1,B,10,落叶灌丛,0.8738,0.9048,0.8449,2216
w1,B,11,草地,0.8865,0.8512,0.9248,477
w1,B,13,稀疏植被,0.0,0.0,0.0,1
w1,B,15,草本沼泽,0.7149,0.6117,0.8599,291
w1,B,16,湖河滩地,0.8108,0.7947,0.8276,151
w1,B,17,盐渍湿地,0.0,0.0,0.0,7
w1,B,21,不透水面,0.9787,0.9902,0.9675,1534
w1,B,22,裸地,0.8675,0.8,0.9474,90
w1,B,23,水体,0.9569,0.9726,0.9416,365
w1,B,1,草本旱地,0.8379,0.8691,0.8089,1948
w1,B,3,灌溉耕地,0.7874,0.7338,0.8495,1484
w1,B,5,落叶阔叶林,0.75,0.764,0.7365,267
w1,B,6,常绿针叶林,0.8,0.8205,0.7805,78
w1,B,7,落叶针叶林,0.7451,0.709,0.7851,134
w1,B,8,针阔混交林,0.0,0.0,0.0,8
w1,B,10,落叶灌丛,0.8721,0.9075,0.8393,2216
w1,B,11,草地,0.8889,0.847,0.9352,477
w1,B,13,稀疏植被,0.0,0.0,0.0,1
w1,B,15,草本沼泽,0.6939,0.5842,0.8543,291
w1,B,16,湖河滩地,0.8094,0.8013,0.8176,151
w1,B,17,盐渍湿地,0.0,0.0,0.0,7
w1,B,21,不透水面,0.9768,0.9883,0.9656,1534
w1,B,22,裸地,0.8675,0.8,0.9474,90
w1,B,23,水体,0.9622,0.9753,0.9493,365
w1,D,1,草本旱地,0.8401,0.8737,0.8089,1948
w1,D,3,灌溉耕地,0.7859,0.7311,0.8496,1484
w1,D,5,落叶阔叶林,0.7567,0.7453,0.7683,267
w1,D,6,常绿针叶林,0.7582,0.7436,0.7733,78
w1,D,7,落叶针叶林,0.7138,0.7164,0.7111,134
w1,D,8,针阔混交林,0.0,0.0,0.0,8
w1,D,10,落叶灌丛,0.8727,0.9061,0.8416,2216
w1,D,11,草地,0.8882,0.8574,0.9212,477
w1,D,13,稀疏植被,0.0,0.0,0.0,1
w1,D,15,草本沼泽,0.6855,0.5842,0.8293,291
w1,D,16,湖河滩地,0.7867,0.7815,0.7919,151
w1,D,17,盐渍湿地,0.0,0.0,0.0,7
w1,D,21,不透水面,0.98,0.9902,0.97,1534
w1,D,22,裸地,0.8675,0.8,0.9474,90
w1,D,23,水体,0.9568,0.9699,0.944,365
w1,D,1,草本旱地,0.835,0.8701,0.8026,1948
w1,D,3,灌溉耕地,0.7826,0.7264,0.8482,1484
w1,D,5,落叶阔叶林,0.7505,0.7603,0.7409,267
w1,D,6,常绿针叶林,0.8098,0.8462,0.7765,78
w1,D,7,落叶针叶林,0.7097,0.6567,0.7719,134
w1,D,8,针阔混交林,0.0,0.0,0.0,8
w1,D,10,落叶灌丛,0.8746,0.9097,0.8421,2216
w1,D,11,草地,0.8812,0.8323,0.9363,477
w1,D,13,稀疏植被,0.0,0.0,0.0,1
w1,D,15,草本沼泽,0.6978,0.5911,0.8515,291
w1,D,16,湖河滩地,0.8092,0.8146,0.8039,151
w1,D,17,盐渍湿地,0.0,0.0,0.0,7
w1,D,21,不透水面,0.979,0.9889,0.9693,1534
w1,D,22,裸地,0.8772,0.8333,0.9259,90
w1,D,23,水体,0.9609,0.9753,0.9468,365
w1,D,1,草本旱地,0.8374,0.8686,0.8084,1948
w1,D,3,灌溉耕地,0.7824,0.7291,0.844,1484
w1,D,5,落叶阔叶林,0.7635,0.7678,0.7593,267
w1,D,6,常绿针叶林,0.8366,0.8205,0.8533,78
w1,D,7,落叶针叶林,0.7463,0.7463,0.7463,134
w1,D,8,针阔混交林,0.0,0.0,0.0,8
w1,D,10,落叶灌丛,0.8712,0.9079,0.8373,2216
w1,D,11,草地,0.8818,0.8365,0.9322,477
w1,D,13,稀疏植被,0.0,0.0,0.0,1
w1,D,15,草本沼泽,0.6721,0.5636,0.8325,291
w1,D,16,湖河滩地,0.8028,0.7682,0.8406,151
w1,D,17,盐渍湿地,0.0,0.0,0.0,7
w1,D,21,不透水面,0.9778,0.9909,0.9651,1534
w1,D,22,裸地,0.8503,0.7889,0.9221,90
w1,D,23,水体,0.9624,0.9808,0.9446,365
w1,D,1,草本旱地,0.8405,0.867,0.8155,1948
w1,D,3,灌溉耕地,0.7953,0.7473,0.8498,1484
w1,D,5,落叶阔叶林,0.7505,0.7603,0.7409,267
w1,D,6,常绿针叶林,0.7815,0.7564,0.8082,78
w1,D,7,落叶针叶林,0.7252,0.709,0.7422,134
w1,D,8,针阔混交林,0.0,0.0,0.0,8
w1,D,10,落叶灌丛,0.8747,0.9088,0.843,2216
w1,D,11,草地,0.8872,0.8491,0.9289,477
w1,D,13,稀疏植被,0.0,0.0,0.0,1
w1,D,15,草本沼泽,0.7106,0.6117,0.8476,291
w1,D,16,湖河滩地,0.8123,0.7881,0.838,151
w1,D,17,盐渍湿地,0.0,0.0,0.0,7
w1,D,21,不透水面,0.979,0.9876,0.9705,1534
w1,D,22,裸地,0.8953,0.8556,0.939,90
w1,D,23,水体,0.9584,0.9781,0.9395,365
w1,D,1,草本旱地,0.8349,0.8634,0.8083,1948
w1,D,3,灌溉耕地,0.7892,0.7406,0.8447,1484
w1,D,5,落叶阔叶林,0.7477,0.7491,0.7463,267
w1,D,6,常绿针叶林,0.7975,0.8077,0.7875,78
w1,D,7,落叶针叶林,0.7244,0.6866,0.7667,134
w1,D,8,针阔混交林,0.0,0.0,0.0,8
w1,D,10,落叶灌丛,0.8737,0.907,0.8428,2216
w1,D,11,草地,0.884,0.847,0.9245,477
w1,D,13,稀疏植被,0.0,0.0,0.0,1
w1,D,15,草本沼泽,0.7106,0.6117,0.8476,291
w1,D,16,湖河滩地,0.8013,0.7881,0.8151,151
w1,D,17,盐渍湿地,0.0,0.0,0.0,7
w1,D,21,不透水面,0.9781,0.9883,0.9681,1534
w1,D,22,裸地,0.8434,0.7778,0.9211,90
w1,D,23,水体,0.9571,0.9781,0.937,365
w1,D,1,草本旱地,0.834,0.8624,0.8073,1948
w1,D,3,灌溉耕地,0.7855,0.7365,0.8414,1484
w1,D,5,落叶阔叶林,0.7644,0.7715,0.7574,267
w1,D,6,常绿针叶林,0.7662,0.7564,0.7763,78
w1,D,7,落叶针叶林,0.7333,0.7388,0.7279,134
w1,D,8,针阔混交林,0.0,0.0,0.0,8
w1,D,10,落叶灌丛,0.8738,0.9048,0.8449,2216
w1,D,11,草地,0.8865,0.8512,0.9248,477
w1,D,13,稀疏植被,0.0,0.0,0.0,1
w1,D,15,草本沼泽,0.7149,0.6117,0.8599,291
w1,D,16,湖河滩地,0.8108,0.7947,0.8276,151
w1,D,17,盐渍湿地,0.0,0.0,0.0,7
w1,D,21,不透水面,0.9787,0.9902,0.9675,1534
w1,D,22,裸地,0.8675,0.8,0.9474,90
w1,D,23,水体,0.9569,0.9726,0.9416,365
w1,D,1,草本旱地,0.8398,0.8717,0.8101,1948
w1,D,3,灌溉耕地,0.7913,0.7372,0.854,1484
w1,D,5,落叶阔叶林,0.7595,0.7453,0.7743,267
w1,D,6,常绿针叶林,0.8293,0.8718,0.7907,78
w1,D,7,落叶针叶林,0.7381,0.694,0.7881,134
w1,D,8,针阔混交林,0.0,0.0,0.0,8
w1,D,10,落叶灌丛,0.8713,0.9116,0.8344,2216
w1,D,11,草地,0.8794,0.8407,0.9218,477
w1,D,13,稀疏植被,0.0,0.0,0.0,1
w1,D,15,草本沼泽,0.679,0.567,0.8462,291
w1,D,16,湖河滩地,0.7879,0.7748,0.8014,151
w1,D,17,盐渍湿地,0.0,0.0,0.0,7
w1,D,21,不透水面,0.9781,0.9876,0.9687,1534
w1,D,22,裸地,0.8434,0.7778,0.9211,90
w1,D,23,水体,0.9582,0.9726,0.9441,365
w1,D,1,草本旱地,0.8398,0.8665,0.8147,1948
w1,D,3,灌溉耕地,0.7979,0.7513,0.8505,1484
w1,D,5,落叶阔叶林,0.745,0.7603,0.7302,267
w1,D,6,常绿针叶林,0.795,0.8205,0.7711,78
w1,D,7,落叶针叶林,0.7115,0.6716,0.7563,134
w1,D,8,针阔混交林,0.0,0.0,0.0,8
w1,D,10,落叶灌丛,0.873,0.9088,0.8399,2216
w1,D,11,草地,0.8746,0.826,0.9292,477
w1,D,13,稀疏植被,0.0,0.0,0.0,1
w1,D,15,草本沼泽,0.7134,0.6117,0.8558,291
w1,D,16,湖河滩地,0.7835,0.755,0.8143,151
w1,D,17,盐渍湿地,0.0,0.0,0.0,7
w1,D,21,不透水面,0.9784,0.987,0.9699,1534
w1,D,22,裸地,0.8503,0.7889,0.9221,90
w1,D,23,水体,0.9584,0.9781,0.9395,365
w1,D,1,草本旱地,0.8338,0.8629,0.8066,1948
w1,D,3,灌溉耕地,0.7884,0.7406,0.8428,1484
w1,D,5,落叶阔叶林,0.7644,0.7715,0.7574,267
w1,D,6,常绿针叶林,0.805,0.8205,0.7901,78
w1,D,7,落叶针叶林,0.7481,0.7313,0.7656,134
w1,D,8,针阔混交林,0.0,0.0,0.0,8
w1,D,10,落叶灌丛,0.8721,0.9075,0.8393,2216
w1,D,11,草地,0.88,0.8302,0.9362,477
w1,D,13,稀疏植被,0.0,0.0,0.0,1
w1,D,15,草本沼泽,0.701,0.5842,0.8763,291
w1,D,16,湖河滩地,0.8,0.7815,0.8194,151
w1,D,17,盐渍湿地,0.0,0.0,0.0,7
w1,D,21,不透水面,0.9794,0.9896,0.9693,1534
w1,D,22,裸地,0.8736,0.8444,0.9048,90
w1,D,23,水体,0.9595,0.9726,0.9467,365
w1,D,1,草本旱地,0.8363,0.8629,0.8113,1948
w1,D,3,灌溉耕地,0.791,0.746,0.8418,1484
w1,D,5,落叶阔叶林,0.7585,0.7528,0.7643,267
w1,D,6,常绿针叶林,0.8148,0.8462,0.7857,78
w1,D,7,落叶针叶林,0.7373,0.7015,0.7769,134
w1,D,8,针阔混交林,0.0,0.0,0.0,8
w1,D,10,落叶灌丛,0.8715,0.903,0.8422,2216
w1,D,11,草地,0.8831,0.847,0.9224,477
w1,D,13,稀疏植被,0.0,0.0,0.0,1
w1,D,15,草本沼泽,0.6855,0.5842,0.8293,291
w1,D,16,湖河滩地,0.8129,0.8344,0.7925,151
w1,D,17,盐渍湿地,0.0,0.0,0.0,7
w1,D,21,不透水面,0.981,0.9909,0.9712,1534
w1,D,22,裸地,0.8588,0.8111,0.9125,90
w1,D,23,水体,0.9593,0.9699,0.9491,365
w1,D,1,草本旱地,0.8379,0.8691,0.8089,1948
w1,D,3,灌溉耕地,0.7874,0.7338,0.8495,1484
w1,D,5,落叶阔叶林,0.75,0.764,0.7365,267
w1,D,6,常绿针叶林,0.8,0.8205,0.7805,78
w1,D,7,落叶针叶林,0.7451,0.709,0.7851,134
w1,D,8,针阔混交林,0.0,0.0,0.0,8
w1,D,10,落叶灌丛,0.8721,0.9075,0.8393,2216
w1,D,11,草地,0.8889,0.847,0.9352,477
w1,D,13,稀疏植被,0.0,0.0,0.0,1
w1,D,15,草本沼泽,0.6939,0.5842,0.8543,291
w1,D,16,湖河滩地,0.8094,0.8013,0.8176,151
w1,D,17,盐渍湿地,0.0,0.0,0.0,7
w1,D,21,不透水面,0.9768,0.9883,0.9656,1534
w1,D,22,裸地,0.8675,0.8,0.9474,90
w1,D,23,水体,0.9622,0.9753,0.9493,365
w1,D,1,草本旱地,0.8381,0.8691,0.8093,1948
w1,D,3,灌溉耕地,0.7884,0.7392,0.8445,1484
w1,D,5,落叶阔叶林,0.7463,0.7491,0.7435,267
w1,D,6,常绿针叶林,0.8,0.8205,0.7805,78
w1,D,7,落叶针叶林,0.7237,0.694,0.7561,134
w1,D,8,针阔混交林,0.0,0.0,0.0,8
w1,D,10,落叶灌丛,0.871,0.9048,0.8396,2216
w1,D,11,草地,0.8783,0.8323,0.9297,477
w1,D,13,稀疏植被,0.0,0.0,0.0,1
w1,D,15,草本沼泽,0.6949,0.5911,0.8431,291
w1,D,16,湖河滩地,0.7881,0.7881,0.7881,151
w1,D,17,盐渍湿地,0.0,0.0,0.0,7
w1,D,21,不透水面,0.9784,0.9876,0.9693,1534
w1,D,22,裸地,0.8537,0.7778,0.9459,90
w1,D,23,水体,0.9597,0.9781,0.942,365
w1,D,1,草本旱地,0.8375,0.8691,0.8081,1948
w1,D,3,灌溉耕地,0.7903,0.7392,0.8491,1484
w1,D,5,落叶阔叶林,0.7542,0.7528,0.7556,267
w1,D,6,常绿针叶林,0.8171,0.859,0.7791,78
w1,D,7,落叶针叶林,0.7323,0.694,0.775,134
w1,D,8,针阔混交林,0.0,0.0,0.0,8
w1,D,10,落叶灌丛,0.8715,0.907,0.8385,2216
w1,D,11,草地,0.879,0.8302,0.934,477
w1,D,13,稀疏植被,0.0,0.0,0.0,1
w1,D,15,草本沼泽,0.6988,0.5979,0.8406,291
w1,D,16,湖河滩地,0.7945,0.7682,0.8227,151
w1,D,17,盐渍湿地,0.0,0.0,0.0,7
w1,D,21,不透水面,0.9777,0.987,0.9687,1534
w1,D,22,裸地,0.8605,0.8222,0.9024,90
w1,D,23,水体,0.961,0.9781,0.9444,365
w1,D,1,草本旱地,0.8389,0.8676,0.8121,1948
w1,D,3,灌溉耕地,0.7902,0.7385,0.8496,1484
w1,D,5,落叶阔叶林,0.7607,0.7678,0.7537,267
w1,D,6,常绿针叶林,0.8323,0.859,0.8072,78
w1,D,7,落叶针叶林,0.75,0.7164,0.7869,134
w1,D,8,针阔混交林,0.0,0.0,0.0,8
w1,D,10,落叶灌丛,0.8708,0.9097,0.8351,2216
w1,D,11,草地,0.8813,0.8407,0.9261,477
w1,D,13,稀疏植被,0.0,0.0,0.0,1
w1,D,15,草本沼泽,0.6818,0.567,0.8549,291
w1,D,16,湖河滩地,0.7677,0.755,0.7808,151
w1,D,17,盐渍湿地,0.0,0.0,0.0,7
w1,D,21,不透水面,0.9803,0.9896,0.9712,1534
w1,D,22,裸地,0.8452,0.7889,0.9103,90
w1,D,23,水体,0.9555,0.9699,0.9415,365
w1,D,1,草本旱地,0.8394,0.865,0.8152,1948
w1,D,3,灌溉耕地,0.7924,0.746,0.845,1484
w1,D,5,落叶阔叶林,0.7382,0.7341,0.7424,267
w1,D,6,常绿针叶林,0.7975,0.8333,0.7647,78
w1,D,7,落叶针叶林,0.7209,0.694,0.75,134
w1,D,8,针阔混交林,0.0,0.0,0.0,8
w1,D,10,落叶灌丛,0.8721,0.9088,0.8381,2216
w1,D,11,草地,0.884,0.8386,0.9346,477
w1,D,13,稀疏植被,0.0,0.0,0.0,1
w1,D,15,草本沼泽,0.6978,0.5911,0.8515,291
w1,D,16,湖河滩地,0.7762,0.7351,0.8222,151
w1,D,17,盐渍湿地,0.0,0.0,0.0,7
w1,D,21,不透水面,0.9794,0.9915,0.9676,1534
w1,D,22,裸地,0.8721,0.8333,0.9146,90
w1,D,23,水体,0.957,0.9753,0.9393,365
w2,A,1,草本旱地,0.8112,0.8769,0.7546,1543
w2,A,2,乔灌园地,0.0,0.0,0.0,46
w2,A,3,灌溉耕地,0.7222,0.65,0.8125,480
w2,A,4,常绿阔叶林,0.8299,0.8553,0.8059,1175
w2,A,5,落叶阔叶林,0.8335,0.8532,0.8147,1860
w2,A,6,常绿针叶林,0.8953,0.9044,0.8863,1172
w2,A,8,针阔混交林,0.0,0.0,0.0,1
w2,A,9,常绿灌丛,0.0,0.0,0.0,60
w2,A,10,落叶灌丛,0.7685,0.7612,0.7758,2446
w2,A,11,草地,0.7508,0.6401,0.9079,539
w2,A,15,草本沼泽,0.0,0.0,0.0,12
w2,A,16,湖河滩地,0.6377,0.5366,0.7857,41
w2,A,21,不透水面,0.9736,0.9747,0.9724,869
w2,A,23,水体,0.9453,0.936,0.9548,203
w2,A,1,草本旱地,0.8137,0.8788,0.7575,1543
w2,A,2,乔灌园地,0.0,0.0,0.0,46
w2,A,3,灌溉耕地,0.7292,0.6562,0.8203,480
w2,A,4,常绿阔叶林,0.823,0.8511,0.7968,1175
w2,A,5,落叶阔叶林,0.8324,0.8489,0.8164,1860
w2,A,6,常绿针叶林,0.8989,0.9061,0.8917,1172
w2,A,8,针阔混交林,0.0,0.0,0.0,1
w2,A,9,常绿灌丛,0.0,0.0,0.0,60
w2,A,10,落叶灌丛,0.7711,0.7686,0.7737,2446
w2,A,11,草地,0.7329,0.616,0.9046,539
w2,A,15,草本沼泽,0.0,0.0,0.0,12
w2,A,16,湖河滩地,0.5484,0.4146,0.8095,41
w2,A,21,不透水面,0.9771,0.9804,0.9737,869
w2,A,23,水体,0.938,0.931,0.945,203
w2,A,1,草本旱地,0.8072,0.8723,0.7511,1543
w2,A,2,乔灌园地,0.0,0.0,0.0,46
w2,A,3,灌溉耕地,0.7166,0.6375,0.8182,480
w2,A,4,常绿阔叶林,0.8257,0.8587,0.7951,1175
w2,A,5,落叶阔叶林,0.8292,0.8446,0.8144,1860
w2,A,6,常绿针叶林,0.8971,0.9036,0.8907,1172
w2,A,8,针阔混交林,0.0,0.0,0.0,1
w2,A,9,常绿灌丛,0.0,0.0,0.0,60
w2,A,10,落叶灌丛,0.7652,0.7596,0.771,2446
w2,A,11,草地,0.7454,0.6382,0.8958,539
w2,A,15,草本沼泽,0.0,0.0,0.0,12
w2,A,16,湖河滩地,0.5574,0.4146,0.85,41
w2,A,21,不透水面,0.9731,0.977,0.9692,869
w2,A,23,水体,0.9386,0.9409,0.9363,203
w2,B,1,草本旱地,0.8065,0.8736,0.7489,1543
w2,B,2,乔灌园地,0.0,0.0,0.0,46
w2,B,3,灌溉耕地,0.717,0.6333,0.8261,480
w2,B,4,常绿阔叶林,0.8296,0.8579,0.8032,1175
w2,B,5,落叶阔叶林,0.8358,0.8608,0.8123,1860
w2,B,6,常绿针叶林,0.8938,0.8976,0.89,1172
w2,B,8,针阔混交林,0.0,0.0,0.0,1
w2,B,9,常绿灌丛,0.0,0.0,0.0,60
w2,B,10,落叶灌丛,0.7651,0.7522,0.7783,2446
w2,B,11,草地,0.7505,0.6419,0.9034,539
w2,B,15,草本沼泽,0.0,0.0,0.0,12
w2,B,16,湖河滩地,0.4839,0.3659,0.7143,41
w2,B,21,不透水面,0.9728,0.9862,0.9597,869
w2,B,23,水体,0.9395,0.9557,0.9238,203
w2,B,1,草本旱地,0.8119,0.8769,0.7559,1543
w2,B,2,乔灌园地,0.0,0.0,0.0,46
w2,B,3,灌溉耕地,0.7239,0.6417,0.8302,480
w2,B,4,常绿阔叶林,0.8255,0.8494,0.8029,1175
w2,B,5,落叶阔叶林,0.8322,0.8575,0.8084,1860
w2,B,6,常绿针叶林,0.8961,0.901,0.8911,1172
w2,B,8,针阔混交林,0.0,0.0,0.0,1
w2,B,9,常绿灌丛,0.0,0.0,0.0,60
w2,B,10,落叶灌丛,0.7649,0.7547,0.7753,2446
w2,B,11,草地,0.7459,0.6401,0.8938,539
w2,B,15,草本沼泽,0.0,0.0,0.0,12
w2,B,16,湖河滩地,0.5938,0.4634,0.8261,41
w2,B,21,不透水面,0.9705,0.985,0.9564,869
w2,B,23,水体,0.9429,0.936,0.95,203
w2,B,1,草本旱地,0.8088,0.8743,0.7524,1543
w2,B,2,乔灌园地,0.0,0.0,0.0,46
w2,B,3,灌溉耕地,0.7168,0.6458,0.8052,480
w2,B,4,常绿阔叶林,0.8181,0.8477,0.7905,1175
w2,B,5,落叶阔叶林,0.8265,0.8478,0.8062,1860
w2,B,6,常绿针叶林,0.8922,0.8968,0.8877,1172
w2,B,8,针阔混交林,0.0,0.0,0.0,1
w2,B,9,常绿灌丛,0.0,0.0,0.0,60
w2,B,10,落叶灌丛,0.7621,0.7498,0.7748,2446
w2,B,11,草地,0.7505,0.6475,0.8926,539
w2,B,15,草本沼泽,0.0,0.0,0.0,12
w2,B,16,湖河滩地,0.5484,0.4146,0.8095,41
w2,B,21,不透水面,0.9716,0.9839,0.9596,869
w2,B,23,水体,0.9552,0.9458,0.9648,203
w2,D,1,草本旱地,0.807,0.8782,0.7466,1543
w2,D,2,乔灌园地,0.0,0.0,0.0,46
w2,D,3,灌溉耕地,0.7114,0.6292,0.8184,480
w2,D,4,常绿阔叶林,0.8277,0.8545,0.8026,1175
w2,D,5,落叶阔叶林,0.8326,0.8581,0.8085,1860
w2,D,6,常绿针叶林,0.899,0.9002,0.8979,1172
w2,D,8,针阔混交林,0.0,0.0,0.0,1
w2,D,9,常绿灌丛,0.0,0.0,0.0,60
w2,D,10,落叶灌丛,0.7666,0.7559,0.7775,2446
w2,D,11,草地,0.7453,0.6215,0.9306,539
w2,D,15,草本沼泽,0.0,0.0,0.0,12
w2,D,16,湖河滩地,0.5714,0.4878,0.6897,41
w2,D,21,不透水面,0.9739,0.9862,0.9618,869
w2,D,23,水体,0.951,0.9557,0.9463,203
w2,D,1,草本旱地,0.8095,0.8769,0.7517,1543
w2,D,2,乔灌园地,0.0,0.0,0.0,46
w2,D,3,灌溉耕地,0.7141,0.6375,0.8117,480
w2,D,4,常绿阔叶林,0.8275,0.8655,0.7927,1175
w2,D,5,落叶阔叶林,0.8322,0.8516,0.8136,1860
w2,D,6,常绿针叶林,0.9006,0.901,0.9003,1172
w2,D,8,针阔混交林,0.0,0.0,0.0,1
w2,D,9,常绿灌丛,0.0,0.0,0.0,60
w2,D,10,落叶灌丛,0.7657,0.7535,0.7783,2446
w2,D,11,草地,0.7405,0.6327,0.8927,539
w2,D,15,草本沼泽,0.0,0.0,0.0,12
w2,D,16,湖河滩地,0.6667,0.5366,0.88,41
w2,D,21,不透水面,0.9727,0.985,0.9607,869
w2,D,23,水体,0.9406,0.936,0.9453,203
w2,D,1,草本旱地,0.807,0.8782,0.7466,1543
w2,D,2,乔灌园地,0.0,0.0,0.0,46
w2,D,3,灌溉耕地,0.7092,0.625,0.8197,480
w2,D,4,常绿阔叶林,0.8266,0.8502,0.8043,1175
w2,D,5,落叶阔叶林,0.8339,0.8608,0.8086,1860
w2,D,6,常绿针叶林,0.8967,0.8959,0.8974,1172
w2,D,8,针阔混交林,0.0,0.0,0.0,1
w2,D,9,常绿灌丛,0.0,0.0,0.0,60
w2,D,10,落叶灌丛,0.7648,0.7522,0.7777,2446
w2,D,11,草地,0.7503,0.6494,0.8883,539
w2,D,15,草本沼泽,0.0,0.0,0.0,12
w2,D,16,湖河滩地,0.5357,0.3659,1.0,41
w2,D,21,不透水面,0.9728,0.9885,0.9576,869
w2,D,23,水体,0.9383,0.936,0.9406,203
w2,D,1,草本旱地,0.807,0.8795,0.7456,1543
w2,D,2,乔灌园地,0.0,0.0,0.0,46
w2,D,3,灌溉耕地,0.71,0.6146,0.8405,480
w2,D,4,常绿阔叶林,0.8296,0.8638,0.798,1175
w2,D,5,落叶阔叶林,0.8339,0.8527,0.8158,1860
w2,D,6,常绿针叶林,0.8994,0.8968,0.9021,1172
w2,D,8,针阔混交林,0.0,0.0,0.0,1
w2,D,9,常绿灌丛,0.0,0.0,0.0,60
w2,D,10,落叶灌丛,0.7674,0.7572,0.7778,2446
w2,D,11,草地,0.7497,0.6531,0.88,539
w2,D,15,草本沼泽,0.0,0.0,0.0,12
w2,D,16,湖河滩地,0.6667,0.5366,0.88,41
w2,D,21,不透水面,0.9722,0.985,0.9596,869
w2,D,23,水体,0.945,0.931,0.9594,203
w2,D,1,草本旱地,0.8126,0.8782,0.7561,1543
w2,D,2,乔灌园地,0.0,0.0,0.0,46
w2,D,3,灌溉耕地,0.7233,0.6479,0.8184,480
w2,D,4,常绿阔叶林,0.8283,0.8604,0.7986,1175
w2,D,5,落叶阔叶林,0.8322,0.8575,0.8084,1860
w2,D,6,常绿针叶林,0.8977,0.8985,0.8969,1172
w2,D,8,针阔混交林,0.0,0.0,0.0,1
w2,D,9,常绿灌丛,0.0,0.0,0.0,60
w2,D,10,落叶灌丛,0.7648,0.7498,0.7804,2446
w2,D,11,草地,0.7457,0.6419,0.8895,539
w2,D,15,草本沼泽,0.0,0.0,0.0,12
w2,D,16,湖河滩地,0.6129,0.4634,0.9048,41
w2,D,21,不透水面,0.9728,0.9885,0.9576,869
w2,D,23,水体,0.9412,0.9458,0.9366,203
w2,D,1,草本旱地,0.814,0.8866,0.7525,1543
w2,D,2,乔灌园地,0.0,0.0,0.0,46
w2,D,3,灌溉耕地,0.7178,0.6333,0.8283,480
w2,D,4,常绿阔叶林,0.8284,0.8545,0.8038,1175
w2,D,5,落叶阔叶林,0.8352,0.8597,0.8121,1860
w2,D,6,常绿针叶林,0.901,0.9044,0.8975,1172
w2,D,8,针阔混交林,0.0,0.0,0.0,1
w2,D,9,常绿灌丛,0.0,0.0,0.0,60
w2,D,10,落叶灌丛,0.7671,0.7535,0.7813,2446
w2,D,11,草地,0.7508,0.6456,0.8969,539
w2,D,15,草本沼泽,0.0,0.0,0.0,12
w2,D,16,湖河滩地,0.5079,0.3902,0.7273,41
w2,D,21,不透水面,0.9756,0.9873,0.964,869
w2,D,23,水体,0.9337,0.936,0.9314,203
w2,D,1,草本旱地,0.8129,0.8853,0.7514,1543
w2,D,2,乔灌园地,0.0,0.0,0.0,46
w2,D,3,灌溉耕地,0.7134,0.625,0.831,480
w2,D,4,常绿阔叶林,0.8247,0.8587,0.7932,1175
w2,D,5,落叶阔叶林,0.8325,0.8522,0.8137,1860
w2,D,6,常绿针叶林,0.8929,0.8891,0.8967,1172
w2,D,8,针阔混交林,0.0,0.0,0.0,1
w2,D,9,常绿灌丛,0.0,0.0,0.0,60
w2,D,10,落叶灌丛,0.7669,0.758,0.7761,2446
w2,D,11,草地,0.7484,0.6401,0.9008,539
w2,D,15,草本沼泽,0.0,0.0,0.0,12
w2,D,16,湖河滩地,0.6061,0.4878,0.8,41
w2,D,21,不透水面,0.9721,0.9839,0.9607,869
w2,D,23,水体,0.9453,0.936,0.9548,203
w2,D,1,草本旱地,0.8091,0.8762,0.7515,1543
w2,D,2,乔灌园地,0.0,0.0,0.0,46
w2,D,3,灌溉耕地,0.7112,0.6208,0.8324,480
w2,D,4,常绿阔叶林,0.8307,0.8604,0.803,1175
w2,D,5,落叶阔叶林,0.833,0.8608,0.807,1860
w2,D,6,常绿针叶林,0.8982,0.8993,0.897,1172
w2,D,8,针阔混交林,0.0,0.0,0.0,1
w2,D,9,常绿灌丛,0.0,0.0,0.0,60
w2,D,10,落叶灌丛,0.7666,0.7547,0.7789,2446
w2,D,11,草地,0.7527,0.6438,0.906,539
w2,D,15,草本沼泽,0.0,0.0,0.0,12
w2,D,16,湖河滩地,0.5246,0.3902,0.8,41
w2,D,21,不透水面,0.9717,0.9873,0.9565,869
w2,D,23,水体,0.9383,0.936,0.9406,203
w2,D,1,草本旱地,0.8073,0.8795,0.746,1543
w2,D,2,乔灌园地,0.0,0.0,0.0,46
w2,D,3,灌溉耕地,0.7113,0.6312,0.8145,480
w2,D,4,常绿阔叶林,0.8299,0.8638,0.7986,1175
w2,D,5,落叶阔叶林,0.8332,0.857,0.8108,1860
w2,D,6,常绿针叶林,0.8971,0.8959,0.8982,1172
w2,D,8,针阔混交林,0.0,0.0,0.0,1
w2,D,9,常绿灌丛,0.0,0.0,0.0,60
w2,D,10,落叶灌丛,0.7643,0.7486,0.7808,2446
w2,D,11,草地,0.7341,0.6327,0.8744,539
w2,D,15,草本沼泽,0.0,0.0,0.0,12
w2,D,16,湖河滩地,0.6364,0.5122,0.84,41
w2,D,21,不透水面,0.975,0.9873,0.963,869
w2,D,23,水体,0.9502,0.9409,0.9598,203
w2,D,1,草本旱地,0.8097,0.8743,0.7541,1543
w2,D,2,乔灌园地,0.0,0.0,0.0,46
w2,D,3,灌溉耕地,0.7222,0.6417,0.8257,480
w2,D,4,常绿阔叶林,0.8306,0.8511,0.811,1175
w2,D,5,落叶阔叶林,0.8333,0.8548,0.8129,1860
w2,D,6,常绿针叶林,0.8971,0.9002,0.8941,1172
w2,D,8,针阔混交林,0.0,0.0,0.0,1
w2,D,9,常绿灌丛,0.0,0.0,0.0,60
w2,D,10,落叶灌丛,0.7668,0.7617,0.7721,2446
w2,D,11,草地,0.7562,0.6475,0.9089,539
w2,D,15,草本沼泽,0.0,0.0,0.0,12
w2,D,16,湖河滩地,0.5484,0.4146,0.8095,41
w2,D,21,不透水面,0.9728,0.9873,0.9587,869
w2,D,23,水体,0.9458,0.9458,0.9458,203
w2,D,1,草本旱地,0.8053,0.8684,0.7507,1543
w2,D,2,乔灌园地,0.0,0.0,0.0,46
w2,D,3,灌溉耕地,0.7198,0.6396,0.8231,480
w2,D,4,常绿阔叶林,0.8297,0.8519,0.8086,1175
w2,D,5,落叶阔叶林,0.834,0.8575,0.8117,1860
w2,D,6,常绿针叶林,0.8969,0.9019,0.892,1172
w2,D,8,针阔混交林,0.0,0.0,0.0,1
w2,D,9,常绿灌丛,0.0,0.0,0.0,60
w2,D,10,落叶灌丛,0.763,0.7547,0.7714,2446
w2,D,11,草地,0.7519,0.6494,0.8929,539
w2,D,15,草本沼泽,0.0,0.0,0.0,12
w2,D,16,湖河滩地,0.5172,0.3659,0.8824,41
w2,D,21,不透水面,0.9727,0.985,0.9607,869
w2,D,23,水体,0.9392,0.9507,0.9279,203
w2,D,1,草本旱地,0.8039,0.873,0.745,1543
w2,D,2,乔灌园地,0.0,0.0,0.0,46
w2,D,3,灌溉耕地,0.7029,0.6333,0.7896,480
w2,D,4,常绿阔叶林,0.83,0.8621,0.8002,1175
w2,D,5,落叶阔叶林,0.8339,0.8559,0.8131,1860
w2,D,6,常绿针叶林,0.8961,0.8976,0.8946,1172
w2,D,8,针阔混交林,0.0,0.0,0.0,1
w2,D,9,常绿灌丛,0.0,0.0,0.0,60
w2,D,10,落叶灌丛,0.7636,0.7494,0.7783,2446
w2,D,11,草地,0.7402,0.6289,0.8992,539
w2,D,15,草本沼泽,0.0,0.0,0.0,12
w2,D,16,湖河滩地,0.5806,0.439,0.8571,41
w2,D,21,不透水面,0.9745,0.9885,0.9609,869
w2,D,23,水体,0.9317,0.9409,0.9227,203
w2,D,1,草本旱地,0.8054,0.8769,0.7446,1543
w2,D,2,乔灌园地,0.0,0.0,0.0,46
w2,D,3,灌溉耕地,0.7124,0.6271,0.8247,480
w2,D,4,常绿阔叶林,0.8313,0.8579,0.8064,1175
w2,D,5,落叶阔叶林,0.8318,0.8522,0.8124,1860
w2,D,6,常绿针叶林,0.8978,0.9036,0.8922,1172
w2,D,8,针阔混交林,0.0,0.0,0.0,1
w2,D,9,常绿灌丛,0.0,0.0,0.0,60
w2,D,10,落叶灌丛,0.7666,0.7535,0.7803,2446
w2,D,11,草地,0.7447,0.6494,0.8728,539
w2,D,15,草本沼泽,0.0,0.0,0.0,12
w2,D,16,湖河滩地,0.5902,0.439,0.9,41
w2,D,21,不透水面,0.9727,0.985,0.9607,869
w2,D,23,水体,0.9409,0.9409,0.9409,203
w2,D,1,草本旱地,0.8129,0.8827,0.7533,1543
w2,D,2,乔灌园地,0.0,0.0,0.0,46
w2,D,3,灌溉耕地,0.7215,0.6396,0.8275,480
w2,D,4,常绿阔叶林,0.8291,0.8587,0.8014,1175
w2,D,5,落叶阔叶林,0.8296,0.8522,0.8083,1860
w2,D,6,常绿针叶林,0.8946,0.8908,0.8985,1172
w2,D,8,针阔混交林,0.0,0.0,0.0,1
w2,D,9,常绿灌丛,0.0,0.0,0.0,60
w2,D,10,落叶灌丛,0.7671,0.758,0.7764,2446
w2,D,11,草地,0.7419,0.6345,0.893,539
w2,D,15,草本沼泽,0.0,0.0,0.0,12
w2,D,16,湖河滩地,0.5357,0.3659,1.0,41
w2,D,21,不透水面,0.975,0.9885,0.9619,869
w2,D,23,水体,0.9415,0.9507,0.9324,203
w2,D,1,草本旱地,0.8068,0.8717,0.751,1543
w2,D,2,乔灌园地,0.0,0.0,0.0,46
w2,D,3,灌溉耕地,0.7183,0.6375,0.8226,480
w2,D,4,常绿阔叶林,0.8234,0.8511,0.7974,1175
w2,D,5,落叶阔叶林,0.8319,0.857,0.8083,1860
w2,D,6,常绿针叶林,0.8969,0.9019,0.892,1172
w2,D,8,针阔混交林,0.0,0.0,0.0,1
w2,D,9,常绿灌丛,0.0,0.0,0.0,60
w2,D,10,落叶灌丛,0.7636,0.7514,0.7762,2446
w2,D,11,草地,0.7575,0.6549,0.8982,539
w2,D,15,草本沼泽,0.0,0.0,0.0,12
w2,D,16,湖河滩地,0.5625,0.439,0.7826,41
w2,D,21,不透水面,0.9727,0.9827,0.9628,869
w2,D,23,水体,0.9481,0.9458,0.9505,203
w3,A,1,草本旱地,0.599,0.6724,0.5401,2283
w3,A,2,乔灌园地,0.0,0.0,0.0,83
w3,A,3,灌溉耕地,0.8397,0.8296,0.8501,1989
w3,A,4,常绿阔叶林,0.7889,0.8704,0.7213,4006
w3,A,5,落叶阔叶林,0.5148,0.4055,0.705,878
w3,A,6,常绿针叶林,0.8225,0.8077,0.8379,2444
w3,A,9,常绿灌丛,0.5782,0.5122,0.6636,3069
w3,A,10,落叶灌丛,0.688,0.685,0.691,4336
w3,A,11,草地,0.0,0.0,0.0,23
w3,A,15,草本沼泽,0.5926,0.5053,0.7164,95
w3,A,16,湖河滩地,0.6,0.4468,0.913,47
w3,A,19,海岸盐沼,0.0,0.0,0.0,2
w3,A,20,潮滩,0.0,0.0,0.0,2
w3,A,21,不透水面,0.9826,0.9858,0.9794,1835
w3,A,23,水体,0.9801,0.9853,0.975,951
w3,A,1,草本旱地,0.5967,0.6522,0.5499,2283
w3,A,2,乔灌园地,0.0,0.0,0.0,83
w3,A,3,灌溉耕地,0.8471,0.8401,0.8543,1989
w3,A,4,常绿阔叶林,0.7829,0.8727,0.7098,4006
w3,A,5,落叶阔叶林,0.527,0.4169,0.7162,878
w3,A,6,常绿针叶林,0.818,0.7991,0.8378,2444
w3,A,9,常绿灌丛,0.5621,0.493,0.6538,3069
w3,A,10,落叶灌丛,0.6882,0.6942,0.6822,4336
w3,A,11,草地,0.0,0.0,0.0,23
w3,A,15,草本沼泽,0.5823,0.4842,0.7302,95
w3,A,16,湖河滩地,0.6087,0.4468,0.9545,47
w3,A,19,海岸盐沼,0.0,0.0,0.0,2
w3,A,20,潮滩,0.0,0.0,0.0,2
w3,A,21,不透水面,0.9826,0.9869,0.9784,1835
w3,A,23,水体,0.9784,0.9779,0.9789,951
w3,A,1,草本旱地,0.5897,0.6557,0.5358,2283
w3,A,2,乔灌园地,0.0,0.0,0.0,83
w3,A,3,灌溉耕地,0.8432,0.8381,0.8483,1989
w3,A,4,常绿阔叶林,0.7884,0.8739,0.7182,4006
w3,A,5,落叶阔叶林,0.4876,0.369,0.7184,878
w3,A,6,常绿针叶林,0.826,0.8167,0.8355,2444
w3,A,9,常绿灌丛,0.5703,0.5054,0.6544,3069
w3,A,10,落叶灌丛,0.686,0.6838,0.6883,4336
w3,A,11,草地,0.0,0.0,0.0,23
w3,A,15,草本沼泽,0.5844,0.4737,0.7627,95
w3,A,16,湖河滩地,0.6316,0.5106,0.8276,47
w3,A,19,海岸盐沼,0.0,0.0,0.0,2
w3,A,20,潮滩,0.0,0.0,0.0,2
w3,A,21,不透水面,0.9834,0.9858,0.981,1835
w3,A,23,水体,0.978,0.9821,0.9739,951
w3,B,1,草本旱地,0.5881,0.6588,0.5311,2283
w3,B,2,乔灌园地,0.0,0.0,0.0,83
w3,B,3,灌溉耕地,0.8478,0.8401,0.8556,1989
w3,B,4,常绿阔叶林,0.7817,0.8807,0.7026,4006
w3,B,5,落叶阔叶林,0.5061,0.3998,0.6896,878
w3,B,6,常绿针叶林,0.8124,0.7823,0.8449,2444
w3,B,9,常绿灌丛,0.5617,0.4976,0.6448,3069
w3,B,10,落叶灌丛,0.6793,0.6674,0.6915,4336
w3,B,11,草地,0.0,0.0,0.0,23
w3,B,15,草本沼泽,0.6375,0.5368,0.7846,95
w3,B,16,湖河滩地,0.6286,0.4681,0.9565,47
w3,B,19,海岸盐沼,0.0,0.0,0.0,2
w3,B,20,潮滩,0.0,0.0,0.0,2
w3,B,21,不透水面,0.9819,0.9891,0.9748,1835
w3,B,23,水体,0.9775,0.9832,0.9719,951
w3,B,1,草本旱地,0.5916,0.654,0.5402,2283
w3,B,2,乔灌园地,0.0,0.0,0.0,83
w3,B,3,灌溉耕地,0.8486,0.8497,0.8475,1989
w3,B,4,常绿阔叶林,0.7834,0.8784,0.7069,4006
w3,B,5,落叶阔叶林,0.5052,0.3895,0.7185,878
w3,B,6,常绿针叶林,0.8176,0.7934,0.8434,2444
w3,B,9,常绿灌丛,0.5524,0.4744,0.6609,3069
w3,B,10,落叶灌丛,0.6915,0.6979,0.6852,4336
w3,B,11,草地,0.0,0.0,0.0,23
w3,B,15,草本沼泽,0.6375,0.5368,0.7846,95
w3,B,16,湖河滩地,0.6286,0.4681,0.9565,47
w3,B,19,海岸盐沼,0.0,0.0,0.0,2
w3,B,20,潮滩,0.0,0.0,0.0,2
w3,B,21,不透水面,0.9811,0.9896,0.9727,1835
w3,B,23,水体,0.9806,0.9842,0.977,951
w3,B,1,草本旱地,0.5917,0.6531,0.5408,2283
w3,B,2,乔灌园地,0.0,0.0,0.0,83
w3,B,3,灌溉耕地,0.8441,0.8436,0.8445,1989
w3,B,4,常绿阔叶林,0.7904,0.8787,0.7182,4006
w3,B,5,落叶阔叶林,0.515,0.4009,0.7198,878
w3,B,6,常绿针叶林,0.8221,0.7987,0.8469,2444
w3,B,9,常绿灌丛,0.5669,0.4959,0.6615,3069
w3,B,10,落叶灌丛,0.6924,0.6976,0.6872,4336
w3,B,11,草地,0.0,0.0,0.0,23
w3,B,15,草本沼泽,0.5917,0.5263,0.6757,95
w3,B,16,湖河滩地,0.4516,0.2979,0.9333,47
w3,B,19,海岸盐沼,0.0,0.0,0.0,2
w3,B,20,潮滩,0.0,0.0,0.0,2
w3,B,21,不透水面,0.9845,0.9891,0.98,1835
w3,B,23,水体,0.9785,0.9832,0.974,951
w3,D,1,草本旱地,0.5881,0.6588,0.5311,2283
w3,D,2,乔灌园地,0.0,0.0,0.0,83
w3,D,3,灌溉耕地,0.8478,0.8401,0.8556,1989
w3,D,4,常绿阔叶林,0.7817,0.8807,0.7026,4006
w3,D,5,落叶阔叶林,0.5061,0.3998,0.6896,878
w3,D,6,常绿针叶林,0.8124,0.7823,0.8449,2444
w3,D,9,常绿灌丛,0.5617,0.4976,0.6448,3069
w3,D,10,落叶灌丛,0.6793,0.6674,0.6915,4336
w3,D,11,草地,0.0,0.0,0.0,23
w3,D,15,草本沼泽,0.6375,0.5368,0.7846,95
w3,D,16,湖河滩地,0.6286,0.4681,0.9565,47
w3,D,19,海岸盐沼,0.0,0.0,0.0,2
w3,D,20,潮滩,0.0,0.0,0.0,2
w3,D,21,不透水面,0.9819,0.9891,0.9748,1835
w3,D,23,水体,0.9775,0.9832,0.9719,951
w3,D,1,草本旱地,0.5946,0.6325,0.561,2283
w3,D,2,乔灌园地,0.0,0.0,0.0,83
w3,D,3,灌溉耕地,0.8468,0.8502,0.8434,1989
w3,D,4,常绿阔叶林,0.7839,0.8739,0.7107,4006
w3,D,5,落叶阔叶林,0.5104,0.4043,0.692,878
w3,D,6,常绿针叶林,0.8155,0.7966,0.8353,2444
w3,D,9,常绿灌丛,0.5547,0.4862,0.6459,3069
w3,D,10,落叶灌丛,0.6975,0.7089,0.6865,4336
w3,D,11,草地,0.0,0.0,0.0,23
w3,D,15,草本沼泽,0.6024,0.5263,0.7042,95
w3,D,16,湖河滩地,0.5672,0.4043,0.95,47
w3,D,19,海岸盐沼,0.0,0.0,0.0,2
w3,D,20,潮滩,0.0,0.0,0.0,2
w3,D,21,不透水面,0.9832,0.9891,0.9774,1835
w3,D,23,水体,0.9796,0.9832,0.976,951
w3,D,1,草本旱地,0.5934,0.6632,0.5369,2283
w3,D,2,乔灌园地,0.0,0.0,0.0,83
w3,D,3,灌溉耕地,0.8422,0.8356,0.8488,1989
w3,D,4,常绿阔叶林,0.7834,0.8749,0.7092,4006
w3,D,5,落叶阔叶林,0.5036,0.3952,0.694,878
w3,D,6,常绿针叶林,0.8176,0.7995,0.8365,2444
w3,D,9,常绿灌丛,0.5628,0.5047,0.6359,3069
w3,D,10,落叶灌丛,0.6845,0.6684,0.7015,4336
w3,D,11,草地,0.0,0.0,0.0,23
w3,D,15,草本沼泽,0.6395,0.5789,0.7143,95
w3,D,16,湖河滩地,0.6176,0.4468,1.0,47
w3,D,19,海岸盐沼,0.0,0.0,0.0,2
w3,D,20,潮滩,0.0,0.0,0.0,2
w3,D,21,不透水面,0.9838,0.9907,0.9769,1835
w3,D,23,水体,0.9791,0.9842,0.974,951
w3,D,1,草本旱地,0.5936,0.6496,0.5464,2283
w3,D,2,乔灌园地,0.0,0.0,0.0,83
w3,D,3,灌溉耕地,0.8435,0.8457,0.8414,1989
w3,D,4,常绿阔叶林,0.7829,0.8734,0.7093,4006
w3,D,5,落叶阔叶林,0.5234,0.4203,0.6936,878
w3,D,6,常绿针叶林,0.8227,0.8106,0.8352,2444
w3,D,9,常绿灌丛,0.5558,0.4871,0.6469,3069
w3,D,10,落叶灌丛,0.6917,0.6875,0.696,4336
w3,D,11,草地,0.0,0.0,0.0,23
w3,D,15,草本沼泽,0.6076,0.5053,0.7619,95
w3,D,16,湖河滩地,0.5556,0.4255,0.8,47
w3,D,19,海岸盐沼,0.0,0.0,0.0,2
w3,D,20,潮滩,0.0,0.0,0.0,2
w3,D,21,不透水面,0.9824,0.9886,0.9763,1835
w3,D,23,水体,0.9779,0.979,0.9769,951
w3,D,1,草本旱地,0.6019,0.6667,0.5487,2283
w3,D,2,乔灌园地,0.0,0.0,0.0,83
w3,D,3,灌溉耕地,0.8451,0.8396,0.8507,1989
w3,D,4,常绿阔叶林,0.7864,0.8747,0.7144,4006
w3,D,5,落叶阔叶林,0.5223,0.4134,0.709,878
w3,D,6,常绿针叶林,0.8225,0.8085,0.8369,2444
w3,D,9,常绿灌丛,0.5544,0.4816,0.6531,3069
w3,D,10,落叶灌丛,0.6892,0.6912,0.6872,4336
w3,D,11,草地,0.0,0.0,0.0,23
w3,D,15,草本沼泽,0.5949,0.4947,0.746,95
w3,D,16,湖河滩地,0.6316,0.5106,0.8276,47
w3,D,19,海岸盐沼,0.0,0.0,0.0,2
w3,D,20,潮滩,0.0,0.0,0.0,2
w3,D,21,不透水面,0.9824,0.9886,0.9763,1835
w3,D,23,水体,0.9806,0.9821,0.979,951
w3,D,1,草本旱地,0.5916,0.654,0.5402,2283
w3,D,2,乔灌园地,0.0,0.0,0.0,83
w3,D,3,灌溉耕地,0.8486,0.8497,0.8475,1989
w3,D,4,常绿阔叶林,0.7834,0.8784,0.7069,4006
w3,D,5,落叶阔叶林,0.5052,0.3895,0.7185,878
w3,D,6,常绿针叶林,0.8176,0.7934,0.8434,2444
w3,D,9,常绿灌丛,0.5524,0.4744,0.6609,3069
w3,D,10,落叶灌丛,0.6915,0.6979,0.6852,4336
w3,D,11,草地,0.0,0.0,0.0,23
w3,D,15,草本沼泽,0.6375,0.5368,0.7846,95
w3,D,16,湖河滩地,0.6286,0.4681,0.9565,47
w3,D,19,海岸盐沼,0.0,0.0,0.0,2
w3,D,20,潮滩,0.0,0.0,0.0,2
w3,D,21,不透水面,0.9811,0.9896,0.9727,1835
w3,D,23,水体,0.9806,0.9842,0.977,951
w3,D,1,草本旱地,0.6026,0.6728,0.5456,2283
w3,D,2,乔灌园地,0.0,0.0,0.0,83
w3,D,3,灌溉耕地,0.8462,0.8421,0.8503,1989
w3,D,4,常绿阔叶林,0.784,0.8729,0.7115,4006
w3,D,5,落叶阔叶林,0.4996,0.3918,0.6894,878
w3,D,6,常绿针叶林,0.816,0.7938,0.8395,2444
w3,D,9,常绿灌丛,0.5633,0.4969,0.65,3069
w3,D,10,落叶灌丛,0.6893,0.6847,0.694,4336
w3,D,11,草地,0.0,0.0,0.0,23
w3,D,15,草本沼泽,0.5939,0.5158,0.7,95
w3,D,16,湖河滩地,0.5294,0.383,0.8571,47
w3,D,19,海岸盐沼,0.0,0.0,0.0,2
w3,D,20,潮滩,0.0,0.0,0.0,2
w3,D,21,不透水面,0.9835,0.9886,0.9784,1835
w3,D,23,水体,0.9807,0.9874,0.9741,951
w3,D,1,草本旱地,0.5886,0.6448,0.5414,2283
w3,D,2,乔灌园地,0.0,0.0,0.0,83
w3,D,3,灌溉耕地,0.8429,0.8376,0.8483,1989
w3,D,4,常绿阔叶林,0.7855,0.8672,0.7179,4006
w3,D,5,落叶阔叶林,0.517,0.4237,0.6631,878
w3,D,6,常绿针叶林,0.8203,0.8069,0.8342,2444
w3,D,9,常绿灌丛,0.5652,0.5008,0.6485,3069
w3,D,10,落叶灌丛,0.6862,0.6847,0.6876,4336
w3,D,11,草地,0.0,0.0,0.0,23
w3,D,15,草本沼泽,0.5795,0.5368,0.6296,95
w3,D,16,湖河滩地,0.4688,0.3191,0.8824,47
w3,D,19,海岸盐沼,0.0,0.0,0.0,2
w3,D,20,潮滩,0.0,0.0,0.0,2
w3,D,21,不透水面,0.9827,0.9886,0.9768,1835
w3,D,23,水体,0.9769,0.9779,0.9759,951
w3,D,1,草本旱地,0.5962,0.6614,0.5428,2283
w3,D,2,乔灌园地,0.0,0.0,0.0,83
w3,D,3,灌溉耕地,0.841,0.8326,0.8497,1989
w3,D,4,常绿阔叶林,0.7845,0.8767,0.7099,4006
w3,D,5,落叶阔叶林,0.5076,0.3986,0.6986,878
w3,D,6,常绿针叶林,0.8174,0.8003,0.8352,2444
w3,D,9,常绿灌丛,0.5698,0.5018,0.6592,3069
w3,D,10,落叶灌丛,0.6839,0.6787,0.6892,4336
w3,D,11,草地,0.0,0.0,0.0,23
w3,D,15,草本沼泽,0.6118,0.5474,0.6933,95
w3,D,16,湖河滩地,0.5373,0.383,0.9,47
w3,D,19,海岸盐沼,0.0,0.0,0.0,2
w3,D,20,潮滩,0.0,0.0,0.0,2
w3,D,21,不透水面,0.9835,0.9907,0.9764,1835
w3,D,23,水体,0.9791,0.9832,0.975,951
w3,D,1,草本旱地,0.5975,0.6518,0.5515,2283
w3,D,2,乔灌园地,0.0,0.0,0.0,83
w3,D,3,灌溉耕地,0.8501,0.8552,0.845,1989
w3,D,4,常绿阔叶林,0.7854,0.8704,0.7156,4006
w3,D,5,落叶阔叶林,0.5102,0.3986,0.7085,878
w3,D,6,常绿针叶林,0.8159,0.8007,0.8317,2444
w3,D,9,常绿灌丛,0.5616,0.4923,0.6535,3069
w3,D,10,落叶灌丛,0.6921,0.6979,0.6863,4336
w3,D,11,草地,0.0,0.0,0.0,23
w3,D,15,草本沼泽,0.5987,0.4947,0.7581,95
w3,D,16,湖河滩地,0.6,0.4468,0.913,47
w3,D,19,海岸盐沼,0.0,0.0,0.0,2
w3,D,20,潮滩,0.0,0.0,0.0,2
w3,D,21,不透水面,0.9824,0.9864,0.9784,1835
w3,D,23,水体,0.9785,0.9811,0.9759,951
w3,D,1,草本旱地,0.5917,0.6531,0.5408,2283
w3,D,2,乔灌园地,0.0,0.0,0.0,83
w3,D,3,灌溉耕地,0.8441,0.8436,0.8445,1989
w3,D,4,常绿阔叶林,0.7904,0.8787,0.7182,4006
w3,D,5,落叶阔叶林,0.515,0.4009,0.7198,878
w3,D,6,常绿针叶林,0.8221,0.7987,0.8469,2444
w3,D,9,常绿灌丛,0.5669,0.4959,0.6615,3069
w3,D,10,落叶灌丛,0.6924,0.6976,0.6872,4336
w3,D,11,草地,0.0,0.0,0.0,23
w3,D,15,草本沼泽,0.5917,0.5263,0.6757,95
w3,D,16,湖河滩地,0.4516,0.2979,0.9333,47
w3,D,19,海岸盐沼,0.0,0.0,0.0,2
w3,D,20,潮滩,0.0,0.0,0.0,2
w3,D,21,不透水面,0.9845,0.9891,0.98,1835
w3,D,23,水体,0.9785,0.9832,0.974,951
w3,D,1,草本旱地,0.5865,0.6386,0.5422,2283
w3,D,2,乔灌园地,0.0,0.0,0.0,83
w3,D,3,灌溉耕地,0.8413,0.8331,0.8497,1989
w3,D,4,常绿阔叶林,0.7817,0.8762,0.7055,4006
w3,D,5,落叶阔叶林,0.5004,0.3907,0.6957,878
w3,D,6,常绿针叶林,0.8193,0.8024,0.837,2444
w3,D,9,常绿灌丛,0.5559,0.4933,0.6367,3069
w3,D,10,落叶灌丛,0.6887,0.6868,0.6906,4336
w3,D,11,草地,0.0,0.0,0.0,23
w3,D,15,草本沼泽,0.5644,0.4842,0.6765,95
w3,D,16,湖河滩地,0.5231,0.3617,0.9444,47
w3,D,19,海岸盐沼,0.0,0.0,0.0,2
w3,D,20,潮滩,0.0,0.0,0.0,2
w3,D,21,不透水面,0.9816,0.9907,0.9727,1835
w3,D,23,水体,0.9774,0.9758,0.9789,951
w3,D,1,草本旱地,0.5912,0.6465,0.5446,2283
w3,D,2,乔灌园地,0.0,0.0,0.0,83
w3,D,3,灌溉耕地,0.8423,0.8406,0.844,1989
w3,D,4,常绿阔叶林,0.7819,0.8709,0.7094,4006
w3,D,5,落叶阔叶林,0.4801,0.3702,0.6828,878
w3,D,6,常绿针叶林,0.8194,0.8003,0.8395,2444
w3,D,9,常绿灌丛,0.555,0.4829,0.6523,3069
w3,D,10,落叶灌丛,0.6903,0.6997,0.681,4336
w3,D,11,草地,0.0,0.0,0.0,23
w3,D,15,草本沼泽,0.589,0.5053,0.7059,95
w3,D,16,湖河滩地,0.5672,0.4043,0.95,47
w3,D,19,海岸盐沼,0.0,0.0,0.0,2
w3,D,20,潮滩,0.0,0.0,0.0,2
w3,D,21,不透水面,0.981,0.9869,0.9752,1835
w3,D,23,水体,0.9785,0.9811,0.9759,951
w3,D,1,草本旱地,0.5903,0.6351,0.5513,2283
w3,D,2,乔灌园地,0.0,0.0,0.0,83
w3,D,3,灌溉耕地,0.8435,0.8346,0.8526,1989
w3,D,4,常绿阔叶林,0.7826,0.8719,0.7098,4006
w3,D,5,落叶阔叶林,0.4861,0.3781,0.6803,878
w3,D,6,常绿针叶林,0.8167,0.7975,0.8368,2444
w3,D,9,常绿灌丛,0.5684,0.5015,0.656,3069
w3,D,10,落叶灌丛,0.6921,0.7032,0.6813,4336
w3,D,11,草地,0.0,0.0,0.0,23
w3,D,15,草本沼泽,0.5769,0.4737,0.7377,95
w3,D,16,湖河滩地,0.5,0.3617,0.8095,47
w3,D,19,海岸盐沼,0.0,0.0,0.0,2
w3,D,20,潮滩,0.0,0.0,0.0,2
w3,D,21,不透水面,0.9819,0.9896,0.9742,1835
w3,D,23,水体,0.978,0.9832,0.9729,951
w3,D,1,草本旱地,0.5966,0.6592,0.5449,2283
w3,D,2,乔灌园地,0.0,0.0,0.0,83
w3,D,3,灌溉耕地,0.8424,0.8396,0.8451,1989
w3,D,4,常绿阔叶林,0.784,0.8759,0.7096,4006
w3,D,5,落叶阔叶林,0.5029,0.3941,0.6948,878
w3,D,6,常绿针叶林,0.8177,0.7954,0.8412,2444
w3,D,9,常绿灌丛,0.5714,0.5037,0.6601,3069
w3,D,10,落叶灌丛,0.694,0.6921,0.696,4336
w3,D,11,草地,0.0,0.0,0.0,23
w3,D,15,草本沼泽,0.5976,0.5158,0.7101,95
w3,D,16,湖河滩地,0.5312,0.3617,1.0,47
w3,D,19,海岸盐沼,0.0,0.0,0.0,2
w3,D,20,潮滩,0.0,0.0,0.0,2
w3,D,21,不透水面,0.9824,0.9886,0.9763,1835
w3,D,23,水体,0.979,0.98,0.978,951
w4,A,1,草本旱地,0.8676,0.9179,0.8226,1096
w4,A,2,乔灌园地,0.0,0.0,0.0,3
w4,A,3,灌溉耕地,0.3415,0.2121,0.875,66
w4,A,5,落叶阔叶林,0.8198,0.7945,0.8467,146
w4,A,6,常绿针叶林,0.8419,0.8688,0.8167,282
w4,A,9,常绿灌丛,0.5435,0.4167,0.7812,60
w4,A,10,落叶灌丛,0.7866,0.8484,0.7332,2718
w4,A,11,草地,0.814,0.7761,0.8557,1353
w4,A,13,稀疏植被,0.4665,0.3389,0.7481,596
w4,A,15,草本沼泽,0.5217,0.4364,0.6486,55
w4,A,16,湖河滩地,0.8,0.8148,0.7857,189
w4,A,21,不透水面,0.9509,0.946,0.9558,389
w4,A,22,裸地,0.9136,0.9128,0.9144,3579
w4,A,23,水体,0.9036,0.8982,0.9091,167
w4,A,24,永久冰雪,0.5333,0.3636,1.0,11
w4,A,1,草本旱地,0.8706,0.9206,0.8257,1096
w4,A,2,乔灌园地,0.0,0.0,0.0,3
w4,A,3,灌溉耕地,0.3373,0.2121,0.8235,66
w4,A,5,落叶阔叶林,0.787,0.7466,0.8321,146
w4,A,6,常绿针叶林,0.8464,0.8794,0.8158,282
w4,A,9,常绿灌丛,0.5111,0.3833,0.7667,60
w4,A,10,落叶灌丛,0.7933,0.8576,0.7379,2718
w4,A,11,草地,0.8204,0.7849,0.8592,1353
w4,A,13,稀疏植被,0.4491,0.3255,0.7239,596
w4,A,15,草本沼泽,0.4471,0.3455,0.6333,55
w4,A,16,湖河滩地,0.8,0.8148,0.7857,189
w4,A,21,不透水面,0.9524,0.9512,0.9536,389
w4,A,22,裸地,0.9113,0.9089,0.9138,3579
w4,A,23,水体,0.9042,0.9042,0.9042,167
w4,A,24,永久冰雪,0.3077,0.1818,1.0,11
w4,A,1,草本旱地,0.8707,0.9151,0.8303,1096
w4,A,2,乔灌园地,0.0,0.0,0.0,3
w4,A,3,灌溉耕地,0.3373,0.2121,0.8235,66
w4,A,5,落叶阔叶林,0.7914,0.7534,0.8333,146
w4,A,6,常绿针叶林,0.8314,0.883,0.7855,282
w4,A,9,常绿灌丛,0.4578,0.3167,0.8261,60
w4,A,10,落叶灌丛,0.788,0.8532,0.732,2718
w4,A,11,草地,0.8104,0.7753,0.8487,1353
w4,A,13,稀疏植被,0.4536,0.3238,0.7569,596
w4,A,15,草本沼泽,0.4167,0.2727,0.8824,55
w4,A,16,湖河滩地,0.8103,0.836,0.7861,189
w4,A,21,不透水面,0.9463,0.9512,0.9415,389
w4,A,22,裸地,0.913,0.9123,0.9138,3579
w4,A,23,水体,0.9129,0.9102,0.9157,167
w4,A,24,永久冰雪,0.5333,0.3636,1.0,11
w4,B,1,草本旱地,0.8714,0.9179,0.8293,1096
w4,B,2,乔灌园地,0.0,0.0,0.0,3
w4,B,3,灌溉耕地,0.3529,0.2273,0.7895,66
w4,B,5,落叶阔叶林,0.7941,0.7397,0.8571,146
w4,B,6,常绿针叶林,0.8382,0.8723,0.8066,282
w4,B,9,常绿灌丛,0.5263,0.4167,0.7143,60
w4,B,10,落叶灌丛,0.7935,0.8547,0.7405,2718
w4,B,11,草地,0.8204,0.7864,0.8574,1353
w4,B,13,稀疏植被,0.4536,0.3322,0.7148,596
w4,B,15,草本沼泽,0.4368,0.3455,0.5938,55
w4,B,16,湖河滩地,0.8084,0.8148,0.8021,189
w4,B,21,不透水面,0.9572,0.9769,0.9383,389
w4,B,22,裸地,0.9121,0.9089,0.9153,3579
w4,B,23,水体,0.8935,0.9042,0.883,167
w4,B,24,永久冰雪,0.4286,0.2727,1.0,11
w4,B,1,草本旱地,0.8728,0.9206,0.8298,1096
w4,B,2,乔灌园地,0.0,0.0,0.0,3
w4,B,3,灌溉耕地,0.3373,0.2121,0.8235,66
w4,B,5,落叶阔叶林,0.7986,0.7603,0.8409,146
w4,B,6,常绿针叶林,0.8407,0.8794,0.8052,282
w4,B,9,常绿灌丛,0.4471,0.3167,0.76,60
w4,B,10,落叶灌丛,0.7954,0.8554,0.7433,2718
w4,B,11,草地,0.8184,0.7842,0.8556,1353
w4,B,13,稀疏植被,0.4692,0.3456,0.7305,596
w4,B,15,草本沼泽,0.4634,0.3455,0.7037,55
w4,B,16,湖河滩地,0.8247,0.8466,0.804,189
w4,B,21,不透水面,0.9511,0.9743,0.9289,389
w4,B,22,裸地,0.9138,0.9111,0.9165,3579
w4,B,23,水体,0.9075,0.9102,0.9048,167
w4,B,24,永久冰雪,0.3077,0.1818,1.0,11
w4,B,1,草本旱地,0.8665,0.9179,0.8206,1096
w4,B,2,乔灌园地,0.0,0.0,0.0,3
w4,B,3,灌溉耕地,0.325,0.197,0.9286,66
w4,B,5,落叶阔叶林,0.7986,0.7603,0.8409,146
w4,B,6,常绿针叶林,0.8331,0.8759,0.7942,282
w4,B,9,常绿灌丛,0.4706,0.3333,0.8,60
w4,B,10,落叶灌丛,0.7934,0.8606,0.736,2718
w4,B,11,草地,0.8195,0.7768,0.8672,1353
w4,B,13,稀疏植被,0.4754,0.3406,0.7868,596
w4,B,15,草本沼泽,0.4359,0.3091,0.7391,55
w4,B,16,湖河滩地,0.8191,0.8148,0.8235,189
w4,B,21,不透水面,0.9545,0.9717,0.938,389
w4,B,22,裸地,0.9147,0.9125,0.9169,3579
w4,B,23,水体,0.9145,0.9281,0.9012,167
w4,B,24,永久冰雪,0.7778,0.6364,1.0,11
w4,D,1,草本旱地,0.8714,0.9179,0.8293,1096
w4,D,2,乔灌园地,0.0,0.0,0.0,3
w4,D,3,灌溉耕地,0.3529,0.2273,0.7895,66
w4,D,5,落叶阔叶林,0.7941,0.7397,0.8571,146
w4,D,6,常绿针叶林,0.8382,0.8723,0.8066,282
w4,D,9,常绿灌丛,0.5263,0.4167,0.7143,60
w4,D,10,落叶灌丛,0.7935,0.8547,0.7405,2718
w4,D,11,草地,0.8204,0.7864,0.8574,1353
w4,D,13,稀疏植被,0.4536,0.3322,0.7148,596
w4,D,15,草本沼泽,0.4368,0.3455,0.5938,55
w4,D,16,湖河滩地,0.8084,0.8148,0.8021,189
w4,D,21,不透水面,0.9572,0.9769,0.9383,389
w4,D,22,裸地,0.9121,0.9089,0.9153,3579
w4,D,23,水体,0.8935,0.9042,0.883,167
w4,D,24,永久冰雪,0.4286,0.2727,1.0,11
w4,D,1,草本旱地,0.8692,0.9097,0.8322,1096
w4,D,2,乔灌园地,0.0,0.0,0.0,3
w4,D,3,灌溉耕地,0.3678,0.2424,0.7619,66
w4,D,5,落叶阔叶林,0.7986,0.774,0.8248,146
w4,D,6,常绿针叶林,0.8503,0.8865,0.817,282
w4,D,9,常绿灌丛,0.4524,0.3167,0.7917,60
w4,D,10,落叶灌丛,0.7883,0.8554,0.7309,2718
w4,D,11,草地,0.816,0.7783,0.8575,1353
w4,D,13,稀疏植被,0.4822,0.3523,0.7636,596
w4,D,15,草本沼泽,0.4634,0.3455,0.7037,55
w4,D,16,湖河滩地,0.8065,0.7937,0.8197,189
w4,D,21,不透水面,0.9521,0.9717,0.9333,389
w4,D,22,裸地,0.9137,0.9098,0.9177,3579
w4,D,23,水体,0.9123,0.9341,0.8914,167
w4,D,24,永久冰雪,0.3077,0.1818,1.0,11
w4,D,1,草本旱地,0.8671,0.9106,0.8275,1096
w4,D,2,乔灌园地,0.0,0.0,0.0,3
w4,D,3,灌溉耕地,0.3457,0.2121,0.9333,66
w4,D,5,落叶阔叶林,0.8264,0.8151,0.838,146
w4,D,6,常绿针叶林,0.8576,0.8865,0.8306,282
w4,D,9,常绿灌丛,0.4941,0.35,0.84,60
w4,D,10,落叶灌丛,0.7921,0.858,0.7356,2718
w4,D,11,草地,0.8135,0.7724,0.8594,1353
w4,D,13,稀疏植被,0.453,0.3272,0.7358,596
w4,D,15,草本沼泽,0.4828,0.3818,0.6562,55
w4,D,16,湖河滩地,0.8382,0.836,0.8404,189
w4,D,21,不透水面,0.9536,0.9769,0.9314,389
w4,D,22,裸地,0.9138,0.9123,0.9153,3579
w4,D,23,水体,0.9112,0.9222,0.9006,167
w4,D,24,永久冰雪,0.5333,0.3636,1.0,11
w4,D,1,草本旱地,0.8721,0.9179,0.8307,1096
w4,D,2,乔灌园地,0.0,0.0,0.0,3
w4,D,3,灌溉耕地,0.3529,0.2273,0.7895,66
w4,D,5,落叶阔叶林,0.7943,0.7671,0.8235,146
w4,D,6,常绿针叶林,0.8331,0.8759,0.7942,282
w4,D,9,常绿灌丛,0.4578,0.3167,0.8261,60
w4,D,10,落叶灌丛,0.7955,0.8547,0.7441,2718
w4,D,11,草地,0.8323,0.7997,0.8677,1353
w4,D,13,稀疏植被,0.4644,0.3389,0.7372,596
w4,D,15,草本沼泽,0.4,0.2909,0.64,55
w4,D,16,湖河滩地,0.7979,0.8042,0.7917,189
w4,D,21,不透水面,0.9486,0.9717,0.9265,389
w4,D,22,裸地,0.9117,0.9098,0.9136,3579
w4,D,23,水体,0.8902,0.8982,0.8824,167
w4,D,24,永久冰雪,0.7368,0.6364,0.875,11
w4,D,1,草本旱地,0.8709,0.9234,0.8241,1096
w4,D,2,乔灌园地,0.0,0.0,0.0,3
w4,D,3,灌溉耕地,0.3457,0.2121,0.9333,66
w4,D,5,落叶阔叶林,0.8056,0.7945,0.8169,146
w4,D,6,常绿针叶林,0.8503,0.8865,0.817,282
w4,D,9,常绿灌丛,0.4578,0.3167,0.8261,60
w4,D,10,落叶灌丛,0.7863,0.8521,0.7299,2718
w4,D,11,草地,0.8153,0.7783,0.8561,1353
w4,D,13,稀疏植被,0.4677,0.3456,0.7228,596
w4,D,15,草本沼泽,0.4884,0.3818,0.6774,55
w4,D,16,湖河滩地,0.7958,0.7937,0.7979,189
w4,D,21,不透水面,0.9527,0.9589,0.9467,389
w4,D,22,裸地,0.9108,0.9047,0.917,3579
w4,D,23,水体,0.8963,0.8802,0.913,167
w4,D,24,永久冰雪,0.4286,0.2727,1.0,11
w4,D,1,草本旱地,0.8728,0.9206,0.8298,1096
w4,D,2,乔灌园地,0.0,0.0,0.0,3
w4,D,3,灌溉耕地,0.3373,0.2121,0.8235,66
w4,D,5,落叶阔叶林,0.7986,0.7603,0.8409,146
w4,D,6,常绿针叶林,0.8407,0.8794,0.8052,282
w4,D,9,常绿灌丛,0.4471,0.3167,0.76,60
w4,D,10,落叶灌丛,0.7954,0.8554,0.7433,2718
w4,D,11,草地,0.8184,0.7842,0.8556,1353
w4,D,13,稀疏植被,0.4692,0.3456,0.7305,596
w4,D,15,草本沼泽,0.4634,0.3455,0.7037,55
w4,D,16,湖河滩地,0.8247,0.8466,0.804,189
w4,D,21,不透水面,0.9511,0.9743,0.9289,389
w4,D,22,裸地,0.9138,0.9111,0.9165,3579
w4,D,23,水体,0.9075,0.9102,0.9048,167
w4,D,24,永久冰雪,0.3077,0.1818,1.0,11
w4,D,1,草本旱地,0.8666,0.9161,0.8223,1096
w4,D,2,乔灌园地,0.0,0.0,0.0,3
w4,D,3,灌溉耕地,0.2927,0.1818,0.75,66
w4,D,5,落叶阔叶林,0.8112,0.7945,0.8286,146
w4,D,6,常绿针叶林,0.8407,0.8794,0.8052,282
w4,D,9,常绿灌丛,0.4634,0.3167,0.8636,60
w4,D,10,落叶灌丛,0.7928,0.8561,0.7383,2718
w4,D,11,草地,0.8168,0.7761,0.8621,1353
w4,D,13,稀疏植被,0.4724,0.3523,0.7167,596
w4,D,15,草本沼泽,0.4359,0.3091,0.7391,55
w4,D,16,湖河滩地,0.7957,0.7831,0.8087,189
w4,D,21,不透水面,0.9511,0.9743,0.9289,389
w4,D,22,裸地,0.9149,0.9114,0.9184,3579
w4,D,23,水体,0.8961,0.9042,0.8882,167
w4,D,24,永久冰雪,0.5333,0.3636,1.0,11
w4,D,1,草本旱地,0.8713,0.9234,0.8248,1096
w4,D,2,乔灌园地,0.0,0.0,0.0,3
w4,D,3,灌溉耕地,0.3457,0.2121,0.9333,66
w4,D,5,落叶阔叶林,0.7931,0.7877,0.7986,146
w4,D,6,常绿针叶林,0.8348,0.8688,0.8033,282
w4,D,9,常绿灌丛,0.375,0.25,0.75,60
w4,D,10,落叶灌丛,0.7917,0.851,0.7402,2718
w4,D,11,草地,0.8164,0.782,0.8539,1353
w4,D,13,稀疏植被,0.4722,0.349,0.7298,596
w4,D,15,草本沼泽,0.3836,0.2545,0.7778,55
w4,D,16,湖河滩地,0.8062,0.8254,0.7879,189
w4,D,21,不透水面,0.9547,0.9743,0.9358,389
w4,D,22,裸地,0.9143,0.9117,0.9168,3579
w4,D,23,水体,0.8922,0.8922,0.8922,167
w4,D,24,永久冰雪,0.4286,0.2727,1.0,11
w4,D,1,草本旱地,0.8672,0.9088,0.8293,1096
w4,D,2,乔灌园地,0.0,0.0,0.0,3
w4,D,3,灌溉耕地,0.3373,0.2121,0.8235,66
w4,D,5,落叶阔叶林,0.8169,0.7945,0.8406,146
w4,D,6,常绿针叶林,0.8403,0.8865,0.7987,282
w4,D,9,常绿灌丛,0.4706,0.3333,0.8,60
w4,D,10,落叶灌丛,0.7925,0.8558,0.7379,2718
w4,D,11,草地,0.8173,0.7834,0.8541,1353
w4,D,13,稀疏植被,0.4615,0.3372,0.7309,596
w4,D,15,草本沼泽,0.3889,0.2545,0.8235,55
w4,D,16,湖河滩地,0.8216,0.8042,0.8398,189
w4,D,21,不透水面,0.9547,0.9743,0.9358,389
w4,D,22,裸地,0.9127,0.9109,0.9144,3579
w4,D,23,水体,0.9208,0.9401,0.9023,167
w4,D,24,永久冰雪,0.7059,0.5455,1.0,11
w4,D,1,草本旱地,0.8698,0.917,0.8272,1096
w4,D,2,乔灌园地,0.0,0.0,0.0,3
w4,D,3,灌溉耕地,0.381,0.2424,0.8889,66
w4,D,5,落叶阔叶林,0.8014,0.7877,0.8156,146
w4,D,6,常绿针叶林,0.8399,0.8652,0.8161,282
w4,D,9,常绿灌丛,0.4884,0.35,0.8077,60
w4,D,10,落叶灌丛,0.7928,0.8536,0.74,2718
w4,D,11,草地,0.8228,0.7894,0.8592,1353
w4,D,13,稀疏植被,0.4989,0.3725,0.7551,596
w4,D,15,草本沼泽,0.45,0.3273,0.72,55
w4,D,16,湖河滩地,0.8011,0.7989,0.8032,189
w4,D,21,不透水面,0.9495,0.9666,0.933,389
w4,D,22,裸地,0.9164,0.9123,0.9205,3579
w4,D,23,水体,0.8968,0.9102,0.8837,167
w4,D,24,永久冰雪,0.5333,0.3636,1.0,11
w4,D,1,草本旱地,0.8665,0.9179,0.8206,1096
w4,D,2,乔灌园地,0.0,0.0,0.0,3
w4,D,3,灌溉耕地,0.325,0.197,0.9286,66
w4,D,5,落叶阔叶林,0.7986,0.7603,0.8409,146
w4,D,6,常绿针叶林,0.8331,0.8759,0.7942,282
w4,D,9,常绿灌丛,0.4706,0.3333,0.8,60
w4,D,10,落叶灌丛,0.7934,0.8606,0.736,2718
w4,D,11,草地,0.8195,0.7768,0.8672,1353
w4,D,13,稀疏植被,0.4754,0.3406,0.7868,596
w4,D,15,草本沼泽,0.4359,0.3091,0.7391,55
w4,D,16,湖河滩地,0.8191,0.8148,0.8235,189
w4,D,21,不透水面,0.9545,0.9717,0.938,389
w4,D,22,裸地,0.9147,0.9125,0.9169,3579
w4,D,23,水体,0.9145,0.9281,0.9012,167
w4,D,24,永久冰雪,0.7778,0.6364,1.0,11
w4,D,1,草本旱地,0.869,0.917,0.8258,1096
w4,D,2,乔灌园地,0.0,0.0,0.0,3
w4,D,3,灌溉耕地,0.3457,0.2121,0.9333,66
w4,D,5,落叶阔叶林,0.8043,0.7603,0.8538,146
w4,D,6,常绿针叶林,0.8452,0.8617,0.8294,282
w4,D,9,常绿灌丛,0.4651,0.3333,0.7692,60
w4,D,10,落叶灌丛,0.7926,0.8576,0.7367,2718
w4,D,11,草地,0.8178,0.7812,0.858,1353
w4,D,13,稀疏植被,0.486,0.3641,0.7306,596
w4,D,15,草本沼泽,0.4103,0.2909,0.6957,55
w4,D,16,湖河滩地,0.7969,0.8201,0.775,189
w4,D,21,不透水面,0.9572,0.9769,0.9383,389
w4,D,22,裸地,0.9142,0.9084,0.9202,3579
w4,D,23,水体,0.8869,0.8922,0.8817,167
w4,D,24,永久冰雪,0.7059,0.5455,1.0,11
w4,D,1,草本旱地,0.8731,0.9224,0.8287,1096
w4,D,2,乔灌园地,0.0,0.0,0.0,3
w4,D,3,灌溉耕地,0.3529,0.2273,0.7895,66
w4,D,5,落叶阔叶林,0.8,0.7671,0.8358,146
w4,D,6,常绿针叶林,0.8401,0.8759,0.8072,282
w4,D,9,常绿灌丛,0.4828,0.35,0.7778,60
w4,D,10,落叶灌丛,0.7916,0.8572,0.7352,2718
w4,D,11,草地,0.8179,0.7753,0.8655,1353
w4,D,13,稀疏植被,0.4608,0.3356,0.7353,596
w4,D,15,草本沼泽,0.3889,0.2545,0.8235,55
w4,D,16,湖河滩地,0.8312,0.8466,0.8163,189
w4,D,21,不透水面,0.9531,0.9666,0.94,389
w4,D,22,裸地,0.9115,0.9095,0.9136,3579
w4,D,23,水体,0.9107,0.9162,0.9053,167
w4,D,24,永久冰雪,0.7059,0.5455,1.0,11
w4,D,1,草本旱地,0.8688,0.9243,0.8196,1096
w4,D,2,乔灌园地,0.0,0.0,0.0,3
w4,D,3,灌溉耕地,0.3614,0.2273,0.8824,66
w4,D,5,落叶阔叶林,0.8112,0.7945,0.8286,146
w4,D,6,常绿针叶林,0.8376,0.8688,0.8086,282
w4,D,9,常绿灌丛,0.4651,0.3333,0.7692,60
w4,D,10,落叶灌丛,0.7961,0.8506,0.7482,2718
w4,D,11,草地,0.8193,0.7857,0.8559,1353
w4,D,13,稀疏植被,0.4814,0.3473,0.7841,596
w4,D,15,草本沼泽,0.4359,0.3091,0.7391,55
w4,D,16,湖河滩地,0.8189,0.8254,0.8125,189
w4,D,21,不透水面,0.9559,0.9743,0.9381,389
w4,D,22,裸地,0.9147,0.9167,0.9127,3579
w4,D,23,水体,0.9091,0.9281,0.8908,167
w4,D,24,永久冰雪,0.5333,0.3636,1.0,11
w4,D,1,草本旱地,0.8732,0.9206,0.8305,1096
w4,D,2,乔灌园地,0.0,0.0,0.0,3
w4,D,3,灌溉耕地,0.3133,0.197,0.7647,66
w4,D,5,落叶阔叶林,0.807,0.7877,0.8273,146
w4,D,6,常绿针叶林,0.8328,0.883,0.788,282
w4,D,9,常绿灌丛,0.4524,0.3167,0.7917,60
w4,D,10,落叶灌丛,0.7953,0.8569,0.742,2718
w4,D,11,草地,0.8201,0.7783,0.8667,1353
w4,D,13,稀疏植被,0.4561,0.3356,0.7117,596
w4,D,15,草本沼泽,0.5,0.3818,0.7241,55
w4,D,16,湖河滩地,0.8187,0.836,0.802,189
w4,D,21,不透水面,0.9497,0.9717,0.9287,389
w4,D,22,裸地,0.9127,0.9098,0.9156,3579
w4,D,23,水体,0.9021,0.9102,0.8941,167
w4,D,24,永久冰雪,0.625,0.4545,1.0,11
w5,A,1,草本旱地,0.7873,0.9018,0.6986,275
w5,A,3,灌溉耕地,0.0449,0.0241,0.3333,83
w5,A,5,落叶阔叶林,0.8069,0.8545,0.7642,110
w5,A,6,常绿针叶林,0.7857,1.0,0.6471,11
w5,A,7,落叶针叶林,0.5075,0.4048,0.68,42
w5,A,8,针阔混交林,0.4211,0.32,0.6154,25
w5,A,10,落叶灌丛,0.7255,0.7551,0.6981,245
w5,A,14,木本沼泽,0.566,0.625,0.5172,72
w5,A,15,草本沼泽,0.5851,0.4955,0.7143,111
w5,A,16,湖河滩地,0.8217,0.8689,0.7794,61
w5,A,21,不透水面,0.9231,0.9429,0.9041,70
w5,A,23,水体,0.9322,0.9016,0.9649,61
w5,A,1,草本旱地,0.7823,0.9018,0.6908,275
w5,A,3,灌溉耕地,0.0449,0.0241,0.3333,83
w5,A,5,落叶阔叶林,0.8235,0.8909,0.7656,110
w5,A,6,常绿针叶林,0.7692,0.9091,0.6667,11
w5,A,7,落叶针叶林,0.4688,0.3571,0.6818,42
w5,A,8,针阔混交林,0.4615,0.36,0.6429,25
w5,A,10,落叶灌丛,0.7255,0.7388,0.7126,245
w5,A,14,木本沼泽,0.5839,0.6528,0.5281,72
w5,A,15,草本沼泽,0.6,0.5135,0.7215,111
w5,A,16,湖河滩地,0.8333,0.9016,0.7746,61
w5,A,21,不透水面,0.9231,0.9429,0.9041,70
w5,A,23,水体,0.9231,0.8852,0.9643,61
w5,A,1,草本旱地,0.7899,0.9091,0.6983,275
w5,A,3,灌溉耕地,0.0652,0.0361,0.3333,83
w5,A,5,落叶阔叶林,0.8085,0.8636,0.76,110
w5,A,6,常绿针叶林,0.7857,1.0,0.6471,11
w5,A,7,落叶针叶林,0.4762,0.3571,0.7143,42
w5,A,8,针阔混交林,0.45,0.36,0.6,25
w5,A,10,落叶灌丛,0.7229,0.7347,0.7115,245
w5,A,14,木本沼泽,0.6038,0.6667,0.5517,72
w5,A,15,草本沼泽,0.5864,0.5045,0.7,111
w5,A,16,湖河滩地,0.8485,0.918,0.7887,61
w5,A,21,不透水面,0.9167,0.9429,0.8919,70
w5,A,23,水体,0.9402,0.9016,0.9821,61
w5,B,1,草本旱地,0.7892,0.9055,0.6994,275
w5,B,3,灌溉耕地,0.0879,0.0482,0.5,83
w5,B,5,落叶阔叶林,0.8417,0.9182,0.7769,110
w5,B,6,常绿针叶林,0.8,0.9091,0.7143,11
w5,B,7,落叶针叶林,0.5789,0.5238,0.6471,42
w5,B,8,针阔混交林,0.5366,0.44,0.6875,25
w5,B,10,落叶灌丛,0.7375,0.751,0.7244,245
w5,B,14,木本沼泽,0.6164,0.625,0.6081,72
w5,B,15,草本沼泽,0.6,0.5135,0.7215,111
w5,B,16,湖河滩地,0.8421,0.918,0.7778,61
w5,B,21,不透水面,0.9371,0.9571,0.9178,70
w5,B,23,水体,0.9231,0.8852,0.9643,61
w5,B,1,草本旱地,0.7848,0.9018,0.6947,275
w5,B,3,灌溉耕地,0.023,0.012,0.25,83
w5,B,5,落叶阔叶林,0.8264,0.9091,0.7576,110
w5,B,6,常绿针叶林,0.8333,0.9091,0.7692,11
w5,B,7,落叶针叶林,0.5974,0.5476,0.6571,42
w5,B,8,针阔混交林,0.5,0.4,0.6667,25
w5,B,10,落叶灌丛,0.7302,0.751,0.7104,245
w5,B,14,木本沼泽,0.6316,0.6667,0.6,72
w5,B,15,草本沼泽,0.5856,0.4775,0.7571,111
w5,B,16,湖河滩地,0.8485,0.918,0.7887,61
w5,B,21,不透水面,0.9167,0.9429,0.8919,70
w5,B,23,水体,0.9402,0.9016,0.9821,61
w5,B,1,草本旱地,0.7803,0.8909,0.6941,275
w5,B,3,灌溉耕地,0.0435,0.0241,0.2222,83
w5,B,5,落叶阔叶林,0.8395,0.9273,0.7669,110
w5,B,6,常绿针叶林,0.8,0.9091,0.7143,11
w5,B,7,落叶针叶林,0.5205,0.4524,0.6129,42
w5,B,8,针阔混交林,0.45,0.36,0.6,25
w5,B,10,落叶灌丛,0.746,0.7551,0.7371,245
w5,B,14,木本沼泽,0.6323,0.6806,0.5904,72
w5,B,15,草本沼泽,0.6064,0.5135,0.7403,111
w5,B,16,湖河滩地,0.8308,0.8852,0.7826,61
w5,B,21,不透水面,0.9379,0.9714,0.9067,70
w5,B,23,水体,0.9231,0.8852,0.9643,61
w5,D,1,草本旱地,0.7892,0.9055,0.6994,275
w5,D,3,灌溉耕地,0.0879,0.0482,0.5,83
w5,D,5,落叶阔叶林,0.8417,0.9182,0.7769,110
w5,D,6,常绿针叶林,0.8,0.9091,0.7143,11
w5,D,7,落叶针叶林,0.5789,0.5238,0.6471,42
w5,D,8,针阔混交林,0.5366,0.44,0.6875,25
w5,D,10,落叶灌丛,0.7375,0.751,0.7244,245
w5,D,14,木本沼泽,0.6164,0.625,0.6081,72
w5,D,15,草本沼泽,0.6,0.5135,0.7215,111
w5,D,16,湖河滩地,0.8421,0.918,0.7778,61
w5,D,21,不透水面,0.9371,0.9571,0.9178,70
w5,D,23,水体,0.9231,0.8852,0.9643,61
w5,D,1,草本旱地,0.7847,0.8945,0.6989,275
w5,D,3,灌溉耕地,0.0449,0.0241,0.3333,83
w5,D,5,落叶阔叶林,0.8333,0.9091,0.7692,110
w5,D,6,常绿针叶林,0.8,0.9091,0.7143,11
w5,D,7,落叶针叶林,0.5946,0.5238,0.6875,42
w5,D,8,针阔混交林,0.4211,0.32,0.6154,25
w5,D,10,落叶灌丛,0.7298,0.7551,0.7061,245
w5,D,14,木本沼泽,0.6065,0.6528,0.5663,72
w5,D,15,草本沼泽,0.5652,0.4685,0.7123,111
w5,D,16,湖河滩地,0.8271,0.9016,0.7639,61
w5,D,21,不透水面,0.9167,0.9429,0.8919,70
w5,D,23,水体,0.9138,0.8689,0.9636,61
w5,D,1,草本旱地,0.7827,0.8909,0.698,275
w5,D,3,灌溉耕地,0.1087,0.0602,0.5556,83
w5,D,5,落叶阔叶林,0.8313,0.9182,0.7594,110
w5,D,6,常绿针叶林,0.8,0.9091,0.7143,11
w5,D,7,落叶针叶林,0.5867,0.5238,0.6667,42
w5,D,8,针阔混交林,0.4615,0.36,0.6429,25
w5,D,10,落叶灌丛,0.7134,0.7265,0.7008,245
w5,D,14,木本沼泽,0.6065,0.6528,0.5663,72
w5,D,15,草本沼泽,0.5543,0.4595,0.6986,111
w5,D,16,湖河滩地,0.8333,0.9016,0.7746,61
w5,D,21,不透水面,0.9241,0.9571,0.8933,70
w5,D,23,水体,0.9231,0.8852,0.9643,61
w5,D,1,草本旱地,0.7875,0.9164,0.6904,275
w5,D,3,灌溉耕地,0.0233,0.012,0.3333,83
w5,D,5,落叶阔叶林,0.8299,0.9091,0.7634,110
w5,D,6,常绿针叶林,0.8696,0.9091,0.8333,11
w5,D,7,落叶针叶林,0.6316,0.5714,0.7059,42
w5,D,8,针阔混交林,0.4615,0.36,0.6429,25
w5,D,10,落叶灌丛,0.7328,0.7388,0.7269,245
w5,D,14,木本沼泽,0.5882,0.625,0.5556,72
w5,D,15,草本沼泽,0.5591,0.4685,0.6933,111
w5,D,16,湖河滩地,0.8244,0.8852,0.7714,61
w5,D,21,不透水面,0.9241,0.9571,0.8933,70
w5,D,23,水体,0.9153,0.8852,0.9474,61
w5,D,1,草本旱地,0.7861,0.9018,0.6966,275
w5,D,3,灌溉耕地,0.0455,0.0241,0.4,83
w5,D,5,落叶阔叶林,0.8382,0.9182,0.771,110
w5,D,6,常绿针叶林,0.8,0.9091,0.7143,11
w5,D,7,落叶针叶林,0.5479,0.4762,0.6452,42
w5,D,8,针阔混交林,0.4103,0.32,0.5714,25
w5,D,10,落叶灌丛,0.7309,0.7429,0.7194,245
w5,D,14,木本沼泽,0.5974,0.6389,0.561,72
w5,D,15,草本沼泽,0.6,0.5135,0.7215,111
w5,D,16,湖河滩地,0.8421,0.918,0.7778,61
w5,D,21,不透水面,0.9231,0.9429,0.9041,70
w5,D,23,水体,0.9231,0.8852,0.9643,61
w5,D,1,草本旱地,0.7848,0.9018,0.6947,275
w5,D,3,灌溉耕地,0.023,0.012,0.25,83
w5,D,5,落叶阔叶林,0.8264,0.9091,0.7576,110
w5,D,6,常绿针叶林,0.8333,0.9091,0.7692,11
w5,D,7,落叶针叶林,0.5974,0.5476,0.6571,42
w5,D,8,针阔混交林,0.5,0.4,0.6667,25
w5,D,10,落叶灌丛,0.7302,0.751,0.7104,245
w5,D,14,木本沼泽,0.6316,0.6667,0.6,72
w5,D,15,草本沼泽,0.5856,0.4775,0.7571,111
w5,D,16,湖河滩地,0.8485,0.918,0.7887,61
w5,D,21,不透水面,0.9167,0.9429,0.8919,70
w5,D,23,水体,0.9402,0.9016,0.9821,61
w5,D,1,草本旱地,0.7867,0.9055,0.6955,275
w5,D,3,灌溉耕地,0.0659,0.0361,0.375,83
w5,D,5,落叶阔叶林,0.8382,0.9182,0.771,110
w5,D,6,常绿针叶林,0.8333,0.9091,0.7692,11
w5,D,7,落叶针叶林,0.5897,0.5476,0.6389,42
w5,D,8,针阔混交林,0.4211,0.32,0.6154,25
w5,D,10,落叶灌丛,0.736,0.751,0.7216,245
w5,D,14,木本沼泽,0.6081,0.625,0.5921,72
w5,D,15,草本沼泽,0.6129,0.5135,0.76,111
w5,D,16,湖河滩地,0.8244,0.8852,0.7714,61
w5,D,21,不透水面,0.9306,0.9571,0.9054,70
w5,D,23,水体,0.9153,0.8852,0.9474,61
w5,D,1,草本旱地,0.7956,0.9127,0.7051,275
w5,D,3,灌溉耕地,0.0465,0.0241,0.6667,83
w5,D,5,落叶阔叶林,0.8167,0.8909,0.7538,110
w5,D,6,常绿针叶林,0.8696,0.9091,0.8333,11
w5,D,7,落叶针叶林,0.6234,0.5714,0.6857,42
w5,D,8,针阔混交林,0.4211,0.32,0.6154,25
w5,D,10,落叶灌丛,0.7362,0.7633,0.711,245
w5,D,14,木本沼泽,0.6184,0.6528,0.5875,72
w5,D,15,草本沼泽,0.5882,0.4955,0.7237,111
w5,D,16,湖河滩地,0.8372,0.8852,0.7941,61
w5,D,21,不透水面,0.9296,0.9429,0.9167,70
w5,D,23,水体,0.9244,0.9016,0.9483,61
w5,D,1,草本旱地,0.7792,0.8982,0.688,275
w5,D,3,灌溉耕地,0.0444,0.0241,0.2857,83
w5,D,5,落叶阔叶林,0.8299,0.9091,0.7634,110
w5,D,6,常绿针叶林,0.8333,0.9091,0.7692,11
w5,D,7,落叶针叶林,0.56,0.5,0.6364,42
w5,D,8,针阔混交林,0.4615,0.36,0.6429,25
w5,D,10,落叶灌丛,0.7335,0.7469,0.7205,245
w5,D,14,木本沼泽,0.6,0.625,0.5769,72
w5,D,15,草本沼泽,0.5745,0.4865,0.7013,111
w5,D,16,湖河滩地,0.8244,0.8852,0.7714,61
w5,D,21,不透水面,0.9306,0.9571,0.9054,70
w5,D,23,水体,0.9231,0.8852,0.9643,61
w5,D,1,草本旱地,0.7764,0.8836,0.6923,275
w5,D,3,灌溉耕地,0.0652,0.0361,0.3333,83
w5,D,5,落叶阔叶林,0.8264,0.9091,0.7576,110
w5,D,6,常绿针叶林,0.8,0.9091,0.7143,11
w5,D,7,落叶针叶林,0.5789,0.5238,0.6471,42
w5,D,8,针阔混交林,0.4615,0.36,0.6429,25
w5,D,10,落叶灌丛,0.7211,0.7388,0.7043,245
w5,D,14,木本沼泽,0.6316,0.6667,0.6,72
w5,D,15,草本沼泽,0.582,0.4955,0.7051,111
w5,D,16,湖河滩地,0.8217,0.8689,0.7794,61
w5,D,21,不透水面,0.9091,0.9286,0.8904,70
w5,D,23,水体,0.9231,0.8852,0.9643,61
w5,D,1,草本旱地,0.7803,0.8909,0.6941,275
w5,D,3,灌溉耕地,0.0435,0.0241,0.2222,83
w5,D,5,落叶阔叶林,0.8395,0.9273,0.7669,110
w5,D,6,常绿针叶林,0.8,0.9091,0.7143,11
w5,D,7,落叶针叶林,0.5205,0.4524,0.6129,42
w5,D,8,针阔混交林,0.45,0.36,0.6,25
w5,D,10,落叶灌丛,0.746,0.7551,0.7371,245
w5,D,14,木本沼泽,0.6323,0.6806,0.5904,72
w5,D,15,草本沼泽,0.6064,0.5135,0.7403,111
w5,D,16,湖河滩地,0.8308,0.8852,0.7826,61
w5,D,21,不透水面,0.9379,0.9714,0.9067,70
w5,D,23,水体,0.9231,0.8852,0.9643,61
w5,D,1,草本旱地,0.7816,0.8982,0.6919,275
w5,D,3,灌溉耕地,0.0444,0.0241,0.2857,83
w5,D,5,落叶阔叶林,0.8285,0.9,0.7674,110
w5,D,6,常绿针叶林,0.8,0.9091,0.7143,11
w5,D,7,落叶针叶林,0.5714,0.5238,0.6286,42
w5,D,8,针阔混交林,0.4737,0.36,0.6923,25
w5,D,10,落叶灌丛,0.7295,0.7429,0.7165,245
w5,D,14,木本沼泽,0.6026,0.6528,0.5595,72
w5,D,15,草本沼泽,0.5683,0.4685,0.7222,111
w5,D,16,湖河滩地,0.8397,0.9016,0.7857,61
w5,D,21,不透水面,0.9167,0.9429,0.8919,70
w5,D,23,水体,0.9322,0.9016,0.9649,61
w5,D,1,草本旱地,0.7823,0.9018,0.6908,275
w5,D,3,灌溉耕地,0.0455,0.0241,0.4,83
w5,D,5,落叶阔叶林,0.8313,0.9182,0.7594,110
w5,D,6,常绿针叶林,0.8333,0.9091,0.7692,11
w5,D,7,落叶针叶林,0.6053,0.5476,0.6765,42
w5,D,8,针阔混交林,0.3684,0.28,0.5385,25
w5,D,10,落叶灌丛,0.7339,0.7429,0.7251,245
w5,D,14,木本沼泽,0.6275,0.6667,0.5926,72
w5,D,15,草本沼泽,0.6096,0.5135,0.75,111
w5,D,16,湖河滩地,0.8271,0.9016,0.7639,61
w5,D,21,不透水面,0.9167,0.9429,0.8919,70
w5,D,23,水体,0.9138,0.8689,0.9636,61
w5,D,1,草本旱地,0.7778,0.8909,0.6901,275
w5,D,3,灌溉耕地,0.0889,0.0482,0.5714,83
w5,D,5,落叶阔叶林,0.8347,0.9182,0.7652,110
w5,D,6,常绿针叶林,0.8333,0.9091,0.7692,11
w5,D,7,落叶针叶林,0.56,0.5,0.6364,42
w5,D,8,针阔混交林,0.45,0.36,0.6,25
w5,D,10,落叶灌丛,0.7108,0.7224,0.6996,245
w5,D,14,木本沼泽,0.6323,0.6806,0.5904,72
w5,D,15,草本沼泽,0.5405,0.4505,0.6757,111
w5,D,16,湖河滩地,0.8244,0.8852,0.7714,61
w5,D,21,不透水面,0.9241,0.9571,0.8933,70
w5,D,23,水体,0.9231,0.8852,0.9643,61
w5,D,1,草本旱地,0.7867,0.9055,0.6955,275
w5,D,3,灌溉耕地,0.0455,0.0241,0.4,83
w5,D,5,落叶阔叶林,0.8299,0.9091,0.7634,110
w5,D,6,常绿针叶林,0.8,0.9091,0.7143,11
w5,D,7,落叶针叶林,0.5479,0.4762,0.6452,42
w5,D,8,针阔混交林,0.4211,0.32,0.6154,25
w5,D,10,落叶灌丛,0.7371,0.7551,0.7198,245
w5,D,14,木本沼泽,0.641,0.6944,0.5952,72
w5,D,15,草本沼泽,0.5824,0.4775,0.7465,111
w5,D,16,湖河滩地,0.8485,0.918,0.7887,61
w5,D,21,不透水面,0.9241,0.9571,0.8933,70
w5,D,23,水体,0.9402,0.9016,0.9821,61
w2,C,1,草本旱地,0.8148,0.8697,0.7664,1543
w2,C,2,乔灌园地,0.0,0.0,0.0,46
w2,C,3,灌溉耕地,0.7366,0.6583,0.836,480
w2,C,4,常绿阔叶林,0.8226,0.8443,0.8019,1175
w2,C,5,落叶阔叶林,0.84,0.8527,0.8278,1860
w2,C,6,常绿针叶林,0.8926,0.9002,0.8851,1172
w2,C,8,针阔混交林,0.0,0.0,0.0,1
w2,C,9,常绿灌丛,0.0,0.0,0.0,60
w2,C,10,落叶灌丛,0.7909,0.7927,0.7892,2446
w2,C,11,草地,0.7638,0.6568,0.9124,539
w2,C,15,草本沼泽,0.0,0.0,0.0,12
w2,C,16,湖河滩地,0.6957,0.5854,0.8571,41
w2,C,21,不透水面,0.9745,0.9885,0.9609,869
w2,C,23,水体,0.9535,0.9606,0.9466,203
w2,C,1,草本旱地,0.8177,0.8762,0.7664,1543
w2,C,2,乔灌园地,0.0,0.0,0.0,46
w2,C,3,灌溉耕地,0.7245,0.6438,0.8284,480
w2,C,4,常绿阔叶林,0.818,0.8417,0.7957,1175
w2,C,5,落叶阔叶林,0.838,0.8398,0.8362,1860
w2,C,6,常绿针叶林,0.8912,0.8985,0.8841,1172
w2,C,8,针阔混交林,0.0,0.0,0.0,1
w2,C,9,常绿灌丛,0.0,0.0,0.0,60
w2,C,10,落叶灌丛,0.798,0.805,0.7911,2446
w2,C,11,草地,0.7717,0.6679,0.9137,539
w2,C,15,草本沼泽,0.0,0.0,0.0,12
w2,C,16,湖河滩地,0.7059,0.5854,0.8889,41
w2,C,21,不透水面,0.9722,0.9873,0.9576,869
w2,C,23,水体,0.963,0.9606,0.9653,203
w2,C,1,草本旱地,0.8117,0.8717,0.7595,1543
w2,C,2,乔灌园地,0.0,0.0,0.0,46
w2,C,3,灌溉耕地,0.7175,0.6271,0.8384,480
w2,C,4,常绿阔叶林,0.8286,0.8579,0.8013,1175
w2,C,5,落叶阔叶林,0.8444,0.8462,0.8426,1860
w2,C,6,常绿针叶林,0.8963,0.9036,0.8892,1172
w2,C,8,针阔混交林,0.0,0.0,0.0,1
w2,C,9,常绿灌丛,0.0,0.0,0.0,60
w2,C,10,落叶灌丛,0.7961,0.8038,0.7886,2446
w2,C,11,草地,0.7641,0.6549,0.9169,539
w2,C,15,草本沼泽,0.0,0.0,0.0,12
w2,C,16,湖河滩地,0.6765,0.561,0.8519,41
w2,C,21,不透水面,0.9733,0.9862,0.9608,869
w2,C,23,水体,0.9557,0.9557,0.9557,203
w5,C,1,草本旱地,0.7853,0.8909,0.702,275
w5,C,3,灌溉耕地,0.0225,0.012,0.1667,83
w5,C,5,落叶阔叶林,0.8374,0.9364,0.7574,110
w5,C,6,常绿针叶林,0.8696,0.9091,0.8333,11
w5,C,7,落叶针叶林,0.6027,0.5238,0.7097,42
w5,C,8,针阔混交林,0.4865,0.36,0.75,25
w5,C,10,落叶灌丛,0.7419,0.751,0.7331,245
w5,C,14,木本沼泽,0.642,0.7222,0.5778,72
w5,C,15,草本沼泽,0.6,0.5135,0.7215,111
w5,C,16,湖河滩地,0.8527,0.9016,0.8088,61
w5,C,21,不透水面,0.9231,0.9429,0.9041,70
w5,C,23,水体,0.95,0.9344,0.9661,61
w5,C,1,草本旱地,0.7848,0.9018,0.6947,275
w5,C,3,灌溉耕地,0.023,0.012,0.25,83
w5,C,5,落叶阔叶林,0.8313,0.9182,0.7594,110
w5,C,6,常绿针叶林,0.8696,0.9091,0.8333,11
w5,C,7,落叶针叶林,0.6301,0.5476,0.7419,42
w5,C,8,针阔混交林,0.4737,0.36,0.6923,25
w5,C,10,落叶灌丛,0.7375,0.751,0.7244,245
w5,C,14,木本沼泽,0.6364,0.6806,0.5976,72
w5,C,15,草本沼泽,0.5938,0.5135,0.7037,111
w5,C,16,湖河滩地,0.8702,0.9344,0.8143,61
w5,C,21,不透水面,0.9362,0.9429,0.9296,70
w5,C,23,水体,0.9412,0.918,0.9655,61
w5,C,1,草本旱地,0.7861,0.9018,0.6966,275
w5,C,3,灌溉耕地,0.0233,0.012,0.3333,83
w5,C,5,落叶阔叶林,0.8279,0.9182,0.7537,110
w5,C,6,常绿针叶林,0.8,0.9091,0.7143,11
w5,C,7,落叶针叶林,0.5075,0.4048,0.68,42
w5,C,8,针阔混交林,0.4615,0.36,0.6429,25
w5,C,10,落叶灌丛,0.7229,0.7347,0.7115,245
w5,C,14,木本沼泽,0.6242,0.6806,0.5765,72
w5,C,15,草本沼泽,0.6082,0.5315,0.7108,111
w5,C,16,湖河滩地,0.8438,0.8852,0.806,61
w5,C,21,不透水面,0.9028,0.9286,0.8784,70
w5,C,23,水体,0.9412,0.918,0.9655,61
w1,Dvote,1,草本旱地,0.8402,0.8717,0.8109,1948
w1,Dvote,3,灌溉耕地,0.7897,0.7352,0.853,1484
w1,Dvote,5,落叶阔叶林,0.7546,0.7603,0.7491,267
w1,Dvote,6,常绿针叶林,0.8129,0.8077,0.8182,78
w1,Dvote,7,落叶针叶林,0.7308,0.709,0.754,134
w1,Dvote,8,针阔混交林,0.0,0.0,0.0,8
w1,Dvote,10,落叶灌丛,0.8742,0.9093,0.8417,2216
w1,Dvote,11,草地,0.8818,0.8449,0.9222,477
w1,Dvote,13,稀疏植被,0.0,0.0,0.0,1
w1,Dvote,15,草本沼泽,0.6937,0.5876,0.8465,291
w1,Dvote,16,湖河滩地,0.8108,0.7947,0.8276,151
w1,Dvote,17,盐渍湿地,0.0,0.0,0.0,7
w1,Dvote,21,不透水面,0.9794,0.9902,0.9688,1534
w1,Dvote,22,裸地,0.8757,0.8222,0.9367,90
w1,Dvote,23,水体,0.9597,0.9781,0.942,365
w1,Dvote,1,草本旱地,0.8414,0.8676,0.8168,1948
w1,Dvote,3,灌溉耕地,0.7983,0.7507,0.8523,1484
w1,Dvote,5,落叶阔叶林,0.7621,0.7678,0.7565,267
w1,Dvote,6,常绿针叶林,0.8199,0.8462,0.7952,78
w1,Dvote,7,落叶针叶林,0.7402,0.7015,0.7833,134
w1,Dvote,8,针阔混交林,0.0,0.0,0.0,8
w1,Dvote,10,落叶灌丛,0.8776,0.9143,0.8438,2216
w1,Dvote,11,草地,0.8862,0.8491,0.9268,477
w1,Dvote,13,稀疏植被,0.0,0.0,0.0,1
w1,Dvote,15,草本沼泽,0.7076,0.5945,0.8737,291
w1,Dvote,16,湖河滩地,0.8188,0.8079,0.8299,151
w1,Dvote,17,盐渍湿地,0.0,0.0,0.0,7
w1,Dvote,21,不透水面,0.9797,0.9896,0.97,1534
w1,Dvote,22,裸地,0.8675,0.8,0.9474,90
w1,Dvote,23,水体,0.9623,0.9781,0.9469,365
w1,Dvote,1,草本旱地,0.8385,0.8691,0.81,1948
w1,Dvote,3,灌溉耕地,0.7918,0.7406,0.8506,1484
w1,Dvote,5,落叶阔叶林,0.7528,0.7528,0.7528,267
w1,Dvote,6,常绿针叶林,0.8171,0.859,0.7791,78
w1,Dvote,7,落叶针叶林,0.7402,0.7015,0.7833,134
w1,Dvote,8,针阔混交林,0.0,0.0,0.0,8
w1,Dvote,10,落叶灌丛,0.8738,0.9111,0.8395,2216
w1,Dvote,11,草地,0.8872,0.8407,0.9391,477
w1,Dvote,13,稀疏植被,0.0,0.0,0.0,1
w1,Dvote,15,草本沼泽,0.6914,0.5773,0.8615,291
w1,Dvote,16,湖河滩地,0.8095,0.7881,0.8322,151
w1,Dvote,17,盐渍湿地,0.0,0.0,0.0,7
w1,Dvote,21,不透水面,0.979,0.9896,0.9687,1534
w1,Dvote,22,裸地,0.8639,0.8111,0.9241,90
w1,Dvote,23,水体,0.9611,0.9808,0.9421,365
w2,Dvote,1,草本旱地,0.8121,0.882,0.7523,1543
w2,Dvote,2,乔灌园地,0.0,0.0,0.0,46
w2,Dvote,3,灌溉耕地,0.7161,0.6333,0.8238,480
w2,Dvote,4,常绿阔叶林,0.8311,0.863,0.8016,1175
w2,Dvote,5,落叶阔叶林,0.8359,0.8602,0.813,1860
w2,Dvote,6,常绿针叶林,0.902,0.8993,0.9047,1172
w2,Dvote,8,针阔混交林,0.0,0.0,0.0,1
w2,Dvote,9,常绿灌丛,0.0,0.0,0.0,60
w2,Dvote,10,落叶灌丛,0.7703,0.758,0.7829,2446
w2,Dvote,11,草地,0.7579,0.6475,0.9136,539
w2,Dvote,15,草本沼泽,0.0,0.0,0.0,12
w2,Dvote,16,湖河滩地,0.6032,0.4634,0.8636,41
w2,Dvote,21,不透水面,0.9722,0.9873,0.9576,869
w2,Dvote,23,水体,0.9458,0.9458,0.9458,203
w2,Dvote,1,草本旱地,0.8132,0.8859,0.7515,1543
w2,Dvote,2,乔灌园地,0.0,0.0,0.0,46
w2,Dvote,3,灌溉耕地,0.7172,0.6312,0.8301,480
w2,Dvote,4,常绿阔叶林,0.8333,0.8638,0.8049,1175
w2,Dvote,5,落叶阔叶林,0.8357,0.8575,0.815,1860
w2,Dvote,6,常绿针叶林,0.9011,0.9019,0.9003,1172
w2,Dvote,8,针阔混交林,0.0,0.0,0.0,1
w2,Dvote,9,常绿灌丛,0.0,0.0,0.0,60
w2,Dvote,10,落叶灌丛,0.7684,0.7563,0.7809,2446
w2,Dvote,11,草地,0.7486,0.6382,0.9053,539
w2,Dvote,15,草本沼泽,0.0,0.0,0.0,12
w2,Dvote,16,湖河滩地,0.5758,0.4634,0.76,41
w2,Dvote,21,不透水面,0.9733,0.9873,0.9597,869
w2,Dvote,23,水体,0.9458,0.9458,0.9458,203
w2,Dvote,1,草本旱地,0.8085,0.8782,0.749,1543
w2,Dvote,2,乔灌园地,0.0,0.0,0.0,46
w2,Dvote,3,灌溉耕地,0.7217,0.6375,0.8315,480
w2,Dvote,4,常绿阔叶林,0.8288,0.857,0.8024,1175
w2,Dvote,5,落叶阔叶林,0.8341,0.857,0.8124,1860
w2,Dvote,6,常绿针叶林,0.8983,0.901,0.8957,1172
w2,Dvote,8,针阔混交林,0.0,0.0,0.0,1
w2,Dvote,9,常绿灌丛,0.0,0.0,0.0,60
w2,Dvote,10,落叶灌丛,0.7667,0.7551,0.7787,2446
w2,Dvote,11,草地,0.7438,0.6382,0.8912,539
w2,Dvote,15,草本沼泽,0.0,0.0,0.0,12
w2,Dvote,16,湖河滩地,0.5263,0.3659,0.9375,41
w2,Dvote,21,不透水面,0.9739,0.9873,0.9608,869
w2,Dvote,23,水体,0.9415,0.9507,0.9324,203
w3,Dvote,1,草本旱地,0.6021,0.6662,0.5493,2283
w3,Dvote,2,乔灌园地,0.0,0.0,0.0,83
w3,Dvote,3,灌溉耕地,0.8463,0.8441,0.8484,1989
w3,Dvote,4,常绿阔叶林,0.7847,0.8774,0.7097,4006
w3,Dvote,5,落叶阔叶林,0.5102,0.3986,0.7085,878
w3,Dvote,6,常绿针叶林,0.8233,0.8081,0.839,2444
w3,Dvote,9,常绿灌丛,0.5685,0.4989,0.6608,3069
w3,Dvote,10,落叶灌丛,0.6956,0.6905,0.7008,4336
w3,Dvote,11,草地,0.0,0.0,0.0,23
w3,Dvote,15,草本沼泽,0.6303,0.5474,0.7429,95
w3,Dvote,16,湖河滩地,0.6377,0.4681,1.0,47
w3,Dvote,19,海岸盐沼,0.0,0.0,0.0,2
w3,Dvote,20,潮滩,0.0,0.0,0.0,2
w3,Dvote,21,不透水面,0.9827,0.9886,0.9768,1835
w3,Dvote,23,水体,0.9806,0.9832,0.978,951
w3,Dvote,1,草本旱地,0.5994,0.6667,0.5445,2283
w3,Dvote,2,乔灌园地,0.0,0.0,0.0,83
w3,Dvote,3,灌溉耕地,0.8496,0.8462,0.853,1989
w3,Dvote,4,常绿阔叶林,0.7878,0.8797,0.7132,4006
w3,Dvote,5,落叶阔叶林,0.5141,0.4043,0.7058,878
w3,Dvote,6,常绿针叶林,0.8212,0.8044,0.8387,2444
w3,Dvote,9,常绿灌丛,0.5672,0.494,0.6658,3069
w3,Dvote,10,落叶灌丛,0.6973,0.6946,0.7,4336
w3,Dvote,11,草地,0.0,0.0,0.0,23
w3,Dvote,15,草本沼泽,0.6182,0.5368,0.7286,95
w3,Dvote,16,湖河滩地,0.5672,0.4043,0.95,47
w3,Dvote,19,海岸盐沼,0.0,0.0,0.0,2
w3,Dvote,20,潮滩,0.0,0.0,0.0,2
w3,Dvote,21,不透水面,0.9832,0.9891,0.9774,1835
w3,Dvote,23,水体,0.9796,0.9842,0.975,951
w3,Dvote,1,草本旱地,0.5952,0.6557,0.545,2283
w3,Dvote,2,乔灌园地,0.0,0.0,0.0,83
w3,Dvote,3,灌溉耕地,0.8454,0.8396,0.8512,1989
w3,Dvote,4,常绿阔叶林,0.7878,0.8792,0.7137,4006
w3,Dvote,5,落叶阔叶林,0.5066,0.3941,0.709,878
w3,Dvote,6,常绿针叶林,0.8253,0.8069,0.8445,2444
w3,Dvote,9,常绿灌丛,0.5703,0.4985,0.6661,3069
w3,Dvote,10,落叶灌丛,0.6995,0.703,0.696,4336
w3,Dvote,11,草地,0.0,0.0,0.0,23
w3,Dvote,15,草本沼泽,0.589,0.5053,0.7059,95
w3,Dvote,16,湖河滩地,0.5312,0.3617,1.0,47
w3,Dvote,19,海岸盐沼,0.0,0.0,0.0,2
w3,Dvote,20,潮滩,0.0,0.0,0.0,2
w3,Dvote,21,不透水面,0.9832,0.9896,0.9769,1835
w3,Dvote,23,水体,0.9785,0.9811,0.9759,951
w4,Dvote,1,草本旱地,0.8738,0.9188,0.8329,1096
w4,Dvote,2,乔灌园地,0.0,0.0,0.0,3
w4,Dvote,3,灌溉耕地,0.3571,0.2273,0.8333,66
w4,Dvote,5,落叶阔叶林,0.8211,0.8014,0.8417,146
w4,Dvote,6,常绿针叶林,0.8552,0.8901,0.823,282
w4,Dvote,9,常绿灌丛,0.4762,0.3333,0.8333,60
w4,Dvote,10,落叶灌丛,0.7962,0.8639,0.7384,2718
w4,Dvote,11,草地,0.8247,0.7857,0.8678,1353
w4,Dvote,13,稀疏植被,0.4726,0.3406,0.7719,596
w4,Dvote,15,草本沼泽,0.4198,0.3091,0.6538,55
w4,Dvote,16,湖河滩地,0.8211,0.8254,0.8168,189
w4,Dvote,21,不透水面,0.9547,0.9743,0.9358,389
w4,Dvote,22,裸地,0.9144,0.9109,0.9181,3579
w4,Dvote,23,水体,0.908,0.9162,0.9,167
w4,Dvote,24,永久冰雪,0.5333,0.3636,1.0,11
w4,Dvote,1,草本旱地,0.8697,0.9197,0.8249,1096
w4,Dvote,2,乔灌园地,0.0,0.0,0.0,3
w4,Dvote,3,灌溉耕地,0.3373,0.2121,0.8235,66
w4,Dvote,5,落叶阔叶林,0.8239,0.8014,0.8478,146
w4,Dvote,6,常绿针叶林,0.845,0.8794,0.8131,282
w4,Dvote,9,常绿灌丛,0.4286,0.3,0.75,60
w4,Dvote,10,落叶灌丛,0.7953,0.8613,0.7387,2718
w4,Dvote,11,草地,0.8198,0.782,0.8616,1353
w4,Dvote,13,稀疏植被,0.4699,0.3406,0.7575,596
w4,Dvote,15,草本沼泽,0.4054,0.2727,0.7895,55
w4,Dvote,16,湖河滩地,0.8127,0.8148,0.8105,189
w4,Dvote,21,不透水面,0.9484,0.9692,0.9286,389
w4,Dvote,22,裸地,0.9164,0.9128,0.92,3579
w4,Dvote,23,水体,0.9021,0.9102,0.8941,167
w4,Dvote,24,永久冰雪,0.4286,0.2727,1.0,11
w4,Dvote,1,草本旱地,0.8737,0.9279,0.8255,1096
w4,Dvote,2,乔灌园地,0.0,0.0,0.0,3
w4,Dvote,3,灌溉耕地,0.3457,0.2121,0.9333,66
w4,Dvote,5,落叶阔叶林,0.8114,0.7808,0.8444,146
w4,Dvote,6,常绿针叶林,0.8435,0.8794,0.8105,282
w4,Dvote,9,常绿灌丛,0.4884,0.35,0.8077,60
w4,Dvote,10,落叶灌丛,0.7973,0.8613,0.7422,2718
w4,Dvote,11,草地,0.8222,0.7827,0.8659,1353
w4,Dvote,13,稀疏植被,0.4803,0.3473,0.7782,596
w4,Dvote,15,草本沼泽,0.4267,0.2909,0.8,55
w4,Dvote,16,湖河滩地,0.8217,0.8413,0.803,189
w4,Dvote,21,不透水面,0.9571,0.9743,0.9404,389
w4,Dvote,22,裸地,0.9166,0.9139,0.9193,3579
w4,Dvote,23,水体,0.9107,0.9162,0.9053,167
w4,Dvote,24,永久冰雪,0.625,0.4545,1.0,11
w5,Dvote,1,草本旱地,0.7862,0.9091,0.6925,275
w5,Dvote,3,灌溉耕地,0.0455,0.0241,0.4,83
w5,Dvote,5,落叶阔叶林,0.8299,0.9091,0.7634,110
w5,Dvote,6,常绿针叶林,0.8,0.9091,0.7143,11
w5,Dvote,7,落叶针叶林,0.5789,0.5238,0.6471,42
w5,Dvote,8,针阔混交林,0.4211,0.32,0.6154,25
w5,Dvote,10,落叶灌丛,0.7258,0.7347,0.7171,245
w5,Dvote,14,木本沼泽,0.6013,0.6389,0.5679,72
w5,Dvote,15,草本沼泽,0.573,0.4775,0.7162,111
w5,Dvote,16,湖河滩地,0.8333,0.9016,0.7746,61
w5,Dvote,21,不透水面,0.9241,0.9571,0.8933,70
w5,Dvote,23,水体,0.9231,0.8852,0.9643,61
w5,Dvote,1,草本旱地,0.7843,0.9055,0.6917,275
w5,Dvote,3,灌溉耕地,0.023,0.012,0.25,83
w5,Dvote,5,落叶阔叶林,0.8264,0.9091,0.7576,110
w5,Dvote,6,常绿针叶林,0.8333,0.9091,0.7692,11
w5,Dvote,7,落叶针叶林,0.5974,0.5476,0.6571,42
w5,Dvote,8,针阔混交林,0.4615,0.36,0.6429,25
w5,Dvote,10,落叶灌丛,0.7415,0.7551,0.7283,245
w5,Dvote,14,木本沼泽,0.6053,0.6389,0.575,72
w5,Dvote,15,草本沼泽,0.5946,0.4955,0.7432,111
w5,Dvote,16,湖河滩地,0.8244,0.8852,0.7714,61
w5,Dvote,21,不透水面,0.9306,0.9571,0.9054,70
w5,Dvote,23,水体,0.9231,0.8852,0.9643,61
w5,Dvote,1,草本旱地,0.7836,0.9018,0.6927,275
w5,Dvote,3,灌溉耕地,0.0455,0.0241,0.4,83
w5,Dvote,5,落叶阔叶林,0.8347,0.9182,0.7652,110
w5,Dvote,6,常绿针叶林,0.8,0.9091,0.7143,11
w5,Dvote,7,落叶针叶林,0.5526,0.5,0.6176,42
w5,Dvote,8,针阔混交林,0.4103,0.32,0.5714,25
w5,Dvote,10,落叶灌丛,0.7349,0.7469,0.7233,245
w5,Dvote,14,木本沼泽,0.6282,0.6806,0.5833,72
w5,Dvote,15,草本沼泽,0.5635,0.4595,0.7286,111
w5,Dvote,16,湖河滩地,0.8333,0.9016,0.7746,61
w5,Dvote,21,不透水面,0.9241,0.9571,0.8933,70
w5,Dvote,23,水体,0.9231,0.8852,0.9643,61
